score,year,make,model,trim,price,net_cost_8mo,accidents,one_owner,carfax_url,loss_private,loss_instant,expected_repairs,fees,miles,miles_at_sale,liquidity,expected_price,under_market,color,body,seller_type,dealer,city,source,reliability,complaints,recalls,first_seen,days_listed,price_drop,is_new,url,reliability_note
80.7,2017,Nissan,Versa,1.6 SL 4dr Sedan (1.6L 4cyl CVT),8995,5147,0,False,https://www.carfax.com/VehicleHistory/p/Report.cfx?vin=3N1CN7AP8HL821318&partner=FRD_2,2687,4013,404,1058,53775,61775,0.75,11031,2036,Blue,sedan,dealer,North County Auto,Oceanside,auto.dev,74.0,62,3,2026-09-20,7,0,False,https://www.northcountyautosales.com/cars-for-sale/Details/17e32bd9-e312-41d0-8e78-038af91b3831,Nissan CVT history - replacement can exceed the car's value
80.5,2016,Hyundai,Elantra,Value Edition 4dr Sedan (1.8L 4cyl 6A),8479,5424,,False,https://www.carfax.com/VehicleHistory/p/Report.cfx?vin=5NPDH4AE2GH711353&partner=FRD_2,2843,4040,464,1014,78972,86972,0.6900000000000001,10182,1703,White,sedan,dealer,Auto Max Inc,San Diego,auto.dev,85.4,292,2,2026-09-20,7,0,False,https://www.autolist.com/hyundai-elantra#vin=5NPDH4AE2GH711353,
78.2,2017,Kia,Rio,LX 4dr Sedan (1.6L 4cyl 6M),6565,4702,0,False,https://www.carfax.com/VehicleHistory/p/Report.cfx?vin=KNADM4A36H6021558&partner=FRD_2,2118,3231,578,853,106000,114000,0.6000000000000001,7379,814,White,sedan,dealer,TMT Motors,San Diego,auto.dev,78.1,31,2,2026-09-20,7,0,False,https://www.carfax.com/vehicle/KNADM4A36H6021558,
77.6,2021,Kia,Rio,LX 4dr Sedan (1.6L 4cyl CVT),10999,5562,0,False,https://www.carfax.com/VehicleHistory/p/Report.cfx?vin=3KPA24AD3ME393318&partner=FRD_2,3276,4618,220,1226,40974,48974,0.75,13755,2756,Blue,sedan,dealer,Temecula Safi Motors,Temecula,auto.dev,87.2,15,2,2026-09-20,7,0,False,https://www.carfax.com/vehicle/3KPA24AD3ME393318,
77.5,2018,Nissan,Versa,1.6 S Plus 4dr Sedan w/Prod. End 04/18 (1.6L 4cyl CVT),7762,5410,1,False,https://www.carfax.com/VehicleHistory/p/Report.cfx?vin=3N1CN7AP2JL878667&partner=FRD_2,3156,3990,481,954,85065,93065,0.6900000000000001,9906,2144,Unspecified,sedan,dealer,ZEE Auto Consulting LLC,San Diego,auto.dev,72.5,55,2,2026-09-20,7,0,False,https://www.carfax.com/vehicle/3N1CN7AP2JL878667,Nissan CVT history - replacement can exceed the car's value
76.5,2018,Kia,Soul,4dr Wagon (1.6L 4cyl 6M),10048,5649,,False,https://www.carfax.com/VehicleHistory/p/Report.cfx?vin=KNDJN2A29J7581461&partner=FRD_2,3053,4274,463,1146,84068,92068,0.6900000000000001,11173,1125,White,hatchback,dealer,National City Automaxx,National City,auto.dev,75.5,218,1,2026-09-20,7,0,False,https://www.autolist.com/kia-soul#vin=KNDJN2A29J7581461,
75.3,2020,Kia,Forte,LXS 4dr Sedan (2.0L 4cyl CVT),10855,5818,0,True,https://www.carfax.com/VehicleHistory/p/Report.cfx?vin=3KPF24AD6LE191335&partner=FRD_2,3242,4566,376,1214,84227,92227,0.6900000000000001,12963,2108,White,sedan,dealer,Premier Kia Carlsbad,Carlsbad,auto.dev,78.8,76,,2026-09-20,7,1213,False,https://www.carfax.com/vehicle/3KPF24AD6LE191335,
75.1,2020,Hyundai,Veloster,2.0 Premium 3dr Hatchback (2.0L 4cyl 6A),9999,6053,0,False,https://www.carfax.com/VehicleHistory/p/Report.cfx?vin=KMHTG6AFXLU022109&partner=FRD_2,3042,4500,417,1142,108805,116805,0.6000000000000001,12940,2941,Chalk White,hatchback,dealer,Baldwin Auto Sales,Escondido,auto.dev,90.9,24,1,2026-09-20,7,0,False,https://www.autolist.com/hyundai-veloster#vin=KMHTG6AFXLU022109,
74.8,2016,Volkswagen,Jetta,1.4T S w/Technology 4dr Sedan (1.4L 4cyl Turbo 6A),9885,5944,0,False,https://www.carfax.com/VehicleHistory/p/Report.cfx?vin=3VW267AJ1GM380932&partner=FRD_2,3015,4455,496,1132,67846,75846,0.75,12105,2220,Black,sedan,dealer,West Coast Auto Finance,San Marcos,auto.dev,69.7,161,5,2026-09-20,7,0,False,https://www.autolist.com/volkswagen-jetta#vin=3VW267AJ1GM380932,Pre-MQB: timing-chain tensioner history
74.6,2018,Honda,Civic,LX 4dr Sedan (2.0L 4cyl CVT),10050,5569,,False,https://www.carfax.com/VehicleHistory/p/Report.cfx?vin=2HGFC2F55JH609244&partner=FRD_2,3054,4275,419,1146,56000,64000,0.75,18364,8314,White,sedan,dealer,Clean Auto Sales ,Escondido,auto.dev,59.6,598,6,2026-09-20,7,0,False,https://www.autolist.com/honda-civic#vin=2HGFC2F55JH609244,1.5L turbo oil dilution - warm climate helps; confirm it is not the turbo trim
74.0,2016,Hyundai,Elantra,Value Edition 4dr Sedan (1.8L 4cyl 6A),9413,5646,0,False,https://www.carfax.com/VehicleHistory/p/Report.cfx?vin=KMHDH4AE2GU583746&partner=FRD_2,2905,4273,512,1093,91443,99443,0.6900000000000001,9567,154,Silver,sedan,dealer,Toyota Carlsbad,Carlsbad,auto.dev,85.4,292,2,2026-09-20,7,0,False,https://toyotacarlsbad.com/used/Hyundai/2016-Hyundai-Elantra-91213427ac180edff824bb3bbfc4caaa.htm,
73.9,2021,Nissan,Versa,S 4dr Sedan (1.6L 4cyl 5M),8499,5441,0,True,https://www.carfax.com/VehicleHistory/p/Report.cfx?vin=3N1CN8BV0ML852625&partner=FRD_2,2571,4099,470,1016,124163,132163,0.46499999999999997,9727,1228,Super Black,sedan,dealer,Siry Auto,San Diego,auto.dev,85.4,31,3,2026-09-20,7,500,False,https://www.autolist.com/nissan-versa#vin=3N1CN8BV0ML852625,Nissan CVT history - replacement can exceed the car's value (improved 2020 redesign)
73.1,2019,Nissan,Versa,S 4dr Sedan (1.6L 4cyl 5M),8995,5874,1,False,https://www.carfax.com/VehicleHistory/p/Report.cfx?vin=3N1CN7AP3KL874855&partner=FRD_2,3571,4543,439,1058,89859,97859,0.6900000000000001,10327,1332,Silver,sedan,dealer,Prime Auto Imports,San Diego,auto.dev,78.0,24,1,2026-09-20,7,0,False,https://www.carfax.com/vehicle/3N1CN7AP3KL874855,Nissan CVT history - replacement can exceed the car's value
73.0,2019,Kia,Soul,! 4dr Wagon (1.6L 4cyl Turbo 7AM),11485,6024,,False,https://www.carfax.com/VehicleHistory/p/Report.cfx?vin=KNDJX3AA1K7642276&partner=FRD_2,3390,4794,381,1267,84170,92170,0.6900000000000001,11821,336,Gray,hatchback,dealer,SIRY MOTORS,San Diego,auto.dev,86.1,136,1,2026-09-20,7,0,False,https://www.autolist.com/kia-soul#vin=KNDJX3AA1K7642276,
72.5,2020,Volkswagen,Jetta,R-Line SULEV 4dr Sedan (1.4L 4cyl Turbo 8A),12084,6352,0,False,https://www.carfax.com/VehicleHistory/p/Report.cfx?vin=3VWC57BU1LM093665&partner=FRD_2,3530,5010,320,1317,85328,93328,0.6900000000000001,13663,1579,Black,sedan,dealer,Honor GMC,National City,auto.dev,94.3,52,6,2026-09-20,7,0,False,https://honorgmc.com/inventory/Used-2020-Volkswagen-Jetta-1_4T_S-3VWC57BU1LM093665,
72.0,2016,Kia,Forte,EX 4dr Sedan (2.0L 4cyl 6A),4999,5259,1,False,https://www.carfax.com/VehicleHistory/p/Report.cfx?vin=KNAFZ4A83G5574419&partner=FRD_2,2543,3337,774,722,118148,126148,0.46499999999999997,7716,2717,Unspecified,sedan,dealer,West Auto Hub LLC,San Diego,auto.dev,62.1,3,1,2026-09-20,7,0,False,https://www.carfax.com/vehicle/KNAFZ4A83G5574419,"only 3 NHTSA records against a model median of 72 - treated as a data gap, not a clean year"
71.7,2016,Hyundai,Elantra,Value Edition 4dr Sedan (1.8L 4cyl 6A),10065,6084,0,False,https://www.carfax.com/VehicleHistory/p/Report.cfx?vin=5NPDH4AE9GH709695&partner=FRD_2,3383,4792,445,1147,73953,81953,0.6900000000000001,10429,364,Silver,sedan,dealer,Vista Auto Sales,Vista,auto.dev,85.4,292,2,2026-09-20,7,0,False,https://www.carfax.com/vehicle/5NPDH4AE9GH709695,
71.4,2022,Hyundai,Elantra,SE 4dr Sedan (2.0L 4cyl CVT),12598,6580,0,False,https://www.carfax.com/VehicleHistory/p/Report.cfx?vin=5NPLL4AG8NH056916&partner=FRD_2,3650,5505,298,1360,102988,110988,0.6000000000000001,15004,2406,White,sedan,dealer,Top Notch Auto Sales,Temecula,auto.dev,100.0,101,5,2026-09-20,7,397,False,https://www.tna.la/pre-owned-cars/detail/x/1505557,
71.4,2017,Kia,Soul,4dr Wagon (1.6L 4cyl 6A),4900,5129,,False,https://www.carfax.com/VehicleHistory/p/Report.cfx?vin=KNDJN2A20H7881769&partner=FRD_2,1729,3089,885,714,165453,173453,0.26249999999999996,5446,546,Green,hatchback,dealer,Trinity Truck and SUV,El Cajon,auto.dev,70.9,272,1,2026-09-25,2,0,False,https://www.autolist.com/kia-soul#vin=KNDJN2A20H7881769,
71.2,2018,Nissan,Kicks,S 4dr Hatchback (1.6L 4cyl CVT),8925,6108,1,False,https://www.carfax.com/VehicleHistory/p/Report.cfx?vin=3N1CP5CU2JL520664&partner=FRD_2,3548,4512,596,1052,91100,99100,0.6900000000000001,11099,2174,Unspecified,hatchback,dealer,West Auto Hub LLC,San Diego,auto.dev,54.6,85,1,2026-09-24,3,70,False,https://www.autolist.com/nissan-kicks#vin=3N1CP5CU2JL520664,Nissan CVT history - replacement can exceed the car's value
71.0,2019,Hyundai,Elantra,Value Edition 4dr Sedan (2.0L 4cyl 6A),8995,6240,1,False,https://www.carfax.com/VehicleHistory/p/Report.cfx?vin=5NPD84LF0KH436211&partner=FRD_2,3571,4738,519,1058,104250,112250,0.6000000000000001,11939,2944,Blue,sedan,dealer,Easy Go Auto Sales,San Marcos,auto.dev,74.0,250,1,2026-09-20,7,0,False,https://www.carfax.com/vehicle/5NPD84LF0KH436211,
70.9,2016,Kia,Forte,LX 4dr Sedan (1.8L 4cyl 6M),9489,5640,0,False,https://www.carfax.com/VehicleHistory/p/Report.cfx?vin=KNAFK4A68G5613119&partner=FRD_2,2922,4302,522,1099,65859,73859,0.75,9816,327,Gray,sedan,dealer,VIP Autos,San Diego,auto.dev,62.1,3,1,2026-09-20,7,0,False,https://www.carfax.com/vehicle/KNAFK4A68G5613119,"only 3 NHTSA records against a model median of 72 - treated as a data gap, not a clean year"
69.4,2016,Subaru,Crosstrek,2.0i Premium PZEV 4dr SUV AWD (2.0L 4cyl 5M),9450,6033,,False,https://www.carfax.com/VehicleHistory/p/Report.cfx?vin=JF2GPABC6G9277430&partner=FRD_2,2914,4516,665,1096,104155,112155,0.6000000000000001,13275,3825,Black,small_suv,dealer,Ameer Autos,San Diego,auto.dev,68.8,131,1,2026-09-20,7,0,False,https://www.autolist.com/subaru-xv+crosstrek#vin=JF2GPABC6G9277430,FB-series oil consumption; check consumption history
69.4,2020,Kia,Forte,FE 4dr Sedan (2.0L 4cyl 6M),9080,6616,1,False,https://www.carfax.com/VehicleHistory/p/Report.cfx?vin=3KPF24AD8LE175475&partner=FRD_2,4092,5181,429,1065,97071,105071,0.6000000000000001,12447,3367,Silver,sedan,dealer,Guardians Auto,Lemon Grove,auto.dev,78.8,76,,2026-09-20,7,0,False,https://www.autolist.com/kia-forte#vin=3KPF24AD8LE175475,
69.3,2017,Volkswagen,Jetta,1.4T S 4dr Sedan (1.4L 4cyl Turbo 6A),10105,6126,,False,https://www.carfax.com/VehicleHistory/p/Report.cfx?vin=3VW2B7AJ9HM290408&partner=FRD_2,3067,4541,561,1151,90386,98386,0.6900000000000001,11234,1129,Black,sedan,dealer,Anytime 2Buy Auto LLC,Oceanside,auto.dev,69.0,159,7,2026-09-20,7,0,False,https://www.autolist.com/volkswagen-jetta#vin=3VW2B7AJ9HM290408,Pre-MQB: timing-chain tensioner history
69.1,2016,Subaru,Impreza,2.0i PZEV 4dr Hatchback AWD (2.0L 4cyl CVT),9977,6258,,False,https://www.carfax.com/VehicleHistory/p/Report.cfx?vin=JF1GPAA69GH216921&partner=FRD_2,3037,4733,701,1140,103396,111396,0.6000000000000001,12310,2333,Blue,hatchback,dealer,Carco Sales & Finance,Poway,auto.dev,62.4,75,1,2026-09-20,7,0,False,https://www.autolist.com/subaru-impreza#vin=JF1GPAA69GH216921,FB-series oil consumption; 2017+ redesign is the one to buy
68.8,2016,Toyota,Corolla,S Premium 4dr Sedan (1.8L 4cyl CVT),11055,7109,1,False,https://www.carfax.com/VehicleHistory/p/Report.cfx?vin=5YFBURHE5GP370927&partner=FRD_2,4369,5794,474,1231,86468,94468,0.6900000000000001,14798,3743,Gray,sedan,dealer,Total Cars,San Diego,auto.dev,88.8,214,1,2026-09-24,3,83,False,https://www.autolist.com/toyota-corolla#vin=5YFBURHE5GP370927,
68.7,2017,Subaru,Impreza,2.0i 4dr Sedan AWD (2.0L 4cyl CVT),9043,5959,,False,https://www.carfax.com/VehicleHistory/p/Report.cfx?vin=4S3GKAA62H3605603&partner=FRD_2,2818,4349,736,1062,109433,117433,0.6000000000000001,12393,3350,Gray,sedan,dealer,Top Quality Motors,Escondido,auto.dev,54.6,125,7,2026-09-20,7,0,False,https://www.autolist.com/subaru-impreza#vin=4S3GKAA62H3605603,
68.4,2022,Nissan,Kicks,S 4dr Hatchback (1.6L 4cyl CVT),14999,7034,0,True,https://www.carfax.com/VehicleHistory/p/Report.cfx?vin=3N1CP5BV2NL483065&partner=FRD_2,4372,6200,186,1562,27873,35873,0.75,16862,1863,Gun Metallic,hatchback,dealer,Carzaar Auto Sales,Temecula,auto.dev,88.0,23,,2026-09-20,7,0,False,https://www.autolist.com/nissan-kicks#vin=3N1CP5BV2NL483065,Nissan CVT history - replacement can exceed the car's value
68.1,2023,Kia,Soul,LX 4dr Wagon (2.0L 4cyl CVT),14499,6902,0,True,https://www.carfax.com/VehicleHistory/p/Report.cfx?vin=KNDJ23AU8P7198927&partner=FRD_2,4255,6019,211,1520,70814,78814,0.75,15273,774,Gravity Gray,hatchback,dealer,Enterprise Car Sales Vista,Vista,auto.dev,93.7,51,4,2026-09-20,7,0,False,https://www.autolist.com/kia-soul#vin=KNDJ23AU8P7198927,
68.1,2023,Kia,Soul,S 4dr Wagon (2.0L 4cyl CVT),14985,7016,,False,https://www.carfax.com/VehicleHistory/p/Report.cfx?vin=KNDJ23AU8P7196420&partner=FRD_2,4369,6195,173,1561,55545,63545,0.75,16224,1239,Gray,hatchback,dealer,SIRY MOTORS,San Diego,auto.dev,93.7,51,4,2026-09-20,7,0,False,https://www.autolist.com/kia-soul#vin=KNDJ23AU8P7196420,
68.0,2022,Kia,Forte,FE 4dr Sedan (2.0L 4cyl CVT),13995,6692,0,True,https://www.carfax.com/VehicleHistory/p/Report.cfx?vin=3KPF24AD8NE464116&partner=FRD_2,3977,5702,252,1478,88685,96685,0.6900000000000001,14727,732,Gray,sedan,dealer,Honda of Escondido,Escondido,auto.dev,100.0,27,1,2026-09-20,7,1000,False,https://www.autolist.com/kia-forte#vin=3KPF24AD8NE464116,
67.8,2018,Toyota,Corolla,XLE 4dr Sedan (1.8L 4cyl CVT),12910,7493,1,False,https://www.carfax.com/VehicleHistory/p/Report.cfx?vin=2T1BURHE1JC000226&partner=FRD_2,4991,6387,296,1386,63055,71055,0.75,17344,4434,Silver,sedan,dealer,Easy Go Auto Sales,San Marcos,auto.dev,96.1,134,3,2026-09-23,4,0,False,https://www.carfax.com/vehicle/2T1BURHE1JC000226,
67.7,2020,Volkswagen,Jetta,R-Line SULEV 4dr Sedan (1.4L 4cyl Turbo 8A),11785,6580,,False,https://www.carfax.com/VehicleHistory/p/Report.cfx?vin=3VWC57BU1LM105068&partner=FRD_2,3460,5191,375,1292,101287,109287,0.6000000000000001,12555,770,Black,sedan,dealer,SIRY MOTORS,San Diego,auto.dev,94.3,52,6,2026-09-20,7,0,False,https://www.autolist.com/volkswagen-jetta#vin=3VWC57BU1LM105068,
67.7,2016,Toyota,Camry,XSE 4dr Sedan (2.5L 4cyl 6A),11614,7383,1,True,https://www.carfax.com/VehicleHistory/p/Report.cfx?vin=4T4BF1FK1GR581535&partner=FRD_2,4557,6057,355,1278,61981,69981,0.75,17450,5836,Beige,sedan,dealer,Santa Motor CA INC,El Cajon,auto.dev,95.3,188,2,2026-09-20,7,483,False,https://www.autolist.com/toyota-camry#vin=4T4BF1FK1GR581535,
67.4,2016,Volkswagen,Jetta,1.4T S w/Technology 4dr Sedan (1.4L 4cyl Turbo 6A),7613,5824,,False,https://www.carfax.com/VehicleHistory/p/Report.cfx?vin=3VW267AJXGM271918&partner=FRD_2,2363,3911,740,941,122224,130224,0.46499999999999997,8331,718,White,sedan,dealer,Kearny Mesa Ford & Kia,San Diego,auto.dev,69.7,161,5,2026-09-26,1,0,False,https://www.autolist.com/volkswagen-jetta#vin=3VW267AJXGM271918,Pre-MQB: timing-chain tensioner history
67.4,2017,Hyundai,Veloster,Turbo R-Spec 3dr Hatchback w/Red Interior (1.6L 4cyl Turbo 6,11080,7216,1,True,https://www.carfax.com/VehicleHistory/p/Report.cfx?vin=KMHTC6AE3HU314078&partner=FRD_2,4377,5806,373,1233,35159,43159,0.75,14033,2953,Black,hatchback,dealer,360 AUTO SALES INC,El Cajon,auto.dev,81.8,50,,2026-09-20,7,0,False,https://www.autolist.com/hyundai-veloster+turbo#vin=KMHTC6AE3HU314078,
67.4,2015,Honda,Civic,LX 4dr Sedan (1.8L 4cyl CVT),9995,6649,0,False,https://www.carfax.com/VehicleHistory/p/Report.cfx?vin=2HGFB2F56FH552031&partner=FRD_2,3041,5065,722,1142,137526,145526,0.46499999999999997,12360,2365,Blue,sedan,dealer,Good Guys Auto Sales,San Diego,auto.dev,85.4,380,1,2026-09-22,5,0,False,https://www.autolist.com/honda-civic#vin=2HGFB2F56FH552031,
67.4,2015,Honda,Civic,LX 4dr Sedan (1.8L 4cyl CVT),11118,7188,1,False,https://www.carfax.com/VehicleHistory/p/Report.cfx?vin=2HGFB2F51FH542880&partner=FRD_2,4390,5823,526,1236,86326,94326,0.6900000000000001,14955,3837,Gray,sedan,dealer,Mesa Luxury Imports,Irvine,auto.dev,85.4,380,1,2026-09-22,5,0,False,https://www.carfax.com/vehicle/2HGFB2F51FH542880,
67.1,2016,Hyundai,Elantra,Value Edition 4dr Sedan (1.8L 4cyl 6A),10713,6332,0,False,https://www.carfax.com/VehicleHistory/p/Report.cfx?vin=5NPDH4AE5GH756352&partner=FRD_2,3557,5062,456,1202,76861,84861,0.6900000000000001,10286,-427,Blue,sedan,dealer,Toyota Carlsbad,Carlsbad,auto.dev,85.4,292,2,2026-09-20,7,0,False,https://toyotacarlsbad.com/used/Hyundai/2016-Hyundai-Elantra-48d1e459ac18090da9ed9f9dc4cf96cc.htm,
67.1,2016,Toyota,Corolla,S Premium 4dr Sedan (1.8L 4cyl CVT),10500,6729,,False,https://www.carfax.com/VehicleHistory/p/Report.cfx?vin=2T1BURHE5GC490761&partner=FRD_2,3159,5290,601,1184,120837,128837,0.46499999999999997,12683,2183,Silver,sedan,dealer,Babaz Motors,San Diego,auto.dev,88.8,214,1,2026-09-20,7,750,False,https://www.autolist.com/toyota-corolla#vin=2T1BURHE5GC490761,
67.0,2021,Honda,Civic,EX 4dr Sedan (1.5L 4cyl Turbo CVT),13499,6980,0,False,https://www.carfax.com/VehicleHistory/p/Report.cfx?vin=19XFC1F33ME200523&partner=FRD_2,4304,5898,299,1436,76771,84771,0.6900000000000001,19182,5683,Lunar Silver Metallic,sedan,dealer,Baldwin Auto Sales,Escondido,auto.dev,82.1,144,4,2026-09-20,7,0,False,https://www.autolist.com/honda-civic#vin=19XFC1F33ME200523,1.5L turbo oil dilution - warm climate helps; confirm it is not the turbo trim
66.9,2021,Nissan,Versa,,14167,6705,0,False,https://www.carfax.com/VehicleHistory/p/Report.cfx?vin=3N1CN8BV4ML808756&partner=FRD_2,4177,5899,225,1492,31325,39325,0.75,15147,980,Brilliant Silver Metallic,sedan,dealer,east county pre owned,El Cajon,auto.dev,85.4,31,3,2026-09-20,7,0,False,https://www.eastcountypreowned.com/pre-owned-cars/detail/x/1465564,Nissan CVT history - replacement can exceed the car's value (improved 2020 redesign)
66.5,2019,Kia,Soul,+ 4dr Wagon (2.0L 4cyl 6A),10996,6631,0,False,https://www.carfax.com/VehicleHistory/p/Report.cfx?vin=KNDJP3A59K7668532&partner=FRD_2,3812,5326,426,1226,96188,104188,0.6000000000000001,11072,76,White,hatchback,dealer,Toyota Chula Vista,Chula Vista,auto.dev,86.1,136,1,2026-09-20,7,265,False,https://www.autolist.com/kia-soul#vin=KNDJP3A59K7668532,
66.3,2021,Volkswagen,Jetta,SE SULEV 4dr Sedan (1.4L 4cyl Turbo 8A),10584,6599,,False,https://www.carfax.com/VehicleHistory/p/Report.cfx?vin=3VWC57BU1MM031684&partner=FRD_2,3179,5070,436,1191,120723,128723,0.46499999999999997,11899,1315,White,sedan,dealer,Baldwin Auto Sales,Escondido,auto.dev,89.4,69,4,2026-09-20,7,900,False,https://www.autolist.com/volkswagen-jetta#vin=3VWC57BU1MM031684,
66.3,2022,Kia,Soul,LX 4dr Wagon (2.0L 4cyl CVT),14599,6924,0,True,https://www.carfax.com/VehicleHistory/p/Report.cfx?vin=KNDJ23AU4N7160494&partner=FRD_2,4278,6055,202,1528,50302,58302,0.75,15896,1297,Snow White Pearl,hatchback,dealer,Perris Valley Kia,Perris,auto.dev,80.2,88,1,2026-09-20,7,0,False,https://www.autolist.com/kia-soul#vin=KNDJ23AU4N7160494,
66.1,2021,Volkswagen,Jetta,S SULEV 4dr Sedan (1.4L 4cyl Turbo 8A),14168,7021,,False,https://www.carfax.com/VehicleHistory/p/Report.cfx?vin=3VWC57BU6MM087331&partner=FRD_2,4177,5900,234,1492,65234,73234,0.75,15750,1582,Black,sedan,dealer,LDA Motors,Perris,auto.dev,89.4,69,4,2026-09-20,7,0,False,https://www.autolist.com/volkswagen-jetta#vin=3VWC57BU6MM087331,
66.0,2017,Volkswagen,Jetta,1.4T S 4dr Sedan (1.4L 4cyl Turbo 6A),7999,5964,0,False,https://www.carfax.com/VehicleHistory/p/Report.cfx?vin=3VW2B7AJ8HM283157&partner=FRD_2,2454,4084,726,974,126710,134710,0.46499999999999997,8712,713,White,sedan,dealer,The Truck & SUV Center,Escondido,auto.dev,69.0,159,7,2026-09-20,7,0,False,https://www.carfax.com/vehicle/3VW2B7AJ8HM283157,Pre-MQB: timing-chain tensioner history
65.9,2020,Hyundai,Ioniq,Limited 4dr Hatchback (1.6L 4cyl gas/electric hybrid 6AM),11137,6994,1,False,https://www.carfax.com/VehicleHistory/p/Report.cfx?vin=KMHC05LC3LU232522&partner=FRD_2,4397,5593,401,1238,86489,94489,0.6900000000000001,14864,3727,White,hatchback,dealer,Ariana Motors,Temecula,auto.dev,75.0,,,2026-09-20,7,1000,False,https://www.arianamotorsonline.com/pre-owned-cars/detail/x/1569538,
65.6,2016,Toyota,Camry,XSE 4dr Sedan (2.5L 4cyl 6A),10910,7101,0,False,https://www.carfax.com/VehicleHistory/p/Report.cfx?vin=4T4BF1FK7GR539838&partner=FRD_2,3255,5473,611,1218,137215,145215,0.46499999999999997,13483,2573,Silver,sedan,dealer,Easy Go Auto Sales,San Marcos,auto.dev,95.3,188,2,2026-09-20,7,0,False,https://www.carfax.com/vehicle/4T4BF1FK7GR539838,
65.4,2023,Nissan,Versa,S 4dr Sedan (1.6L 4cyl 5M),12862,6621,0,True,https://www.carfax.com/VehicleHistory/p/Report.cfx?vin=3N1CN8BV8PL832465&partner=FRD_2,4133,5649,268,1382,75973,83973,0.6900000000000001,13943,1081,Gray,sedan,dealer,Mossy Nissan Chula Vista,Chula Vista,auto.dev,79.7,37,1,2026-09-20,7,0,False,https://www.autolist.com/nissan-versa#vin=3N1CN8BV8PL832465,
65.3,2020,Hyundai,Accent,SE 4dr Sedan (1.6L 4cyl CVT),13599,6866,0,False,https://www.carfax.com/VehicleHistory/p/Report.cfx?vin=3KPC24A60LE106946&partner=FRD_2,4330,5937,256,1444,72351,80351,0.6900000000000001,12949,-650,Urban Gray,sedan,dealer,CarMax Murrieta,Murrieta,auto.dev,100.0,12,4,2026-09-20,7,0,False,https://www.autolist.com/hyundai-accent#vin=3KPC24A60LE106946,
65.2,2015,Honda,Accord,LX 4dr Sedan (2.4L 4cyl CVT),8995,6823,,False,https://www.carfax.com/VehicleHistory/p/Report.cfx?vin=1HGCR2F36FA216648&partner=FRD_2,3350,5026,654,1058,119000,127000,0.46499999999999997,14229,5234,Brown,sedan,dealer,Best Way Motors Inc,San Diego,auto.dev,84.9,601,5,2026-09-20,7,0,False,https://www.autolist.com/honda-accord#vin=1HGCR2F36FA216648,
65.1,2022,Hyundai,Elantra,SEL 4dr Sedan (2.0L 4cyl CVT),14876,7099,0,True,https://www.carfax.com/VehicleHistory/p/Report.cfx?vin=5NPLM4AG4NH066324&partner=FRD_2,4343,6156,235,1552,83488,91488,0.6900000000000001,15966,1090,Blue,sedan,dealer,DCH Kia of Temecula,Temecula,auto.dev,100.0,101,5,2026-09-20,7,115,False,https://dchkiaoftemecula.com/used/Hyundai/2022-Hyundai-Elantra-serving-temecula-ca-1198fd62ac181bbdf7ea8270c41774ca.htm,
64.9,2020,Volkswagen,Jetta,R-Line SULEV 4dr Sedan (1.4L 4cyl Turbo 8A),14295,7083,0,True,https://www.carfax.com/VehicleHistory/p/Report.cfx?vin=3VWC57BU8LM080931&partner=FRD_2,4207,5946,256,1503,66755,74755,0.75,14952,657,Gray,sedan,dealer,Honda of Escondido,Escondido,auto.dev,94.3,52,6,2026-09-20,7,1700,False,https://www.carfax.com/vehicle/3VWC57BU8LM080931,
64.8,2022,Kia,Forte,FE 4dr Sedan (2.0L 4cyl CVT),14080,7240,0,False,https://www.carfax.com/VehicleHistory/p/Report.cfx?vin=3KPF24AD5NE432109&partner=FRD_2,4613,6256,218,1485,77969,85969,0.6900000000000001,15157,1077,Blue,sedan,dealer,360 AUTO SALES INC,El Cajon,auto.dev,100.0,27,1,2026-09-20,7,0,False,https://www.carfax.com/vehicle/3KPF24AD5NE432109,
64.7,2015,Mazda,CX-5,Touring 4dr SUV (2.5L 4cyl 6A),9810,6719,1,False,https://www.carfax.com/VehicleHistory/p/Report.cfx?vin=JM3KE2CYXF0466008&partner=FRD_2,3950,5208,452,1126,,,0.5625,,,Black,small_suv,dealer,Tuttle Click Mazda,Irvine,auto.dev,100.0,133,4,2026-09-20,7,1089,False,https://www.autolist.com/mazda-cx+5#vin=JM3KE2CYXF0466008,
64.7,2020,Nissan,Versa,SV 4dr Sedan (1.6L 4cyl CVT),12080,6132,,False,https://www.carfax.com/VehicleHistory/p/Report.cfx?vin=3N1CN8EV2LL920840&partner=FRD_2,3529,5009,407,1317,90032,98032,0.6900000000000001,11018,-1062,Black,sedan,dealer,Karz Plus-Escondido,Escondido,auto.dev,77.2,64,2,2026-09-20,7,0,False,https://www.autolist.com/nissan-versa#vin=3N1CN8EV2LL920840,Nissan CVT history - replacement can exceed the car's value (improved 2020 redesign)
64.5,2020,Volkswagen,Jetta,R-Line ULEV 4dr Sedan (1.4L 4cyl Turbo 8A),13680,6854,,False,https://www.carfax.com/VehicleHistory/p/Report.cfx?vin=3VWCB7BU6LM007906&partner=FRD_2,3903,5587,315,1451,84112,92112,0.6900000000000001,13747,67,Gray,sedan,dealer,Auto City,El Cajon,auto.dev,94.3,52,6,2026-09-25,2,0,False,https://www.autolist.com/volkswagen-jetta#vin=3VWCB7BU6LM007906,
64.5,2018,Hyundai,Elantra,Limited SULEV 4dr Sedan (2.0L 4cyl 6A),9580,6654,1,False,https://www.carfax.com/VehicleHistory/p/Report.cfx?vin=KMHD84LF9JU461057&partner=FRD_2,3873,5100,589,1107,110465,118465,0.6000000000000001,10631,1051,Black,sedan,dealer,360 AUTO SALES INC,El Cajon,auto.dev,73.1,282,,2026-09-20,7,500,False,https://www.carfax.com/vehicle/KMHD84LF9JU461057,
64.3,2015,Honda,CR-V,LX 4dr SUV (2.4L 4cyl CVT),13257,7048,0,False,https://www.carfax.com/VehicleHistory/p/Report.cfx?vin=3CZRM3H31FG702791&partner=FRD_2,3805,5761,549,1416,89245,97245,0.6900000000000001,16353,3096,Gray,small_suv,dealer,Santa Motor CA INC,El Cajon,auto.dev,83.4,670,3,2026-09-22,5,350,False,https://www.autolist.com/honda-cr+v#vin=3CZRM3H31FG702791,
64.1,2022,Kia,Soul,LX 4dr Wagon (2.0L 4cyl CVT),11299,7171,1,False,https://www.carfax.com/VehicleHistory/p/Report.cfx?vin=KNDJ23AU5N7165400&partner=FRD_2,4450,5908,367,1251,100716,108716,0.6000000000000001,12754,1455,Snow White Pearl,hatchback,dealer,Baldwin Auto Sales,Escondido,auto.dev,80.2,88,1,2026-09-20,7,0,False,https://www.autolist.com/kia-soul#vin=KNDJ23AU5N7165400,
64.1,2022,Kia,Soul,X-Line 4dr Wagon (2.0L 4cyl CVT),14699,6966,,False,https://www.carfax.com/VehicleHistory/p/Report.cfx?vin=KNDJ23AUXN7159740&partner=FRD_2,4302,6092,212,1537,62420,70420,0.75,15141,442,White,hatchback,dealer,San Diego Auto Finder,San Diego,auto.dev,80.2,88,1,2026-09-20,7,0,False,https://www.autolist.com/kia-soul#vin=KNDJ23AUXN7159740,
64.0,2015,Mazda,Mazda3,i Sport 4dr Sedan (2.0L 4cyl 6A),6995,6169,1,False,https://www.carfax.com/VehicleHistory/p/Report.cfx?vin=JM1BM1U70F1225130&partner=FRD_2,2920,4161,983,890,135042,143042,0.496,9895,2900,Blue,sedan,dealer,North County Auto,Oceanside,auto.dev,51.3,129,4,2026-09-19,8,0,False,https://www.northcountyautosales.com/cars-for-sale/Details/89e28a60-a8ef-4196-87e7-59c2b516d627,
63.8,2023,Nissan,Versa,SV 4dr Sedan (1.6L 4cyl CVT),11950,6366,0,False,https://www.carfax.com/VehicleHistory/p/Report.cfx?vin=3N1CN8EV3PL824267&partner=FRD_2,3499,5255,411,1306,110994,118994,0.6000000000000001,11898,-52,Aspen White TriCoat,sedan,dealer,King Auto Sales,El Cajon,auto.dev,79.7,37,1,2026-09-20,7,1000,False,https://www.autolist.com/nissan-versa#vin=3N1CN8EV3PL824267,
63.6,2016,Volkswagen,Jetta,1.4T S 4dr Sedan (1.4L 4cyl Turbo 6A),11998,6630,,False,https://www.carfax.com/VehicleHistory/p/Report.cfx?vin=3VW267AJ9GM334474&partner=FRD_2,3510,5273,485,1310,65440,73440,0.75,12272,274,Reflex Silver Metallic,sedan,dealer,CarMax Murrieta,Murrieta,auto.dev,69.7,161,5,2026-09-20,7,0,False,https://www.autolist.com/volkswagen-jetta#vin=3VW267AJ9GM334474,Pre-MQB: timing-chain tensioner history
63.6,2017,Honda,Fit,LX 4dr Hatchback (1.5L 4cyl CVT),14976,7425,,False,https://www.carfax.com/VehicleHistory/p/Report.cfx?vin=JHMGK5H53HS000935&partner=FRD_2,4366,6557,397,1560,90449,98449,0.6900000000000001,16119,1143,White,hatchback,dealer,DCH Honda Mission Valley,San Diego,auto.dev,100.0,43,,2026-09-20,7,0,False,https://www.autolist.com/honda-fit#vin=JHMGK5H53HS000935,
63.3,2023,Nissan,Kicks,S 4dr Hatchback (1.6L 4cyl CVT),11870,6954,,False,https://www.carfax.com/VehicleHistory/p/Report.cfx?vin=3N1CP5BV5PL509368&partner=FRD_2,4061,5700,413,1299,95400,103400,0.6000000000000001,14419,2549,,hatchback,dealer,SB Motors,San Diego,auto.dev,61.7,34,1,2026-09-20,7,0,False,https://www.autolist.com/nissan-kicks#vin=3N1CP5BV5PL509368,
63.3,2022,Kia,Soul,X-Line 4dr Wagon (2.0L 4cyl CVT),13777,7039,,False,https://www.carfax.com/VehicleHistory/p/Report.cfx?vin=KNDJ23AU0N7181701&partner=FRD_2,4378,6007,261,1459,74445,82445,0.6900000000000001,14392,615,White,hatchback,dealer,Carco Sales & Finance,Poway,auto.dev,80.2,88,1,2026-09-20,7,0,False,https://www.autolist.com/kia-soul#vin=KNDJ23AU0N7181701,
63.1,2023,Nissan,Versa,S 4dr Sedan (1.6L 4cyl CVT),14999,6945,,False,https://www.carfax.com/VehicleHistory/p/Report.cfx?vin=3N1CN8DV5PL820478&partner=FRD_2,4372,6200,203,1562,40162,48162,0.75,16034,1035,White,sedan,dealer,Enterprise Car Sales Vista,Vista,auto.dev,79.7,37,1,2026-09-20,7,0,False,https://www.autolist.com/nissan-versa#vin=3N1CN8DV5PL820478,
62.9,2017,Toyota,Camry,XSE 4dr Sedan (2.5L 4cyl 6A),13642,7518,0,False,https://www.carfax.com/VehicleHistory/p/Report.cfx?vin=4T1BF1FK6HU369015&partner=FRD_2,3894,6245,445,1448,103410,111410,0.6000000000000001,15900,2258,Black,sedan,dealer,Xtreme Auto Group,Temecula,auto.dev,99.0,148,3,2026-09-20,7,0,False,https://www.carfax.com/vehicle/4T1BF1FK6HU369015,
62.6,2018,Honda,Civic,Si 4dr Sedan (1.5L 4cyl Turbo 6M),13641,6860,,False,https://www.carfax.com/VehicleHistory/p/Report.cfx?vin=2HGFC1E52JH702010&partner=FRD_2,3894,5573,533,1448,83272,91272,0.6900000000000001,16981,3340,,sedan,dealer,CarZaar Auto Sales ,Temecula,auto.dev,59.6,598,6,2026-09-20,7,0,False,https://www.autolist.com/honda-civic#vin=2HGFC1E52JH702010,1.5L turbo oil dilution - warm climate helps; confirm it is not the turbo trim
62.3,2018,Volkswagen,Jetta,1.4T SE 4dr Sedan (1.4L 4cyl Turbo 6A),12875,7040,0,False,https://www.carfax.com/VehicleHistory/p/Report.cfx?vin=3VWDB7AJ1JM253500&partner=FRD_2,4137,5655,376,1384,74136,82136,0.6900000000000001,13054,179,Pure White,sedan,dealer,Driveway,San Diego,auto.dev,86.0,31,3,2026-09-20,7,91,False,https://www.autolist.com/volkswagen-jetta#vin=3VWDB7AJ1JM253500,Pre-MQB: timing-chain tensioner history
62.3,2015,Toyota,Corolla,S Plus 4dr Sedan (1.8L 4cyl CVT),10950,6949,0,False,https://www.carfax.com/VehicleHistory/p/Report.cfx?vin=5YFBURHE4FP347234&partner=FRD_2,3265,5491,643,1222,127243,135243,0.46499999999999997,11737,787,Super White,sedan,dealer,ZAS Motors,San Diego,auto.dev,90.6,219,1,2026-09-24,3,0,False,https://www.autolist.com/toyota-corolla#vin=5YFBURHE4FP347234,
62.3,2020,Honda,HR-V,LX 4dr SUV (1.8L 4cyl CVT),15073,7252,0,False,https://www.carfax.com/VehicleHistory/p/Report.cfx?vin=3CZRU5H35LM705265&partner=FRD_2,4389,6227,326,1568,91129,99129,0.6900000000000001,16871,1798,Gray,small_suv,dealer,Santa Motor CA INC,El Cajon,auto.dev,97.6,83,5,2026-09-20,7,350,False,https://www.autolist.com/honda-hr+v#vin=3CZRU5H35LM705265,
62.0,2018,Volkswagen,Jetta,1.4T S 4dr Sedan (1.4L 4cyl Turbo 6A),12391,7536,1,False,https://www.carfax.com/VehicleHistory/p/Report.cfx?vin=3VW2B7AJ8JM263223&partner=FRD_2,4818,6155,349,1343,66795,74795,0.75,13564,1173,Platinum Gray Metallic,sedan,dealer,Hello Mazda of San Diego,San Diego,auto.dev,86.0,31,3,2026-09-22,5,172,False,https://www.autolist.com/volkswagen-jetta#vin=3VW2B7AJ8JM263223,Pre-MQB: timing-chain tensioner history
62.0,2015,Volkswagen,Golf,TSI SE 4dr Hatchback (1.8L 4cyl Turbo 6A),8052,6013,,False,https://www.carfax.com/VehicleHistory/p/Report.cfx?vin=3VW217AU4FM018469&partner=FRD_2,2466,3844,1009,978,111495,119495,0.6000000000000001,9399,1347,Blue,hatchback,dealer,1 Car Auto Dealer,San Diego,auto.dev,29.7,131,12,2026-09-20,7,0,False,https://www.autolist.com/volkswagen-golf#vin=3VW217AU4FM018469,Timing-chain tensioner and DSG mechatronic history; parts cost more
62.0,2015,Honda,Civic,LX 4dr Sedan (1.8L 4cyl CVT),11076,7053,0,False,https://www.carfax.com/VehicleHistory/p/Report.cfx?vin=19XFB2F51FE203854&partner=FRD_2,3293,5547,697,1232,131000,139000,0.46499999999999997,12691,1615,Silver,sedan,dealer,DCH Kia of Temecula,Temecula,auto.dev,85.4,380,1,2026-09-26,1,0,False,https://dchkiaoftemecula.com/used/Honda/2015-Honda-Civic-serving-temecula-ca-d5493548ac185fa6e5f523fc90a41332.htm,
61.9,2015,Toyota,Camry,LE 4dr Sedan (2.5L 4cyl 6A),10850,7183,,False,https://www.carfax.com/VehicleHistory/p/Report.cfx?vin=4T1BF1FK7FU094090&partner=FRD_2,3241,5446,717,1213,136900,144900,0.46499999999999997,12865,2015,,sedan,dealer,AZS Motors,San Diego,auto.dev,85.7,271,1,2026-09-20,7,0,False,https://www.autolist.com/toyota-camry#vin=4T1BF1FK7FU094090,
61.6,2022,Kia,Forte,LXS 4dr Sedan (2.0L 4cyl CVT),16499,7478,0,True,https://www.carfax.com/VehicleHistory/p/Report.cfx?vin=3KPF24ADXNE433269&partner=FRD_2,4723,6742,160,1688,38869,46869,0.75,16727,228,Snow White Pearl,sedan,dealer,Enterprise Car Sales Vista,Vista,auto.dev,100.0,27,1,2026-09-20,7,500,False,https://www.autolist.com/kia-forte#vin=3KPF24ADXNE433269,
61.4,2020,Hyundai,Elantra,SE 4dr Sedan (2.0L 4cyl CVT),11870,6568,0,True,https://www.carfax.com/VehicleHistory/p/Report.cfx?vin=5NPD74LF2LH541434&partner=FRD_2,3480,5224,534,1299,104213,112213,0.6000000000000001,12942,1072,White,sedan,dealer,San Diego Auto Solutions,Oceanside,auto.dev,63.0,250,3,2026-09-20,7,0,False,https://www.carfax.com/vehicle/5NPD74LF2LH541434,
61.2,2015,Honda,Civic,SE 4dr Sedan (1.8L 4cyl CVT),10995,7814,1,False,https://www.carfax.com/VehicleHistory/p/Report.cfx?vin=2HGFB2F71FH526809&partner=FRD_2,4821,6375,572,1226,98370,106370,0.6000000000000001,14345,3350,White,sedan,dealer,Bloom Auto Sales,Escondido,auto.dev,85.4,380,1,2026-09-22,5,0,False,https://www.autolist.com/honda-civic#vin=2HGFB2F71FH526809,
61.1,2015,Nissan,Sentra,S 4dr Sedan (1.8L 4cyl 6M),7562,6267,1,False,https://www.carfax.com/VehicleHistory/p/Report.cfx?vin=3N1AB7AP8FY295627&partner=FRD_2,3414,4482,772,937,93522,101522,0.6000000000000001,7927,365,Unspecified,sedan,dealer,ZEE Auto Consulting LLC,San Diego,auto.dev,50.0,,,2026-09-20,7,0,False,https://www.carfax.com/vehicle/3N1AB7AP8FY295627,
61.0,2019,Nissan,Kicks,SR 4dr Hatchback (1.6L 4cyl CVT),11105,6051,,False,https://www.carfax.com/VehicleHistory/p/Report.cfx?vin=3N1CP5CU4KL512499&partner=FRD_2,3301,4657,569,1235,45106,53106,0.75,13947,2842,Silver,hatchback,dealer,Anytime 2Buy Auto LLC,Oceanside,auto.dev,0.0,134,1,2026-09-20,7,0,False,https://www.autolist.com/nissan-kicks#vin=3N1CP5CU4KL512499,Nissan CVT history - replacement can exceed the car's value
60.9,2020,Kia,Rio,S 4dr Sedan (1.6L 4cyl CVT),12080,6488,,False,https://www.carfax.com/VehicleHistory/p/Report.cfx?vin=3KPA24AD5LE335614&partner=FRD_2,3924,5345,406,1317,78360,86360,0.6900000000000001,10999,-1081,White,sedan,dealer,VIP Autos,Hemet,auto.dev,64.3,27,1,2026-09-25,2,0,False,https://www.autolist.com/kia-rio#vin=3KPA24AD5LE335614,
60.9,2015,Toyota,Corolla,L 4dr Sedan (1.8L 4cyl 6M),9996,7381,1,True,https://www.carfax.com/VehicleHistory/p/Report.cfx?vin=5YFBURHE8FP250845&partner=FRD_2,4013,5794,668,1142,134348,142348,0.46499999999999997,11300,1304,White,sedan,dealer,3K Auto Inc,Escondido,auto.dev,90.6,219,1,2026-09-22,5,0,False,https://www.carfax.com/vehicle/5YFBURHE8FP250845,
60.6,2023,Volkswagen,Jetta,SE 4dr Sedan (1.5L 4cyl Turbo 8A),13428,7132,0,True,https://www.carfax.com/VehicleHistory/p/Report.cfx?vin=3VW7M7BU1PM031449&partner=FRD_2,3844,5827,367,1430,107853,115853,0.6000000000000001,14177,749,Black,sedan,dealer,Mossy Honda of Lemon Grove,Lemon Grove,auto.dev,87.1,43,,2026-09-20,7,0,False,https://www.carfax.com/vehicle/3VW7M7BU1PM031449,
60.6,2022,Nissan,Kicks,SR 4dr Hatchback (1.6L 4cyl CVT),14810,7130,0,False,https://www.carfax.com/VehicleHistory/p/Report.cfx?vin=3N1CP5DV3NL495626&partner=FRD_2,4328,6132,287,1546,87196,95196,0.6900000000000001,14098,-712,Gray,hatchback,dealer,Total Cars,San Diego,auto.dev,88.0,23,,2026-09-20,7,0,False,https://www.carfax.com/vehicle/3N1CP5DV3NL495626,Nissan CVT history - replacement can exceed the car's value
60.6,2019,Hyundai,Ioniq,Blue 4dr Hatchback (1.6L 4cyl gas/electric hybrid 6AM),6995,6082,0,False,https://www.carfax.com/VehicleHistory/p/Report.cfx?vin=KMHC65LC9KU175773&partner=FRD_2,2219,4032,875,890,188899,196899,0.26249999999999996,6526,-469,Black,hatchback,dealer,Guardians Auto,Lemon Grove,auto.dev,75.0,,,2026-09-25,2,0,False,https://www.carfax.com/vehicle/KMHC65LC9KU175773,
60.5,2016,Hyundai,Accent,SE 4dr Sedan (1.6L 4cyl 6A),5950,5031,0,False,https://www.carfax.com/VehicleHistory/p/Report.cfx?vin=KMHCT4AE4GU112109&partner=FRD_2,1975,2978,1127,802,108450,116450,0.6000000000000001,8164,2214,Unspecified,sedan,dealer,West Auto Hub LLC,San Diego,auto.dev,0.0,100,,2026-09-20,7,0,False,https://www.autolist.com/hyundai-accent#vin=KMHCT4AE4GU112109,
60.5,2018,Hyundai,Kona,SEL w/Contrast Roof 4dr SUV (2.0L 4cyl 6A),15998,7433,,False,https://www.carfax.com/VehicleHistory/p/Report.cfx?vin=KM8K62AA4JU135126&partner=FRD_2,4606,6561,272,1646,50575,58575,0.75,16514,516,Gray,small_suv,dealer,CarMax Murrieta,Murrieta,auto.dev,100.0,75,,2026-09-26,1,0,False,https://www.autolist.com/hyundai-kona#vin=KM8K62AA4JU135126,
60.3,2019,Nissan,Sentra,S 4dr Sedan (1.8L 4cyl CVT),7900,5488,0,True,https://www.carfax.com/VehicleHistory/p/Report.cfx?vin=3N1AB7AP7KY235400&partner=FRD_2,2431,3589,913,966,106000,114000,0.6000000000000001,10771,2871,Blue,sedan,dealer,Beyer Enterprises,San Ysidro,auto.dev,0.0,222,2,2026-09-20,7,0,False,https://www.carfax.com/vehicle/3N1AB7AP7KY235400,Nissan CVT history - replacement can exceed the car's value
60.3,2018,Hyundai,Kona,SEL w/Contrast Roof 4dr SUV (2.0L 4cyl 6A),12969,6822,0,True,https://www.carfax.com/VehicleHistory/p/Report.cfx?vin=KM8K62AA9JU081614&partner=FRD_2,3736,5649,414,1391,104257,112257,0.6000000000000001,12076,-893,White,small_suv,dealer,Team Kia of El Cajon,El Cajon,auto.dev,100.0,75,,2026-09-24,3,366,False,https://www.autolist.com/hyundai-kona#vin=KM8K62AA9JU081614,
60.2,2015,Nissan,Sentra,S 4dr Sedan (1.8L 4cyl 6M),6350,6091,1,True,https://www.carfax.com/VehicleHistory/p/Report.cfx?vin=3N1AB7APXFL687618&partner=FRD_2,3087,4111,885,835,114640,122640,0.46499999999999997,6702,352,Black,sedan,dealer,Cali Coast Autos,Vista,auto.dev,50.0,,,2026-09-20,7,0,False,https://www.carfax.com/vehicle/3N1AB7APXFL687618,
60.2,2018,Hyundai,Elantra,Sport 4dr Sedan (1.6L 4cyl Turbo 6M),10260,6947,1,False,https://www.carfax.com/VehicleHistory/p/Report.cfx?vin=KMHD04LB9JU454131&partner=FRD_2,4102,5420,589,1164,110489,118489,0.6000000000000001,10630,370,Black,sedan,dealer,Old Town Motors,Temecula,auto.dev,73.1,282,,2026-09-20,7,0,False,https://www.carfax.com/vehicle/KMHD04LB9JU454131,
60.2,2021,Hyundai,Elantra,SEL 4dr Sedan (2.0L 4cyl CVT),14999,7581,,False,https://www.carfax.com/VehicleHistory/p/Report.cfx?vin=5NPLS4AG1MH040185&partner=FRD_2,4859,6615,239,1562,75606,83606,0.6900000000000001,15354,355,Blue,sedan,dealer,San Diego Auto Finder,San Diego,auto.dev,99.7,130,6,2026-09-20,7,0,False,https://www.autolist.com/hyundai-elantra#vin=5NPLS4AG1MH040185,
60.1,2022,Kia,Forte,GT-Line 4dr Sedan (2.0L 4cyl CVT),16497,7478,0,True,https://www.carfax.com/VehicleHistory/p/Report.cfx?vin=3KPF54AD6NE432627&partner=FRD_2,4723,6742,160,1688,54178,62178,0.75,16112,-385,Gravity Gray,sedan,dealer,AutoNation Toyota Irvine,Irvine,auto.dev,100.0,27,1,2026-09-20,7,0,False,https://www.carfax.com/vehicle/3KPF54AD6NE432627,
59.9,2016,Volkswagen,Jetta,1.4T S w/Technology 4dr Sedan (1.4L 4cyl Turbo 6A),6000,6298,0,False,https://www.carfax.com/VehicleHistory/p/Report.cfx?vin=3VW267AJ7GM312358&partner=FRD_2,2637,4096,860,806,149000,157000,0.26249999999999996,6472,472,Gray,sedan,dealer,Beyer Enterprises,San Ysidro,auto.dev,69.7,161,5,2026-09-25,2,0,False,https://www.carfax.com/vehicle/3VW267AJ7GM312358,Pre-MQB: timing-chain tensioner history
59.8,2015,Volkswagen,Jetta,Sport 4dr Sedan (1.8L 4cyl Turbo 6A),7065,6259,1,False,https://www.carfax.com/VehicleHistory/p/Report.cfx?vin=3VWD17AJ1FM259968&partner=FRD_2,2922,4181,838,895,135000,143000,0.46499999999999997,6751,-314,Gray,sedan,dealer,TMT Motors,San Diego,auto.dev,69.6,194,8,2026-09-20,7,0,False,https://www.carfax.com/vehicle/3VWD17AJ1FM259968,Pre-MQB: timing-chain tensioner history
59.8,2019,Nissan,Sentra,S 4dr Sedan (1.8L 4cyl CVT),7995,5758,1,False,https://www.carfax.com/VehicleHistory/p/Report.cfx?vin=3N1AB7AP2KY304073&partner=FRD_2,3235,4095,652,974,71045,79045,0.75,12800,4805,Deep Blue Pearl,sedan,dealer,24-7 Auto Sales,Lakeside,auto.dev,0.0,222,2,2026-09-20,7,0,False,https://www.autolist.com/nissan-sentra#vin=3N1AB7AP2KY304073,Nissan CVT history - replacement can exceed the car's value
59.7,2020,Kia,Forte,FE 4dr Sedan (2.0L 4cyl 6M),13580,6716,,False,https://www.carfax.com/VehicleHistory/p/Report.cfx?vin=3KPF24AD9LE202506&partner=FRD_2,3880,5551,408,1443,91948,99948,0.6900000000000001,12653,-927,Blue,sedan,dealer,Karz Plus-Escondido,Escondido,auto.dev,78.8,76,,2026-09-20,7,0,False,https://www.autolist.com/kia-forte#vin=3KPF24AD9LE202506,
59.7,2016,Toyota,Corolla,S Premium 4dr Sedan (1.8L 4cyl CVT),10062,7863,1,False,https://www.carfax.com/VehicleHistory/p/Report.cfx?vin=5YFBURHEXGP424934&partner=FRD_2,4680,6312,597,1147,119724,127724,0.46499999999999997,12752,2690,Unspecified,sedan,dealer,ZEE Auto Consulting LLC,San Diego,auto.dev,88.8,214,1,2026-09-20,7,0,False,https://www.carfax.com/vehicle/5YFBURHEXGP424934,
59.6,2017,Subaru,Crosstrek,2.0i Limited PZEV 4dr SUV AWD (2.0L 4cyl CVT),12499,7034,,False,https://www.carfax.com/VehicleHistory/p/Report.cfx?vin=JF2GPANCXHH278373&partner=FRD_2,3627,5774,571,1352,102050,110050,0.6000000000000001,14170,1671,Blue,small_suv,dealer,Miramar Sport Cars,San Diego,auto.dev,76.5,97,1,2026-09-20,7,1500,False,https://www.autolist.com/subaru-xv+crosstrek#vin=JF2GPANCXHH278373,FB-series oil consumption; check consumption history
59.6,2020,Kia,Forte,FE 4dr Sedan (2.0L 4cyl 6M),12076,7054,0,False,https://www.carfax.com/VehicleHistory/p/Report.cfx?vin=3KPF24AD3LE193916&partner=FRD_2,4119,5788,434,1316,98335,106335,0.6000000000000001,12396,320,White,sedan,dealer,DCH Kia of Temecula,Temecula,auto.dev,78.8,76,,2026-09-24,3,0,False,https://dchkiaoftemecula.com/certified/Kia/2020-Kia-Forte-serving-temecula-ca-c9b29891ac1829354b5a1418964f5252.htm,
59.6,2016,Hyundai,Accent,SE 4dr Hatchback (1.6L 4cyl 6M),5995,5486,1,False,https://www.carfax.com/VehicleHistory/p/Report.cfx?vin=KMHCT5AE4GU262002&partner=FRD_2,2563,3453,1073,806,101223,109223,0.6000000000000001,8561,2566,Black,hatchback,dealer,Autologic,San Diego,auto.dev,0.0,100,,2026-09-20,7,0,False,https://www.carfax.com/vehicle/KMHCT5AE4GU262002,
59.5,2022,Kia,Forte,LXS 4dr Sedan (2.0L 4cyl CVT),16295,7439,,False,https://www.carfax.com/VehicleHistory/p/Report.cfx?vin=3KPF24AD0NE425214&partner=FRD_2,4675,6669,185,1671,67773,75773,0.75,15566,-729,Gray,sedan,dealer,DriveTime of San Diego,El Cajon,auto.dev,100.0,27,1,2026-09-23,4,0,False,https://www.autolist.com/kia-forte#vin=3KPF24AD0NE425214,
59.4,2016,Kia,Forte,EX 4dr Hatchback (2.0L 4cyl 6A),10998,6264,0,False,https://www.carfax.com/VehicleHistory/p/Report.cfx?vin=KNAFX5A81G5627291&partner=FRD_2,3276,4886,600,1226,82021,90021,0.6900000000000001,9167,-1831,Snow White Pearl,hatchback,dealer,CarMax Palm Desert,Palm Desert,auto.dev,62.1,3,1,2026-09-20,7,0,False,https://www.autolist.com/kia-forte+5+door#vin=KNAFX5A81G5627291,"only 3 NHTSA records against a model median of 72 - treated as a data gap, not a clean year"
59.3,2022,Hyundai,Accent,SE 4dr Sedan (1.6L 4cyl CVT),15998,7253,0,True,https://www.carfax.com/VehicleHistory/p/Report.cfx?vin=3KPC24A67NE184854&partner=FRD_2,4606,6561,198,1646,41039,49039,0.75,16071,73,Olympus Silver,sedan,dealer,CarMax Oceanside,Oceanside,auto.dev,82.3,16,2,2026-09-22,5,0,False,https://www.autolist.com/hyundai-accent#vin=3KPC24A67NE184854,
59.3,2022,Kia,Forte,FE 4dr Sedan (2.0L 4cyl CVT),16580,7504,,False,https://www.carfax.com/VehicleHistory/p/Report.cfx?vin=3KPF24AD4NE490695&partner=FRD_2,4742,6772,160,1695,58245,66245,0.75,15949,-631,Gray,sedan,dealer,Karz Plus-Escondido,Escondido,auto.dev,100.0,27,1,2026-09-20,7,0,False,https://www.autolist.com/kia-forte#vin=3KPF24AD4NE490695,
59.3,2018,Toyota,Yaris iA,4dr Sedan (1.5L 4cyl 6M),15477,7319,,False,https://www.carfax.com/VehicleHistory/p/Report.cfx?vin=3MYDLBYV1JY331795&partner=FRD_2,4484,6373,305,1602,64223,72223,0.62,15075,-402,Silver,sedan,dealer,Carco Sales & Finance,Poway,auto.dev,95.0,8,,2026-09-19,8,0,False,https://www.autolist.com/toyota-yaris+ia#vin=3MYDLBYV1JY331795,"Mazda2 mechanicals, few complaints; thin resale market is the real cost"
59.2,2018,Subaru,Crosstrek,2.0i 4dr SUV AWD (2.0L 4cyl CVT),12500,6858,0,False,https://www.carfax.com/VehicleHistory/p/Report.cfx?vin=JF2GTAAC3JH295443&partner=FRD_2,3627,5468,609,1352,100507,108507,0.6000000000000001,15026,2526,Unspecified,small_suv,dealer,Velart Car Center,San Diego,auto.dev,61.3,194,5,2026-09-20,7,0,False,https://www.carfax.com/vehicle/JF2GTAAC3JH295443,
59.1,2015,Volkswagen,Jetta,SEL PZEV 4dr Sedan (1.8L 4cyl Turbo 6A),11080,7337,1,False,https://www.carfax.com/VehicleHistory/p/Report.cfx?vin=3VWL17AJ3FM310091&partner=FRD_2,4377,5806,534,1233,67405,75405,0.75,11443,363,Silver,sedan,dealer,Legacy Cars,El Cajon,auto.dev,69.6,194,8,2026-09-20,7,0,False,https://www.legacycarsinc.com/pre-owned-cars/detail/x/1562591,Pre-MQB: timing-chain tensioner history
59.1,2016,Nissan,Versa,1.6 S 4dr Sedan (1.6L 4cyl 4A),12084,7374,1,False,https://www.carfax.com/VehicleHistory/p/Report.cfx?vin=3N1CN7AP1GL880502&partner=FRD_2,4714,6278,455,1317,20152,28152,0.75,12293,209,Blue,sedan,dealer,"Surf Motors, Inc",Vista,auto.dev,71.0,80,,2026-09-23,4,0,False,https://www.autolist.com/nissan-versa#vin=3N1CN7AP1GL880502,Nissan CVT history - replacement can exceed the car's value
59.1,2015,Nissan,Sentra,S 4dr Sedan (1.8L 4cyl 6M),8336,5703,,False,https://www.carfax.com/VehicleHistory/p/Report.cfx?vin=3N1AB7AP6FY218447&partner=FRD_2,2532,3962,837,1002,105673,113673,0.6000000000000001,7222,-1114,Black,sedan,dealer,TBH Auto Sales ,San Diego,auto.dev,50.0,,,2026-09-20,7,0,False,https://www.autolist.com/nissan-sentra#vin=3N1AB7AP6FY218447,
59.1,2016,Volkswagen,Jetta,1.8T SEL Premium PZEV 4dr Sedan (1.8L 4cyl Turbo 6A),7990,6990,1,False,https://www.carfax.com/VehicleHistory/p/Report.cfx?vin=3VWL17AJXGM315256&partner=FRD_2,3749,5052,708,973,114999,122999,0.46499999999999997,8832,842,Silver,sedan,dealer,Only Cars,Chula Vista,auto.dev,69.7,161,5,2026-09-20,7,0,False,https://www.autolist.com/volkswagen-jetta#vin=3VWL17AJXGM315256,Pre-MQB: timing-chain tensioner history
59.1,2016,Hyundai,Elantra,SE 4dr Sedan (1.8L 4cyl 6M),10998,6482,,False,https://www.carfax.com/VehicleHistory/p/Report.cfx?vin=KMHDH4AE8GU545258&partner=FRD_2,3276,5155,558,1226,103400,111400,0.6000000000000001,8977,-2021,Gray,sedan,dealer,CarMax Murrieta,Murrieta,auto.dev,85.4,292,2,2026-09-23,4,0,False,https://www.autolist.com/hyundai-elantra#vin=KMHDH4AE8GU545258,
59.1,2022,Honda,HR-V,LX 4dr SUV (1.8L 4cyl CVT),14459,8136,1,False,https://www.carfax.com/VehicleHistory/p/Report.cfx?vin=3CZRU5H32NM731390&partner=FRD_2,5653,7202,182,1517,43028,51028,0.75,19016,4557,Black,small_suv,dealer,Total Cars,San Diego,auto.dev,89.9,88,3,2026-09-20,7,0,False,https://www.carfax.com/vehicle/3CZRU5H32NM731390,
59.0,2016,Toyota,RAV4,Limited 4dr SUV (2.5L 4cyl 6A),17984,8005,,False,https://www.carfax.com/VehicleHistory/p/Report.cfx?vin=2T3YFREVXGW275892&partner=FRD_2,4831,7525,347,1813,43683,51683,0.95,19901,1917,,small_suv,dealer,SD Bay Rides,San Diego,auto.dev,95.7,239,3,2026-09-19,8,0,False,https://www.autolist.com/toyota-rav4#vin=2T3YFREVXGW275892,
58.9,2021,Nissan,Versa,SV 4dr Sedan (1.6L 4cyl CVT),15080,7001,,False,https://www.carfax.com/VehicleHistory/p/Report.cfx?vin=3N1CN8EV7ML889196&partner=FRD_2,4391,6230,234,1569,62423,70423,0.75,13332,-1748,White,sedan,dealer,Karz Plus-Escondido,Escondido,auto.dev,85.4,31,3,2026-09-20,7,0,False,https://www.autolist.com/nissan-versa#vin=3N1CN8EV7ML889196,Nissan CVT history - replacement can exceed the car's value (improved 2020 redesign)
58.8,2023,Nissan,Sentra,SV 4dr Sedan (2.0L 4cyl CVT),17519,7799,0,True,https://www.carfax.com/VehicleHistory/p/Report.cfx?vin=3N1AB8CVXPY297611&partner=FRD_2,4962,7112,160,1774,43559,51559,0.75,17963,444,White,sedan,dealer,Team Kia of El Cajon,El Cajon,auto.dev,100.0,20,1,2026-09-20,7,500,False,https://www.autolist.com/nissan-sentra#vin=3N1AB8CVXPY297611,
58.8,2019,Hyundai,Elantra,SE SULEV 4dr Sedan (2.0L 4cyl 6A),12080,7343,1,False,https://www.carfax.com/VehicleHistory/p/Report.cfx?vin=5NPD74LF3KH493117&partner=FRD_2,4713,6016,444,1317,86846,94846,0.6900000000000001,12797,717,White,sedan,dealer,Temecula Nissan,Murrieta,auto.dev,74.0,250,1,2026-09-20,7,0,False,https://temeculanissan.com/inventory/Used-2019-Hyundai-Elantra-SE-5NPD74LF3KH493117-1750,
58.8,2022,Kia,Soul,X-Line 4dr Wagon (2.0L 4cyl CVT),14120,8018,1,True,https://www.carfax.com/VehicleHistory/p/Report.cfx?vin=KNDJ23AU8N7802117&partner=FRD_2,5539,7049,202,1488,53619,61619,0.75,15690,1570,Gray,hatchback,dealer,Team Mazda of El Cajon,El Cajon,auto.dev,80.2,88,1,2026-09-20,7,493,False,https://www.carfax.com/vehicle/KNDJ23AU8N7802117,
58.7,2015,Volkswagen,Jetta,Sport 4dr Sedan (1.8L 4cyl Turbo 6A),9116,7184,1,False,https://www.carfax.com/VehicleHistory/p/Report.cfx?vin=3VWD17AJ8FM315517&partner=FRD_2,4105,5382,652,1068,93699,101699,0.6000000000000001,9618,502,Silver,sedan,dealer,Toyota Carlsbad,Carlsbad,auto.dev,69.6,194,8,2026-09-25,2,497,False,https://toyotacarlsbad.com/used/Volkswagen/2015-Volkswagen-Jetta-ceb67ca4ac18230d1f9b854fa347ff2f.htm,Pre-MQB: timing-chain tensioner history
58.7,2021,Volkswagen,Jetta,SE SULEV 4dr Sedan (1.4L 4cyl Turbo 8A),16119,7614,0,True,https://www.carfax.com/VehicleHistory/p/Report.cfx?vin=3VWC57BU3MM099694&partner=FRD_2,4634,6605,215,1656,52271,60271,0.75,16650,531,Gray,sedan,dealer,Team Kia of El Cajon,El Cajon,auto.dev,89.4,69,4,2026-09-22,5,1387,False,https://www.autolist.com/volkswagen-jetta#vin=3VWC57BU3MM099694,
58.7,2016,Volkswagen,Golf,TSI SEL 4dr Hatchback (1.8L 4cyl Turbo 6A),7995,6239,,False,https://www.carfax.com/VehicleHistory/p/Report.cfx?vin=3VW217AU1GM042455&partner=FRD_2,2453,4082,963,974,133000,141000,0.46499999999999997,8125,130,Blue,hatchback,dealer,Best Way Motors Inc,San Diego,auto.dev,46.4,85,9,2026-09-20,7,0,False,https://www.autolist.com/volkswagen-golf#vin=3VW217AU1GM042455,Timing-chain tensioner and DSG mechatronic history; parts cost more
58.7,2023,Kia,Soul,EX 4dr Wagon (2.0L 4cyl CVT),17490,7802,0,False,https://www.carfax.com/VehicleHistory/p/Report.cfx?vin=KNDJ33AU4P7198145&partner=FRD_2,4955,7100,173,1771,36442,44442,0.75,17415,-75,Blue,hatchback,dealer,DCH Honda of Temecula,Temecula,auto.dev,93.7,51,4,2026-09-20,7,414,False,https://dchhondaoftemecula.com/used/Kia/2023-Kia-Soul-for-sale-temecula-california-d4755e9cac180c8409390766108d0406.htm,
58.7,2015,Toyota,Prius,Four 4dr Hatchback (1.8L 4cyl gas/electric hybrid CVT),15488,7404,,False,https://www.carfax.com/VehicleHistory/p/Report.cfx?vin=JTDKN3DU8F0472822&partner=FRD_2,4228,6543,605,1603,56900,64900,1.0,17532,2044,White,hatchback,dealer,NextGen Motors LLC,Escondido,auto.dev,47.6,165,1,2026-09-20,7,0,False,https://www.autolist.com/toyota-prius#vin=JTDKN3DU8F0472822,Gen 3: EGR clogging -> head gasket failure; brake actuator (DTC C1391) ~$2-3k
58.4,2017,Volkswagen,Jetta,1.4T SE 4dr Sedan (1.4L 4cyl Turbo 6A),12080,6777,,False,https://www.carfax.com/VehicleHistory/p/Report.cfx?vin=3VWDB7AJ6HM286647&partner=FRD_2,3529,5305,552,1317,88359,96359,0.6900000000000001,11374,-706,White,sedan,dealer,Carros N Trucks,Escondido,auto.dev,69.0,159,7,2026-09-20,7,0,False,https://www.autolist.com/volkswagen-jetta#vin=3VWDB7AJ6HM286647,Pre-MQB: timing-chain tensioner history
58.2,2015,Toyota,Camry,LE 4dr Sedan (2.5L 4cyl 6A),7925,7269,1,False,https://www.carfax.com/VehicleHistory/p/Report.cfx?vin=4T1BF1FK4FU894605&partner=FRD_2,3212,5200,797,968,157900,165900,0.26249999999999996,11758,3833,Unspecified,sedan,dealer,West Auto Hub LLC,San Diego,auto.dev,85.7,271,1,2026-09-26,1,70,False,https://www.autolist.com/toyota-camry#vin=4T1BF1FK4FU894605,
58.1,2015,Nissan,Sentra,S 4dr Sedan (1.8L 4cyl 6M),4500,5176,,False,https://www.carfax.com/VehicleHistory/p/Report.cfx?vin=3N1AB7AP1FY295856&partner=FRD_2,1635,2876,1130,680,160565,168565,0.26249999999999996,4037,-463,White,sedan,dealer,ZZ Motors LLC,National City,auto.dev,50.0,,,2026-09-25,2,0,False,https://www.autolist.com/nissan-sentra#vin=3N1AB7AP1FY295856,
57.9,2016,Kia,Soul,! 4dr Wagon (2.0L 4cyl 6A),7751,5736,,False,https://www.carfax.com/VehicleHistory/p/Report.cfx?vin=KNDJP3A52G7363770&partner=FRD_2,2396,3720,1080,953,102182,110182,0.6000000000000001,8735,984,Black,hatchback,dealer,1 Car Auto Dealer,San Diego,auto.dev,0.0,819,2,2026-09-20,7,0,False,https://www.autolist.com/kia-soul#vin=KNDJP3A52G7363770,
57.9,2015,Honda,Civic,LX 4dr Sedan (1.8L 4cyl CVT),12996,7740,0,False,https://www.carfax.com/VehicleHistory/p/Report.cfx?vin=2HGFB2F55FH564087&partner=FRD_2,4382,6484,554,1394,93599,101599,0.6000000000000001,14587,1591,Blue,sedan,dealer,3K Auto Inc,Escondido,auto.dev,85.4,380,1,2026-09-22,5,0,False,https://www.carfax.com/vehicle/2HGFB2F55FH564087,
57.8,2019,Nissan,Sentra,S 4dr Sedan (1.8L 4cyl CVT),10768,6018,,False,https://www.carfax.com/VehicleHistory/p/Report.cfx?vin=3N1AB7AP5KY285826&partner=FRD_2,3222,4535,642,1207,69792,77792,0.75,12872,2104,White,sedan,dealer,LDA Motors,Perris,auto.dev,0.0,222,2,2026-09-20,7,0,False,https://www.autolist.com/nissan-sentra#vin=3N1AB7AP5KY285826,Nissan CVT history - replacement can exceed the car's value
57.6,2020,Hyundai,Ioniq,Limited 4dr Hatchback (1.6L 4cyl gas/electric hybrid 6AM),9975,7256,1,True,https://www.carfax.com/VehicleHistory/p/Report.cfx?vin=KMHC05LC0LU227892&partner=FRD_2,4006,5570,637,1140,141884,149884,0.46499999999999997,10660,685,White,hatchback,dealer,AutoNation Hyundai Carlsbad,Carlsbad,auto.dev,75.0,,,2026-09-27,0,0,False,https://bmwencinitas.com/used/Hyundai/2020-Hyundai-Ioniq-Hybrid-d4ef899dac1844aa32c76a8a6e546d91.htm,
57.5,2020,Kia,Forte,FE 4dr Sedan (2.0L 4cyl 6M),13080,6889,,False,https://www.carfax.com/VehicleHistory/p/Report.cfx?vin=3KPF24ADXLE232498&partner=FRD_2,3763,5692,443,1401,100500,108500,0.6000000000000001,12310,-770,Gray,sedan,dealer,Karz Plus-Escondido,Escondido,auto.dev,78.8,76,,2026-09-20,7,0,False,https://www.autolist.com/kia-forte#vin=3KPF24ADXLE232498,
57.4,2017,Honda,Civic,LX 4dr Sedan (2.0L 4cyl CVT),11495,7281,,False,https://www.carfax.com/VehicleHistory/p/Report.cfx?vin=19XFC2F51HE203420&partner=FRD_2,3392,5735,758,1268,129000,137000,0.46499999999999997,14040,2545,White,sedan,dealer,Best Way Motors Inc,San Diego,auto.dev,65.9,593,6,2026-09-20,7,500,False,https://www.autolist.com/honda-civic#vin=19XFC2F51HE203420,1.5L turbo oil dilution - warm climate helps; confirm it is not the turbo trim
57.3,2015,Honda,Civic,EX 4dr Sedan (1.8L 4cyl CVT),10580,7723,1,False,https://www.carfax.com/VehicleHistory/p/Report.cfx?vin=2HGFB2F86FH516351&partner=FRD_2,4209,6100,730,1191,139809,147809,0.46499999999999997,12244,1664,Blue,sedan,dealer,Gold Automotive,San Diego,auto.dev,85.4,380,1,2026-09-22,5,0,False,https://www.carfax.com/vehicle/2HGFB2F86FH516351,
57.2,2017,Hyundai,Veloster,w/Black Interior 3dr Hatchback (1.6L 4cyl 6M),14495,7530,0,False,https://www.carfax.com/VehicleHistory/p/Report.cfx?vin=KMHTC6AD9HU323102&partner=FRD_2,4254,6371,380,1520,61733,69733,0.75,12403,-2092,White,hatchback,dealer,Prime Auto Imports,San Diego,auto.dev,81.8,50,,2026-09-20,7,0,False,https://www.carfax.com/vehicle/KMHTC6AD9HU323102,
57.1,2021,Kia,Soul,X-Line 4dr Wagon (2.0L 4cyl CVT),7988,6413,0,True,https://www.carfax.com/VehicleHistory/p/Report.cfx?vin=KNDJ23AU3M7785564&partner=FRD_2,2451,4534,819,973,150398,158398,0.26249999999999996,9003,1015,Snow White Pearl,hatchback,dealer,Southern Cal Auto House,San Diego,auto.dev,46.3,233,2,2026-09-25,2,0,False,https://www.autolist.com/kia-soul#vin=KNDJ23AU3M7785564,
57.1,2018,Kia,Niro,EX 4dr SUV (1.6L 4cyl gas/electric hybrid 6AM),12189,7668,1,True,https://www.carfax.com/VehicleHistory/p/Report.cfx?vin=KNDCC3LC9J5139835&partner=FRD_2,4750,6327,401,1326,100297,108297,0.6000000000000001,12758,569,Snow White Pearl,small_suv,dealer,Tuttle-Click Mazda,Irvine,auto.dev,100.0,,3,2026-09-23,4,0,False,https://www.autolist.com/kia-niro#vin=KNDCC3LC9J5139835,
57.0,2023,Nissan,Sentra,SR 4dr Sedan (2.0L 4cyl CVT),17855,7904,0,True,https://www.carfax.com/VehicleHistory/p/Report.cfx?vin=3N1AB8DV6PY255368&partner=FRD_2,5040,7233,160,1802,45940,53940,0.75,17824,-31,Gun Metallic/Super Black,sedan,dealer,AutoNation Toyota Irvine,Irvine,auto.dev,100.0,20,1,2026-09-20,7,1139,False,https://www.carfax.com/vehicle/3N1AB8DV6PY255368,
57.0,2018,Volkswagen,Jetta,1.4T Wolfsburg Edition 4dr Sedan (1.4L 4cyl Turbo 6A),14998,7374,,False,https://www.carfax.com/VehicleHistory/p/Report.cfx?vin=3VWDB7AJ2JM223244&partner=FRD_2,4372,6200,326,1562,60949,68949,0.75,13969,-1029,White,sedan,dealer,CarMax Kearny Mesa,San Diego,auto.dev,86.0,31,3,2026-09-23,4,0,False,https://www.autolist.com/volkswagen-jetta#vin=3VWDB7AJ2JM223244,Pre-MQB: timing-chain tensioner history
56.8,2018,Toyota,Prius c,Three 4dr Hatchback (1.5L 4cyl gas/electric hybrid CVT),13995,8052,1,False,https://www.carfax.com/VehicleHistory/p/Report.cfx?vin=JTDKDTB37J1602962&partner=FRD_2,5357,6874,334,1478,53670,61670,0.75,16017,2022,Blue,hatchback,dealer,Vanguard Auto Sales LLC,Lakeside,auto.dev,82.9,6,2,2026-09-20,7,0,False,https://www.vanguardautosales.net/pre-owned-cars/detail/x/1580993,"only 6 NHTSA records against a model median of 91 - treated as a data gap, not a clean year"
56.7,2023,Nissan,Sentra,SV 4dr Sedan (2.0L 4cyl CVT),17995,7948,0,False,https://www.carfax.com/VehicleHistory/p/Report.cfx?vin=3N1AB8CVXPY228126&partner=FRD_2,5073,7284,160,1814,42368,50368,0.75,18032,37,Brilliant Silver Metallic,sedan,dealer,Driveway,Mission Viejo,auto.dev,100.0,20,1,2026-09-24,3,85,False,https://www.lithia.com/catcher.esl?vin=3N1AB8CVXPY228126&utm_source=autolist&utm_medium=referral&utm_campaign=vdp_deep_link,
56.7,2017,Volkswagen,Jetta,1.4T S 4dr Sedan (1.4L 4cyl Turbo 6A),9939,7209,1,False,https://www.carfax.com/VehicleHistory/p/Report.cfx?vin=3VW2B7AJ3HM282224&partner=FRD_2,3994,5481,641,1137,108005,116005,0.6000000000000001,10011,72,Black,sedan,dealer,Mercedes-Benz of Laguna Niguel,Laguna Niguel,auto.dev,69.0,159,7,2026-09-20,7,0,False,https://www.autolist.com/volkswagen-jetta#vin=3VW2B7AJ3HM282224,Pre-MQB: timing-chain tensioner history
56.6,2020,Hyundai,Elantra,SEL 4dr Sedan (2.0L 4cyl CVT),13995,6888,0,True,https://www.carfax.com/VehicleHistory/p/Report.cfx?vin=5NPD84LF2LH596673&partner=FRD_2,3977,5702,448,1478,86202,94202,0.6900000000000001,13830,-165,Black,sedan,dealer,DR. CAR,San Diego,auto.dev,63.0,250,3,2026-09-20,7,0,False,https://www.carfax.com/vehicle/5NPD84LF2LH596673,
56.5,2016,Toyota,Corolla,Special Edition 4dr Sedan (1.8L 4cyl CVT),11995,7355,0,False,https://www.carfax.com/VehicleHistory/p/Report.cfx?vin=2T1BURHE4GC671060&partner=FRD_2,3509,5958,633,1310,129651,137651,0.46499999999999997,12141,146,Unspecified,sedan,dealer,AutoZuu Inc,Spring Valley,auto.dev,88.8,214,1,2026-09-23,4,0,False,https://www.autolist.com/toyota-corolla#vin=2T1BURHE4GC671060,
56.4,2015,Mazda,Mazda3,i Touring 4dr Sedan (2.0L 4cyl 6A),6300,6115,0,False,https://www.carfax.com/VehicleHistory/p/Report.cfx?vin=JM1BM1V72F1247905&partner=FRD_2,2077,3846,1184,831,173000,181000,0.27999999999999997,6883,583,White,sedan,dealer,Beyer Enterprises,San Ysidro,auto.dev,51.3,129,4,2026-09-25,2,0,False,https://www.carfax.com/vehicle/JM1BM1V72F1247905,
56.4,2016,Hyundai,Veloster,3dr Hatchback w/Black Interior (1.6L 4cyl 6M),8499,6083,0,False,https://www.carfax.com/VehicleHistory/p/Report.cfx?vin=KMHTC6AD2GU253358&partner=FRD_2,2849,4049,875,1016,74730,82730,0.6900000000000001,10464,1965,Orange,hatchback,dealer,Motormax,San Diego,auto.dev,0.0,222,1,2026-09-20,7,0,False,https://www.autolist.com/hyundai-veloster#vin=KMHTC6AD2GU253358,
56.4,2023,Kia,Forte,LXS 4dr Sedan (2.0L 4cyl CVT),15788,7342,0,True,https://www.carfax.com/VehicleHistory/p/Report.cfx?vin=3KPF24ADXPE562678&partner=FRD_2,4556,6485,247,1628,44915,52915,0.75,17456,1668,Aurora Black,sedan,dealer,Perris Valley Kia,Perris,auto.dev,59.0,62,3,2026-09-20,7,1140,False,https://www.autolist.com/kia-forte#vin=3KPF24ADXPE562678,
56.3,2023,Kia,Seltos,LX 4dr SUV AWD (2.0L 4cyl CVT),17350,7747,0,True,https://www.carfax.com/VehicleHistory/p/Report.cfx?vin=KNDEPCAA3P7431105&partner=FRD_2,4922,7050,162,1759,60548,68548,0.75,17546,196,Blue,small_suv,dealer,Genesis of Escondido,Escondido,auto.dev,100.0,46,2,2026-09-20,7,150,False,https://www.autolist.com/kia-seltos#vin=KNDEPCAA3P7431105,
56.2,2022,Subaru,Legacy,4dr Sedan AWD (2.5L 4cyl CVT),14971,7775,,False,https://www.carfax.com/VehicleHistory/p/Report.cfx?vin=4S3BWAB63N3010428&partner=FRD_2,4366,6555,344,1560,104420,112420,0.6000000000000001,19198,4227,Blue,sedan,dealer, Riviera Automotive ,Laguna Hills,auto.dev,89.6,32,2,2026-09-20,7,0,False,https://www.autolist.com/subaru-legacy#vin=4S3BWAB63N3010428,
56.2,2019,Nissan,Sentra,S 4dr Sedan (1.8L 4cyl CVT),8999,6276,1,False,https://www.carfax.com/VehicleHistory/p/Report.cfx?vin=3N1AB7AP4KL604548&partner=FRD_2,3572,4545,734,1058,81992,89992,0.6900000000000001,12164,3165,White,sedan,dealer,Motormax,San Diego,auto.dev,0.0,222,2,2026-09-20,7,0,False,https://www.autolist.com/nissan-sentra#vin=3N1AB7AP4KL604548,Nissan CVT history - replacement can exceed the car's value
56.2,2023,Kia,Forte,LX 4dr Sedan (2.0L 4cyl CVT),16085,7435,0,False,https://www.carfax.com/VehicleHistory/p/Report.cfx?vin=3KPF24AD8PE644554&partner=FRD_2,4626,6593,247,1653,30557,38557,0.75,18032,1947,Black,sedan,dealer,North County Ford,Vista,auto.dev,59.0,62,3,2026-09-20,7,500,False,https://www.carfax.com/vehicle/3KPF24AD8PE644554,
56.1,2022,Kia,Forte,FE 4dr Sedan (2.0L 4cyl CVT),15880,7850,,False,https://www.carfax.com/VehicleHistory/p/Report.cfx?vin=3KPF24AD0NE446421&partner=FRD_2,5096,6959,201,1636,72891,80891,0.6900000000000001,15361,-519,Gray,sedan,dealer,Karz Plus-Escondido,Escondido,auto.dev,100.0,27,1,2026-09-20,7,0,False,https://www.autolist.com/kia-forte#vin=3KPF24AD0NE446421,
55.9,2019,Hyundai,Ioniq,Limited 4dr Hatchback (1.6L 4cyl gas/electric plug-in hybrid,16214,7645,0,True,https://www.carfax.com/VehicleHistory/p/Report.cfx?vin=KMHC75LD7KU147153&partner=FRD_2,4656,6639,337,1664,62690,70690,0.75,16104,-110,Gray,hatchback,dealer,Mission Viejo Kia,Mission Viejo,auto.dev,75.0,,,2026-09-23,4,0,False,https://www.carfax.com/vehicle/KMHC75LD7KU147153,
55.8,2015,Toyota,Prius c,Two 4dr Hatchback (1.5L 4cyl gas/electric hybrid CVT),12113,7512,,False,https://www.carfax.com/VehicleHistory/p/Report.cfx?vin=JTDKDTB30F1088430&partner=FRD_2,3536,6010,664,1319,130043,138043,0.46499999999999997,9717,-2396,Gray,hatchback,dealer,Kearny Mesa Ford & Kia,San Diego,auto.dev,89.2,132,1,2026-09-20,7,0,False,https://www.autolist.com/toyota-prius+c#vin=JTDKDTB30F1088430,
55.7,2016,Toyota,Corolla,S Premium 4dr Sedan (1.8L 4cyl CVT),13912,7514,,False,https://www.carfax.com/VehicleHistory/p/Report.cfx?vin=5YFBURHE7GP412286&partner=FRD_2,3958,6357,544,1471,105363,113363,0.6000000000000001,13636,-276,White,sedan,dealer,CC Auto Group,San Diego,auto.dev,88.8,214,1,2026-09-20,7,85,False,https://www.autolist.com/toyota-corolla#vin=5YFBURHE7GP412286,
55.7,2019,Honda,HR-V,EX 4dr SUV (1.8L 4cyl CVT),13995,8092,1,False,https://www.carfax.com/VehicleHistory/p/Report.cfx?vin=3CZRU5H56KM714685&partner=FRD_2,5357,6874,408,1478,90320,98320,0.6900000000000001,16813,2818,Silver,small_suv,dealer,East County Pre-Owned,El Cajon,auto.dev,85.2,235,7,2026-09-20,7,0,False,https://www.eastcountypreowned.com/pre-owned-cars/detail/x/1571843,
55.6,2016,Volkswagen,Golf,TSI SEL 4dr Hatchback (1.8L 4cyl Turbo 6A),10673,7433,1,False,https://www.carfax.com/VehicleHistory/p/Report.cfx?vin=3VW217AU0GM010175&partner=FRD_2,4241,5614,720,1199,88672,96672,0.6900000000000001,11974,1301,Blue,hatchback,dealer,Mesa Luxury Imports,Irvine,auto.dev,46.4,85,9,2026-09-20,7,0,False,https://www.autolist.com/volkswagen-golf#vin=3VW217AU0GM010175,Timing-chain tensioner and DSG mechatronic history; parts cost more
55.6,2019,Kia,Soul,+ 4dr Wagon (2.0L 4cyl 6A),10988,7285,0,False,https://www.carfax.com/VehicleHistory/p/Report.cfx?vin=KNDJP3A52K7673989&partner=FRD_2,4078,5868,500,1225,115558,123558,0.46499999999999997,9865,-1123,White,hatchback,dealer,"Bahia Auto Sales, Inc.",Chula Vista,auto.dev,86.1,136,1,2026-09-27,0,0,False,https://www.carfax.com/vehicle/KNDJP3A52K7673989,
55.6,2020,Hyundai,Veloster,Turbo Ultimate 3dr Hatchback (1.6L 4cyl Turbo 7AM),17084,7984,0,False,https://www.carfax.com/VehicleHistory/p/Report.cfx?vin=KMHTH6AB7LU028508&partner=FRD_2,4860,6954,242,1737,59631,67631,0.75,15957,-1127,Black,hatchback,dealer,Carnova,San Diego,auto.dev,90.9,24,1,2026-09-20,7,0,False,https://www.car-nova.com/pre-owned-cars/detail/x/1553766,
55.6,2015,Honda,Civic,LX 4dr Sedan (1.8L 4cyl CVT),9079,7837,,False,https://www.carfax.com/VehicleHistory/p/Report.cfx?vin=19XFB2F53FE092448&partner=FRD_2,3815,6030,765,1065,148858,156858,0.26249999999999996,11786,2707,White,sedan,dealer,Auto Max Inc,San Diego,auto.dev,85.4,380,1,2026-09-25,2,0,False,https://www.autolist.com/honda-civic#vin=19XFB2F53FE092448,
55.5,2023,Nissan,Kicks,SV 4dr Hatchback (1.6L 4cyl CVT),15949,7388,0,True,https://www.carfax.com/VehicleHistory/p/Report.cfx?vin=3N1CP5CV9PL553856&partner=FRD_2,4594,6544,242,1642,60104,68104,0.75,16064,115,Gray,hatchback,dealer,Premier Chevrolet of Carlsbad,Carlsbad,auto.dev,61.7,34,1,2026-09-20,7,41,False,https://www.carfax.com/vehicle/3N1CP5CV9PL553856,
55.5,2017,Kia,Forte,LX 4dr Sedan (2.0L 4cyl 6M),8171,5824,,False,https://www.carfax.com/VehicleHistory/p/Report.cfx?vin=3KPFK4A72HE064700&partner=FRD_2,2494,3893,1018,988,102531,110531,0.6000000000000001,9314,1143,Black,sedan,dealer,Siry Auto,San Diego,auto.dev,0.0,302,3,2026-09-20,7,0,False,https://www.autolist.com/kia-forte#vin=3KPFK4A72HE064700,
55.4,2019,Kia,Forte,S 4dr Sedan (2.0L 4cyl CVT),13243,6610,0,False,https://www.carfax.com/VehicleHistory/p/Report.cfx?vin=3KPF34AD5KE043012&partner=FRD_2,3800,5429,459,1414,65611,73611,0.75,12739,-504,Gray,sedan,dealer,Pacific Honda,San Diego,auto.dev,43.6,147,2,2026-09-20,7,137,False,https://www.carfax.com/vehicle/3KPF34AD5KE043012,
55.3,2018,Mazda,CX-5,Touring 4dr SUV (2.5L 4cyl 6A),14915,7443,0,True,https://www.carfax.com/VehicleHistory/p/Report.cfx?vin=JM3KFACM5J0325005&partner=FRD_2,4352,6170,487,1555,80951,88951,0.6900000000000001,17227,2312,Gray,small_suv,dealer,Aaron Chevrolet,Lake Elsinore,auto.dev,67.2,118,3,2026-09-24,3,0,False,https://aaronfordoflakeelsinore.com/used/Mazda/2018-Mazda-Mazda-CX-5-f08ba77fac185c3035c89e234b128807.htm,
55.2,2017,Hyundai,Ioniq,Blue 4dr Hatchback (1.6L 4cyl gas/electric hybrid 6AM),11622,7775,1,True,https://www.carfax.com/VehicleHistory/p/Report.cfx?vin=KMHC75LC8HU031718&partner=FRD_2,4559,6310,577,1278,101453,109453,0.6000000000000001,12032,410,Black,hatchback,dealer,Hyundai of El Cajon,El Cajon,auto.dev,75.0,,,2026-09-20,7,498,False,https://www.carfax.com/vehicle/KMHC75LC8HU031718,
55.0,2022,Hyundai,Elantra,SEL 4dr Sedan (2.0L 4cyl CVT),18110,7984,0,True,https://www.carfax.com/VehicleHistory/p/Report.cfx?vin=KMHLN4AGXNU353018&partner=FRD_2,5100,7325,160,1823,53001,61001,0.75,17469,-641,Blue,sedan,dealer,Tuttle-Click Hyundai,Irvine,auto.dev,100.0,101,5,2026-09-20,7,0,False,https://www.carfax.com/vehicle/KMHLN4AGXNU353018,
55.0,2020,Kia,Forte,GT-Line 4dr Sedan (2.0L 4cyl CVT),15889,7404,0,False,https://www.carfax.com/VehicleHistory/p/Report.cfx?vin=3KPF34AD1LE190221&partner=FRD_2,4580,6522,277,1637,41161,49161,0.75,14693,-1196,Blue,sedan,dealer,VIP Autos,San Diego,auto.dev,78.8,76,,2026-09-26,1,0,False,https://www.carfax.com/vehicle/3KPF34AD1LE190221,
55.0,2016,Kia,Soul,! 4dr Wagon (2.0L 4cyl 6A),7995,6127,0,False,https://www.carfax.com/VehicleHistory/p/Report.cfx?vin=KNDJP3A50G7286252&partner=FRD_2,2844,4130,1050,974,98137,106137,0.6000000000000001,8987,992,Fathom Blue,hatchback,dealer,Hello Mazda of San Diego,San Diego,auto.dev,0.0,819,2,2026-09-20,7,100,False,https://www.autolist.com/kia-soul#vin=KNDJP3A50G7286252,
54.9,2018,Kia,Soul,+ 4dr Wagon (2.0L 4cyl 6A),11262,7326,1,False,https://www.carfax.com/VehicleHistory/p/Report.cfx?vin=KNDJP3A5XJ7593063&partner=FRD_2,4438,5891,538,1248,101799,109799,0.6000000000000001,10068,-1194,Unspecified,hatchback,dealer,ZEE Auto Consulting LLC,San Diego,auto.dev,75.5,218,1,2026-09-20,7,0,False,https://www.carfax.com/vehicle/KNDJP3A5XJ7593063,
54.9,2016,Kia,Rio,LX 4dr Sedan (1.6L 4cyl 6M),6999,5705,1,False,https://www.carfax.com/VehicleHistory/p/Report.cfx?vin=KNADM4A37G6665603&partner=FRD_2,2900,3798,990,890,90100,98100,0.6900000000000001,7553,554,Blue,sedan,dealer,San Diego Motor Cars LLC,Spring Valley,auto.dev,0.0,77,2,2026-09-20,7,0,False,https://www.carfax.com/vehicle/KNADM4A37G6665603,
54.9,2016,Kia,Soul,4dr Wagon (1.6L 4cyl 6M),8093,6153,,False,https://www.carfax.com/VehicleHistory/p/Report.cfx?vin=KNDJN2A20G7343314&partner=FRD_2,2872,4175,1036,982,96282,104282,0.6000000000000001,9102,1009,,hatchback,dealer,Pro Auto Signature,San Diego,auto.dev,0.0,819,2,2026-09-20,7,0,False,https://www.autolist.com/kia-soul#vin=KNDJN2A20G7343314,
54.8,2022,Kia,Soul,X-Line 4dr Wagon (2.0L 4cyl CVT),13757,8201,1,True,https://www.carfax.com/VehicleHistory/p/Report.cfx?vin=KNDJ23AU0N7813905&partner=FRD_2,5674,7105,257,1458,73446,81446,0.6900000000000001,14454,697,Gray,hatchback,dealer,Chula Vista Ford,Chula Vista,auto.dev,80.2,88,1,2026-09-20,7,178,False,https://www.carfax.com/vehicle/KNDJ23AU0N7813905,
54.8,2018,Honda,Civic,LX 4dr Sedan (2.0L 4cyl CVT),13949,7373,,False,https://www.carfax.com/VehicleHistory/p/Report.cfx?vin=2HGFC2F55JH543830&partner=FRD_2,3966,6029,630,1474,102878,110878,0.6000000000000001,15988,2039,Silver,sedan,dealer,CC Auto Group,San Diego,auto.dev,59.6,598,6,2026-09-20,7,85,False,https://www.autolist.com/honda-civic#vin=2HGFC2F55JH543830,1.5L turbo oil dilution - warm climate helps; confirm it is not the turbo trim
54.7,2016,Nissan,Sentra,FE+ S 4dr Sedan (1.8L 4cyl CVT),8000,6205,1,False,https://www.carfax.com/VehicleHistory/p/Report.cfx?vin=3N1AB7AP2GL663847&partner=FRD_2,3236,4269,959,974,86000,94000,0.6900000000000001,9256,1256,Gray,sedan,dealer,Beyer Enterprises,San Ysidro,auto.dev,0.0,270,6,2026-09-20,7,0,False,https://www.carfax.com/vehicle/3N1AB7AP2GL663847,Nissan CVT history - replacement can exceed the car's value
54.7,2016,Honda,CR-V,LX 4dr SUV AWD (2.4L 4cyl CVT),12829,7748,0,False,https://www.carfax.com/VehicleHistory/p/Report.cfx?vin=2HKRM4H34GH683643&partner=FRD_2,3704,6331,615,1380,138467,146467,0.46499999999999997,14181,1352,Gray,small_suv,dealer,Carz Land,San Diego,auto.dev,95.3,393,3,2026-09-20,7,0,False,https://www.carfax.com/vehicle/2HKRM4H34GH683643,
54.6,2020,Kia,Soul,S 4dr Wagon (2.0L 4cyl CVT),12298,6783,,False,https://www.carfax.com/VehicleHistory/p/Report.cfx?vin=KNDJ23AU1L7030539&partner=FRD_2,3982,5430,520,1335,73601,81601,0.6900000000000001,13135,837,White,hatchback,dealer,CC Auto Group,San Diego,auto.dev,24.6,381,1,2026-09-20,7,85,False,https://www.autolist.com/kia-soul#vin=KNDJ23AU1L7030539,
54.5,2023,Nissan,Versa,S 4dr Sedan (1.6L 4cyl CVT),16998,7572,,False,https://www.carfax.com/VehicleHistory/p/Report.cfx?vin=3N1CN8DV5PL808850&partner=FRD_2,4840,6923,203,1730,38614,46614,0.75,16124,-874,White,sedan,dealer,CarMax Murrieta,Murrieta,auto.dev,79.7,37,1,2026-09-24,3,0,False,https://www.autolist.com/nissan-versa#vin=3N1CN8DV5PL808850,
54.5,2023,Kia,Forte,LX 4dr Sedan (2.0L 4cyl CVT),16141,7453,0,True,https://www.carfax.com/VehicleHistory/p/Report.cfx?vin=3KPF24AD1PE508234&partner=FRD_2,4639,6613,247,1658,47025,55025,0.75,17371,1230,White,sedan,dealer,Xtreme Auto Group,Temecula,auto.dev,59.0,62,3,2026-09-20,7,0,False,https://www.carfax.com/vehicle/3KPF24AD1PE508234,
54.5,2023,Kia,Soul,GT-Line 4dr Wagon (2.0L 4cyl CVT),18285,8051,0,True,https://www.carfax.com/VehicleHistory/p/Report.cfx?vin=KNDJ53AU4P7883112&partner=FRD_2,5141,7388,173,1838,40188,48188,0.75,17181,-1104,Gray,hatchback,dealer,Ken Grody Ford Carlsbad,Carlsbad,auto.dev,93.7,51,4,2026-09-20,7,0,False,https://www.autolist.com/kia-soul#vin=KNDJ53AU4P7883112,
54.5,2016,Honda,CR-V,LX 4dr SUV (2.4L 4cyl CVT),13141,7839,0,False,https://www.carfax.com/VehicleHistory/p/Report.cfx?vin=3CZRM3H32GG705605&partner=FRD_2,3777,6470,582,1406,128675,136675,0.46499999999999997,14758,1617,Black,small_suv,dealer,Xtreme Auto Group,Temecula,auto.dev,95.3,393,3,2026-09-20,7,0,False,https://www.carfax.com/vehicle/3CZRM3H32GG705605,
54.4,2016,Toyota,Camry,SE 4dr Sedan (2.5L 4cyl 6A),14499,8029,0,False,https://www.carfax.com/VehicleHistory/p/Report.cfx?vin=4T1BF1FK6GU524659&partner=FRD_2,4255,6725,512,1520,108164,116164,0.6000000000000001,15015,516,Blue Crush Metallic,sedan,dealer,Baldwin Auto Sales,Escondido,auto.dev,95.3,188,2,2026-09-23,4,85,False,https://www.autolist.com/toyota-camry#vin=4T1BF1FK6GU524659,
54.4,2016,Honda,Fit,LX 4dr Hatchback (1.5L 4cyl CVT),12080,7425,,False,https://www.carfax.com/VehicleHistory/p/Report.cfx?vin=JHMGK5H55GX037938&partner=FRD_2,3529,5996,776,1317,136496,144496,0.46499999999999997,12408,328,White,hatchback,dealer,Karz Plus-Escondido,Escondido,auto.dev,73.4,120,1,2026-09-20,7,0,False,https://www.autolist.com/honda-fit#vin=JHMGK5H55GX037938,
54.3,2017,Volkswagen,Golf,TSI Wolfsburg Edition 4dr Hatchback (1.8L 4cyl Turbo 6A),6910,6205,1,False,https://www.carfax.com/VehicleHistory/p/Report.cfx?vin=3VW217AU3HM021849&partner=FRD_2,2870,3903,1039,882,105410,113410,0.6000000000000001,11114,4204,Blue,hatchback,dealer,Easy Go Auto Sales,San Marcos,auto.dev,0.0,189,5,2026-09-20,7,0,False,https://www.carfax.com/vehicle/3VW217AU3HM021849,Timing-chain tensioner and DSG mechatronic history; parts cost more
54.3,2022,Honda,HR-V,LX 4dr SUV (1.8L 4cyl CVT),16585,7689,,False,https://www.carfax.com/VehicleHistory/p/Report.cfx?vin=3CZRU5H35NM728466&partner=FRD_2,4743,6773,283,1695,87995,95995,0.6900000000000001,17180,595,Black,small_suv,dealer,SIRY MOTORS,San Diego,auto.dev,89.9,88,3,2026-09-20,7,0,False,https://www.autolist.com/honda-hr+v#vin=3CZRU5H35NM728466,
54.2,2020,Nissan,Versa,SR 4dr Sedan (1.6L 4cyl CVT),13580,7658,1,False,https://www.carfax.com/VehicleHistory/p/Report.cfx?vin=3N1CN8FV8LL905533&partner=FRD_2,5217,6688,295,1443,63297,71297,0.75,12579,-1001,Black,sedan,dealer,Perry Ford National City,National City,auto.dev,77.2,64,2,2026-09-23,4,0,False,https://www.carfax.com/vehicle/3N1CN8FV8LL905533,Nissan CVT history - replacement can exceed the car's value (improved 2020 redesign)
54.2,2023,Hyundai,Elantra,SE 4dr Sedan (2.0L 4cyl CVT),16998,7800,,False,https://www.carfax.com/VehicleHistory/p/Report.cfx?vin=KMHLL4AG6PU453626&partner=FRD_2,4840,6923,263,1730,81305,89305,0.6900000000000001,17075,77,Black,sedan,dealer,CarMax Kearny Mesa,San Diego,auto.dev,88.5,98,2,2026-09-20,7,0,False,https://www.autolist.com/hyundai-elantra#vin=KMHLL4AG6PU453626,
54.2,2017,Toyota,RAV4,LE 4dr SUV (2.5L 4cyl 6A),16999,7930,,False,https://www.carfax.com/VehicleHistory/p/Report.cfx?vin=JTMZFREV1HJ145293&partner=FRD_2,4613,7154,473,1730,83419,91419,0.874,18518,1519,Blue,small_suv,dealer,Event Motoring,San Diego,auto.dev,80.3,307,3,2026-09-19,8,0,False,https://www.autolist.com/toyota-rav4#vin=JTMZFREV1HJ145293,Battery hold-down/terminal fire recall 23V-734 - verify it was performed
54.1,2019,Volkswagen,Jetta,1.4T SE 4dr Sedan (1.4L 4cyl Turbo 8A),9115,6242,0,True,https://www.carfax.com/VehicleHistory/p/Report.cfx?vin=3VWC57BU4KM115950&partner=FRD_2,2835,4158,948,1068,110706,118706,0.6000000000000001,11208,2093,White,sedan,dealer,Prime Auto Solution,Escondido,auto.dev,0.0,548,11,2026-09-20,7,255,False,https://www.carfax.com/vehicle/3VWC57BU4KM115950,
54.1,2021,Honda,Civic,Sport 4dr Sedan (2.0L 4cyl CVT),13999,7785,0,False,https://www.carfax.com/VehicleHistory/p/Report.cfx?vin=2HGFC2F87MH518197&partner=FRD_2,3978,6508,532,1478,135526,143526,0.46499999999999997,16204,2205,Unspecified,sedan,dealer,Prestige Auto Source,National City,auto.dev,82.1,144,4,2026-09-20,7,0,False,https://www.carfax.com/vehicle/2HGFC2F87MH518197,1.5L turbo oil dilution - warm climate helps; confirm it is not the turbo trim
54.0,2019,Kia,Niro,S Touring 4dr SUV (1.6L 4cyl gas/electric hybrid 6AM),17602,7989,0,False,https://www.carfax.com/VehicleHistory/p/Report.cfx?vin=KNDCC3LC5K5282301&partner=FRD_2,4981,7142,244,1781,44172,52172,0.75,16545,-1057,White,small_suv,dealer,Tuttle-Click Ford Lincoln,Irvine,auto.dev,100.0,,1,2026-09-20,7,0,False,https://www.autolist.com/kia-niro#vin=KNDCC3LC5K5282301,
54.0,2015,Honda,Civic,LX 4dr Sedan (1.8L 4cyl CVT),9495,8064,,False,https://www.carfax.com/VehicleHistory/p/Report.cfx?vin=19XFB2F56FE706201&partner=FRD_2,3960,6282,754,1100,146000,154000,0.26249999999999996,11930,2435,Gray,sedan,dealer,Best Way Motors Inc,San Diego,auto.dev,85.4,380,1,2026-09-25,2,0,False,https://www.autolist.com/honda-civic#vin=19XFB2F56FE706201,
53.9,2023,Kia,Forte,LXS 4dr Sedan (2.0L 4cyl CVT),14999,7287,,False,https://www.carfax.com/VehicleHistory/p/Report.cfx?vin=3KPF24AD7PE647722&partner=FRD_2,4372,6200,385,1562,87791,95791,0.6900000000000001,15734,735,Gray,sedan,dealer,San Diego Auto Finder,San Diego,auto.dev,59.0,62,3,2026-09-20,7,0,False,https://www.autolist.com/kia-forte#vin=3KPF24AD7PE647722,
53.9,2023,Hyundai,Elantra,SEL 4dr Sedan (2.0L 4cyl CVT),18447,8115,0,False,https://www.carfax.com/VehicleHistory/p/Report.cfx?vin=KMHLS4AG1PU592727&partner=FRD_2,5179,7447,185,1852,38202,46202,0.75,19200,753,Gray,sedan,dealer,Tim Moran Hyundai Hemet,Hemet,auto.dev,88.5,98,2,2026-09-20,7,0,False,https://www.autolist.com/hyundai-elantra#vin=KMHLS4AG1PU592727,
53.8,2023,Nissan,Kicks,SV 4dr Hatchback (1.6L 4cyl CVT),14913,8380,1,True,https://www.carfax.com/VehicleHistory/p/Report.cfx?vin=3N1CP5CV1PL549543&partner=FRD_2,5806,7405,242,1555,27704,35704,0.75,17574,2661,Blue,hatchback,dealer,Driveline Used Cars of Murrieta,Murrieta,auto.dev,61.7,34,1,2026-09-20,7,135,False,https://www.drivelineca.com/pre-owned-cars/detail/x/1347686,
53.8,2016,Volkswagen,Golf,TSI S 4dr Hatchback (1.8L 4cyl Turbo 6A),13999,7407,0,False,https://www.carfax.com/VehicleHistory/p/Report.cfx?vin=3VW217AU3GM056888&partner=FRD_2,3978,6048,562,1478,59122,67122,0.75,14540,541,Night Blue Metallic,hatchback,dealer,Escondido Auto Super Center,Escondido,auto.dev,46.4,85,9,2026-09-20,7,0,False,https://www.autolist.com/volkswagen-golf#vin=3VW217AU3GM056888,Timing-chain tensioner and DSG mechatronic history; parts cost more
53.8,2021,Hyundai,Elantra,SEL 4dr Sedan (2.0L 4cyl CVT),16084,8803,1,False,https://www.carfax.com/VehicleHistory/p/Report.cfx?vin=5NPLM4AG1MH049088&partner=FRD_2,6199,7930,189,1653,34009,42009,0.75,17405,1321,Blue,sedan,dealer,Mossy Toyota,San Diego,auto.dev,99.7,130,6,2026-09-20,7,904,False,https://www.autolist.com/hyundai-elantra#vin=5NPLM4AG1MH049088,
53.8,2016,Toyota,Camry,XSE 4dr Sedan (2.5L 4cyl 6A),17010,8298,0,True,https://www.carfax.com/VehicleHistory/p/Report.cfx?vin=4T1BF1FK9GU538135&partner=FRD_2,4843,7344,359,1731,62993,70993,0.75,17397,387,Silver,sedan,dealer,Honda of El Cajon,El Cajon,auto.dev,95.3,188,2,2026-09-26,1,0,False,https://www.autolist.com/toyota-camry#vin=4T1BF1FK9GU538135,
53.8,2016,Toyota,Corolla,S Premium 4dr Sedan (1.8L 4cyl CVT),11585,8074,1,False,https://www.carfax.com/VehicleHistory/p/Report.cfx?vin=5YFBURHEXGP514553&partner=FRD_2,4546,6625,599,1275,120327,128327,0.46499999999999997,12715,1130,Gray,sedan,dealer,Auto Advantage,Escondido,auto.dev,88.8,214,1,2026-09-22,5,0,False,https://www.carfax.com/vehicle/5YFBURHEXGP514553,
53.7,2019,Toyota,C-HR,LE 4dr SUV (2.0L 4cyl CVT),11500,7458,1,True,https://www.carfax.com/VehicleHistory/p/Report.cfx?vin=JTNKHMBX2K1056436&partner=FRD_2,4518,6003,567,1268,105794,113794,0.6000000000000001,13877,2377,White,small_suv,dealer,Aaron Chevrolet,Lake Elsinore,auto.dev,66.2,110,3,2026-09-20,7,303,False,https://aaronfordoflakeelsinore.com/used/Toyota/2019-Toyota-C-HR-93d74812ac185d005aaedd202a2b12ea.htm,
53.7,2022,Honda,HR-V,Sport 4dr SUV (1.8L 4cyl CVT),15836,8694,1,False,https://www.carfax.com/VehicleHistory/p/Report.cfx?vin=3CZRU5H1XNM726632&partner=FRD_2,6115,7818,182,1632,35427,43427,0.75,19326,3490,Unspecified,small_suv,dealer,Top Notch Auto Sales,Temecula,auto.dev,89.9,88,3,2026-09-20,7,0,False,https://www.tna.la/pre-owned-cars/detail/x/1545606,
53.6,2019,Subaru,Impreza,2.0i 4dr Hatchback AWD (2.0L 4cyl CVT),11995,7355,1,True,https://www.carfax.com/VehicleHistory/p/Report.cfx?vin=4S3GTAA69K3725872&partner=FRD_2,4685,5978,529,1310,38160,46160,0.75,17053,5058,Gray,hatchback,dealer,Vanguard Auto Sales LLC,Lakeside,auto.dev,12.5,194,5,2026-09-20,7,0,False,https://www.vanguardautosales.net/pre-owned-cars/detail/x/1522675,
53.6,2015,Volkswagen,Jetta,"SE PZEV w/Connectivity, Navigation 4dr Sedan (1.8L 4cyl Turb",13998,7304,0,False,https://www.carfax.com/VehicleHistory/p/Report.cfx?vin=3VWD17AJ0FM225939&partner=FRD_2,3978,6047,500,1478,51158,59158,0.75,12571,-1427,Reflex Silver Metallic,sedan,dealer,CarMax Escondido,Escondido,auto.dev,69.6,194,8,2026-09-22,5,0,False,https://www.autolist.com/volkswagen-jetta#vin=3VWD17AJ0FM225939,Pre-MQB: timing-chain tensioner history
53.5,2023,Nissan,Sentra,SV 4dr Sedan (2.0L 4cyl CVT),16080,8772,1,False,https://www.carfax.com/VehicleHistory/p/Report.cfx?vin=3N1AB8CVXPY223797&partner=FRD_2,6198,7928,160,1653,54273,62273,0.75,17341,1261,White,sedan,dealer,Temecula Nissan,Murrieta,auto.dev,100.0,20,1,2026-09-20,7,0,False,https://temeculanissan.com/inventory/Used-2023-Nissan-Sentra-SV-3N1AB8CVXPY223797-1750,
53.4,2019,Nissan,Sentra,SV 4dr Sedan (1.8L 4cyl CVT),6950,6096,1,False,https://www.carfax.com/VehicleHistory/p/Report.cfx?vin=3N1AB7AP4KY452855&partner=FRD_2,2884,3973,1043,886,123481,131481,0.46499999999999997,9756,2806,Super Black,sedan,dealer,VH Motorsports & Accessories,San Diego,auto.dev,0.0,222,2,2026-09-20,7,0,False,https://www.autolist.com/nissan-sentra#vin=3N1AB7AP4KY452855,Nissan CVT history - replacement can exceed the car's value
53.3,2020,Subaru,Impreza,Premium 4dr Hatchback AWD (2.0L 4cyl CVT),12450,7305,,False,https://www.carfax.com/VehicleHistory/p/Report.cfx?vin=4S3GTAV6XL3722975&partner=FRD_2,3616,5856,637,1348,128580,136580,0.46499999999999997,12586,136,Black,hatchback,dealer,XDrive,San Diego,auto.dev,65.3,85,1,2026-09-20,7,0,False,https://www.autolist.com/subaru-impreza#vin=4S3GTAV6XL3722975,
53.2,2020,Mazda,CX-30,Premium 4dr SUV (2.5L 4cyl 6A),15698,7847,0,False,https://www.carfax.com/VehicleHistory/p/Report.cfx?vin=3MVDMAEM7LM103391&partner=FRD_2,4536,6837,367,1621,107065,115065,0.6000000000000001,16244,546,Blue,small_suv,dealer,Top Notch Auto Sales,Temecula,auto.dev,100.0,33,3,2026-09-20,7,0,False,https://www.tna.la/pre-owned-cars/detail/x/1506115,
53.2,2019,Honda,Civic,Sport 4dr Sedan (2.0L 4cyl CVT),17900,8095,0,True,https://www.carfax.com/VehicleHistory/p/Report.cfx?vin=2HGFC2F89KH562862&partner=FRD_2,5051,7249,337,1806,30776,38776,0.75,20266,2366,Silver,sedan,dealer,Sunset Elite Auto,Laguna Hills,auto.dev,71.5,348,4,2026-09-23,4,0,False,https://www.carfax.com/vehicle/2HGFC2F89KH562862,1.5L turbo oil dilution - warm climate helps; confirm it is not the turbo trim
53.2,2015,Honda,Civic,LX 4dr Sedan (1.8L 4cyl CVT),12477,7619,,False,https://www.carfax.com/VehicleHistory/p/Report.cfx?vin=19XFB2F55FE247517&partner=FRD_2,3622,6173,706,1350,133474,141474,0.46499999999999997,12565,88,Black,sedan,dealer,Carco Sales & Finance,Poway,auto.dev,85.4,380,1,2026-09-20,7,0,False,https://www.autolist.com/honda-civic#vin=19XFB2F55FE247517,
53.1,2020,Subaru,Crosstrek,Premium 4dr SUV AWD (2.0L 4cyl 6M),18058,8057,,False,https://www.carfax.com/VehicleHistory/p/Report.cfx?vin=JF2GTACC2LG240276&partner=FRD_2,5088,7306,250,1819,62151,70151,0.75,19201,1143,Gray,small_suv,dealer,South County Lexus,Mission Viejo,auto.dev,90.8,69,,2026-09-20,7,1025,False,https://www.berkshirehathawayautomotive.com/catcher.esl?vin=JF2GTACC2LG240276&atc_ownerid=autolist&utm_source=autolist&utm_medium=referral&utm_campaign=vdp_deep_link,
53.0,2020,Hyundai,Elantra,SE 4dr Sedan (2.0L 4cyl CVT),16256,7565,0,False,https://www.carfax.com/VehicleHistory/p/Report.cfx?vin=5NPD74LF6LH605300&partner=FRD_2,4666,6655,323,1668,33497,41497,0.75,16429,173,White,sedan,dealer,Sedano Chevrolet,Santee,auto.dev,63.0,250,3,2026-09-20,7,0,False,https://www.autolist.com/hyundai-elantra#vin=5NPD74LF6LH605300,
52.9,2022,Nissan,Kicks,SV 4dr Hatchback (1.6L 4cyl CVT),17685,7877,0,True,https://www.carfax.com/VehicleHistory/p/Report.cfx?vin=3N1CP5CVXNL528154&partner=FRD_2,5001,7172,186,1788,51224,59224,0.75,15774,-1911,Gray,hatchback,dealer,Sedano Lincoln,La Mesa,auto.dev,88.0,23,,2026-09-20,7,0,False,https://www.carfax.com/vehicle/3N1CP5CVXNL528154,Nissan CVT history - replacement can exceed the car's value
52.9,2015,Volkswagen,Golf,TSI S 4dr Hatchback (1.8L 4cyl Turbo 6A),8995,7072,1,False,https://www.carfax.com/VehicleHistory/p/Report.cfx?vin=3VW217AU7FM094350&partner=FRD_2,3571,4932,975,1058,105986,113986,0.6000000000000001,9877,882,Black,hatchback,dealer,North County Auto,Oceanside,auto.dev,29.7,131,12,2026-09-20,7,0,False,https://www.northcountyautosales.com/cars-for-sale/Details/6a5745b9-cddd-4246-9c54-a1e43f929fef,Timing-chain tensioner and DSG mechatronic history; parts cost more
52.9,2016,Nissan,Sentra,SV 4dr Sedan (1.8L 4cyl CVT),7950,6082,,False,https://www.carfax.com/VehicleHistory/p/Report.cfx?vin=3N1AB7AP6GY226369&partner=FRD_2,2831,4110,1023,970,94473,102473,0.6000000000000001,8764,814,,sedan,dealer,Motor Point LLC,San Diego,auto.dev,0.0,270,6,2026-09-20,7,0,False,https://www.autolist.com/nissan-sentra#vin=3N1AB7AP6GY226369,Nissan CVT history - replacement can exceed the car's value
52.9,2023,Hyundai,Elantra,SE 4dr Sedan (2.0L 4cyl CVT),16084,8799,1,True,https://www.carfax.com/VehicleHistory/p/Report.cfx?vin=KMHLL4AG3PU596095&partner=FRD_2,6199,7930,185,1653,48545,56545,0.75,18690,2606,Gray,sedan,dealer,Carnova,San Diego,auto.dev,88.5,98,2,2026-09-20,7,0,False,https://www.car-nova.com/pre-owned-cars/detail/x/1581617,
52.9,2019,Honda,HR-V,LX 4dr SUV (1.8L 4cyl CVT),11119,7816,0,False,https://www.carfax.com/VehicleHistory/p/Report.cfx?vin=3CZRU5H3XKG715660&partner=FRD_2,3304,6200,663,1236,156814,164814,0.26249999999999996,14099,2980,Black,small_suv,dealer,Toyota of El Cajon,El Cajon,auto.dev,85.2,235,7,2026-09-25,2,0,False,https://www.carfax.com/vehicle/3CZRU5H3XKG715660,
52.8,2021,Honda,Accord,LX 4dr Sedan (1.5L 4cyl Turbo CVT),14250,8175,0,False,https://www.carfax.com/VehicleHistory/p/Report.cfx?vin=1HGCV1F13MA090945&partner=FRD_2,4197,6738,495,1499,125490,133490,0.46499999999999997,17574,3324,Modern Steel Metallic,sedan,dealer,ZAS Motors,San Diego,auto.dev,81.7,232,4,2026-09-20,7,0,False,https://www.autolist.com/honda-accord#vin=1HGCV1F13MA090945,1.5L turbo oil dilution - warm climate helps; confirm it is not the turbo trim
52.7,2023,Nissan,Kicks,SV 4dr Hatchback (1.6L 4cyl CVT),15055,8438,1,True,https://www.carfax.com/VehicleHistory/p/Report.cfx?vin=3N1CP5CV5PL494496&partner=FRD_2,5854,7469,242,1567,30647,38647,0.75,17437,2382,White,hatchback,dealer,Total Cars,San Diego,auto.dev,61.7,34,1,2026-09-20,7,0,False,https://www.autolist.com/nissan-kicks#vin=3N1CP5CV5PL494496,
52.7,2023,Kia,Forte,LX 4dr Sedan (2.0L 4cyl CVT),14813,8345,1,False,https://www.carfax.com/VehicleHistory/p/Report.cfx?vin=3KPF24AD6PE597928&partner=FRD_2,5772,7360,247,1546,24525,32525,0.75,18274,3461,Orange,sedan,dealer,Driveline Used Cars of Murrieta,Murrieta,auto.dev,59.0,62,3,2026-09-23,4,135,False,https://www.drivelineca.com/pre-owned-cars/detail/x/1588005,
52.7,2023,Kia,Forte,LX 4dr Sedan (2.0L 4cyl CVT),16750,7644,,False,https://www.carfax.com/VehicleHistory/p/Report.cfx?vin=3KPF24AD2PE651998&partner=FRD_2,4782,6833,247,1709,35705,43705,0.75,17826,1076,Gray,sedan,dealer,Land Rover Mission Viejo,Mission Viejo,auto.dev,59.0,62,3,2026-09-22,5,0,False,https://www.lithia.com/catcher.esl?vin=3KPF24AD2PE651998&utm_source=autolist&utm_medium=referral&utm_campaign=vdp_deep_link,
52.6,2018,Subaru,Impreza,2.0i Sport 4dr Hatchback AWD (2.0L 4cyl CVT),13580,7935,1,False,https://www.carfax.com/VehicleHistory/p/Report.cfx?vin=4S3GTAM63J3751295&partner=FRD_2,5217,6688,466,1443,57646,65646,0.75,15594,2014,Silver,hatchback,dealer,360 AUTO SALES INC,El Cajon,auto.dev,46.5,151,5,2026-09-20,7,0,False,https://www.carfax.com/vehicle/4S3GTAM63J3751295,
52.6,2020,Nissan,Kicks,SR 4dr Hatchback (1.6L 4cyl CVT),11999,6755,0,True,https://www.carfax.com/VehicleHistory/p/Report.cfx?vin=3N1CP5DV2LL514650&partner=FRD_2,3902,5313,596,1310,77934,85934,0.6900000000000001,13121,1122,Gray,hatchback,dealer,Motormax,San Diego,auto.dev,11.5,96,,2026-09-20,7,0,False,https://www.carfax.com/vehicle/3N1CP5DV2LL514650,Nissan CVT history - replacement can exceed the car's value
52.6,2017,Hyundai,Elantra,SE PZEV 4dr Sedan w/Prod. End 10/16 (2.0L 4cyl 6A),9495,6970,1,False,https://www.carfax.com/VehicleHistory/p/Report.cfx?vin=5NPD74LF0HH076689&partner=FRD_2,4115,5281,758,1100,74360,82360,0.6900000000000001,11410,1915,White,sedan,dealer,North County Auto,Oceanside,auto.dev,10.7,767,4,2026-09-20,7,0,False,https://www.northcountyautosales.com/cars-for-sale/Details/2c692581-532c-4f2a-bf05-fdc6d779d896,
52.6,2018,Toyota,RAV4,LE 4dr SUV (2.5L 4cyl 6A),16576,7976,0,False,https://www.carfax.com/VehicleHistory/p/Report.cfx?vin=2T3ZFREV7JW430121&partner=FRD_2,4519,6994,509,1694,104938,112938,0.76,18018,1442,Black,small_suv,dealer,DCH Kia of Temecula,Temecula,auto.dev,83.2,331,3,2026-09-20,7,415,False,https://dchkiaoftemecula.com/used/Toyota/2018-Toyota-RAV4-serving-temecula-ca-7896bef9ac185ca9e7e2cb7fa7bd29fe.htm,
52.5,2022,Volkswagen,Jetta,S 4dr Sedan (1.5L 4cyl Turbo 8A),18601,8356,0,True,https://www.carfax.com/VehicleHistory/p/Report.cfx?vin=3VWCM7BU4NM016052&partner=FRD_2,5214,7502,179,1864,26077,34077,0.75,19161,560,White,sedan,dealer,DCH Honda of Temecula,Temecula,auto.dev,91.0,43,1,2026-09-20,7,299,False,https://www.autolist.com/volkswagen-jetta#vin=3VWCM7BU4NM016052,
52.5,2015,Nissan,Versa,1.6 S 4dr Sedan (1.6L 4cyl 5M),12599,6629,,False,https://www.carfax.com/VehicleHistory/p/Report.cfx?vin=3N1CN7AP5FL882333&partner=FRD_2,3650,5505,593,1360,55255,63255,0.75,9542,-3057,Blue,sedan,dealer,CarMax Escondido,Escondido,auto.dev,50.0,,,2026-09-20,7,399,False,https://www.autolist.com/nissan-versa#vin=3N1CN7AP5FL882333,
52.5,2021,Toyota,Corolla,LE 4dr Sedan (1.8L 4cyl CVT),12579,7367,,False,https://www.carfax.com/VehicleHistory/p/Report.cfx?vin=5YFEPMAE2MP227303&partner=FRD_2,3646,5910,650,1359,121230,129230,0.46499999999999997,15421,2842,Gray,sedan,dealer,Auto Max Inc,San Diego,auto.dev,48.1,185,1,2026-09-20,7,0,False,https://www.autolist.com/toyota-corolla#vin=5YFEPMAE2MP227303,
52.5,2016,Honda,CR-V,LX 4dr SUV (2.4L 4cyl CVT),13495,8553,1,False,https://www.carfax.com/VehicleHistory/p/Report.cfx?vin=2HKRM3H32GH501688&partner=FRD_2,5189,7235,519,1436,110057,118057,0.6000000000000001,15856,2361,Gray,small_suv,dealer,Prime Auto Imports,San Diego,auto.dev,95.3,393,3,2026-09-20,7,0,False,https://www.carfax.com/vehicle/2HKRM3H32GH501688,
52.4,2023,Hyundai,Elantra,SEL 4dr Sedan (2.0L 4cyl CVT),16762,8197,0,True,https://www.carfax.com/VehicleHistory/p/Report.cfx?vin=5NPLM4AG3PH089323&partner=FRD_2,5332,7303,241,1710,75296,83296,0.6900000000000001,17371,609,Quartz White,sedan,dealer,AutoNation Subaru Carlsbad,Carlsbad,auto.dev,88.5,98,2,2026-09-24,3,0,False,https://bmwencinitas.com/used/Hyundai/2023-Hyundai-Elantra-caa2e8d5ac1822ed3b294cb0b257dec5.htm,
52.4,2023,Kia,Seltos,S 4dr SUV (2.0L 4cyl CVT),18684,8163,,False,https://www.carfax.com/VehicleHistory/p/Report.cfx?vin=KNDEU2AA6P7373977&partner=FRD_2,5234,7532,160,1871,46609,54609,0.75,18488,-196,Gray,small_suv,dealer,Perris Valley Auto Center,Perris,auto.dev,100.0,46,2,2026-09-20,7,0,False,https://www.autolist.com/kia-seltos#vin=KNDEU2AA6P7373977,
52.4,2019,Honda,Civic,EX 4dr Sedan (1.5L 4cyl Turbo CVT),13350,7670,,False,https://www.carfax.com/VehicleHistory/p/Report.cfx?vin=19XFC1F31KE203482&partner=FRD_2,3826,6234,663,1423,133775,141775,0.46499999999999997,15045,1695,White,sedan,dealer,AZS Motors,San Diego,auto.dev,71.5,348,4,2026-09-20,7,0,False,https://www.autolist.com/honda-civic#vin=19XFC1F31KE203482,1.5L turbo oil dilution - warm climate helps; confirm it is not the turbo trim
52.2,2022,Nissan,Sentra,SV 4dr Sedan (2.0L 4cyl CVT),15015,7180,0,True,https://www.carfax.com/VehicleHistory/p/Report.cfx?vin=3N1AB8CV4NY258199&partner=FRD_2,4375,6206,328,1563,67896,75896,0.75,15658,643,Blue,sedan,dealer,"Star Auto SD, Inc.",Escondido,auto.dev,42.4,81,2,2026-09-20,7,0,False,https://www.autolist.com/nissan-sentra#vin=3N1AB8CV4NY258199,Nissan CVT history - replacement can exceed the car's value (improved 2020 redesign)
52.2,2015,Toyota,Corolla,S 4dr Sedan (1.8L 4cyl CVT),11413,8042,1,False,https://www.carfax.com/VehicleHistory/p/Report.cfx?vin=5YFBURHE8FP234810&partner=FRD_2,4489,6535,650,1261,129240,137240,0.46499999999999997,11614,201,Gray,sedan,dealer,Toyota Carlsbad,Carlsbad,auto.dev,90.6,219,1,2026-09-22,5,1575,False,https://toyotacarlsbad.com/used/Toyota/2015-Toyota-Corolla-b8d24523ac180edf8db7c81729b54dc1.htm,
52.1,2020,Nissan,Kicks,SV 4dr Hatchback (1.6L 4cyl CVT),10885,6859,0,True,https://www.carfax.com/VehicleHistory/p/Report.cfx?vin=3N1CP5CV4LL503473&partner=FRD_2,3780,5278,697,1216,92451,100451,0.6000000000000001,12444,1559,White,hatchback,dealer,Ken Grody Ford Carlsbad,Carlsbad,auto.dev,11.5,96,,2026-09-20,7,1195,False,https://www.carfax.com/vehicle/3N1CP5CV4LL503473,Nissan CVT history - replacement can exceed the car's value
52.0,2015,Honda,Civic,EX 4dr Sedan (1.8L 4cyl CVT),10395,7825,0,False,https://www.carfax.com/VehicleHistory/p/Report.cfx?vin=19XFB2F89FE255629&partner=FRD_2,3134,6087,793,1175,156108,164108,0.26249999999999996,11418,1023,Gray,sedan,dealer,Ridenow Auto Group,Chula Vista,auto.dev,85.4,380,1,2026-09-25,2,0,False,https://www.carfax.com/vehicle/19XFB2F89FE255629,
51.9,2017,Honda,Civic,LX 4dr Sedan (2.0L 4cyl CVT),13548,8019,0,False,https://www.carfax.com/VehicleHistory/p/Report.cfx?vin=2HGFC2F55HH555602&partner=FRD_2,4539,6733,611,1440,97406,105406,0.6000000000000001,15641,2093,Black,sedan,dealer,Maverick Toyota,Lemon Grove,auto.dev,65.9,593,6,2026-09-23,4,1838,False,https://www.mavericktoyota.com/used-Lemon+Grove-2017-Honda-Civic-LX-2HGFC2F55HH555602,1.5L turbo oil dilution - warm climate helps; confirm it is not the turbo trim
51.8,2023,Nissan,Kicks,SR 4dr Hatchback (1.6L 4cyl CVT),17585,7901,0,True,https://www.carfax.com/VehicleHistory/p/Report.cfx?vin=3N1CP5DV9PL561938&partner=FRD_2,4977,7135,242,1779,22216,30216,0.75,17830,245,Black,hatchback,dealer,Ken Grody Ford Carlsbad,Carlsbad,auto.dev,61.7,34,1,2026-09-20,7,200,False,https://www.carfax.com/vehicle/3N1CP5DV9PL561938,
51.8,2023,Kia,Soul,GT-Line 4dr Wagon (2.0L 4cyl CVT),15871,8718,1,True,https://www.carfax.com/VehicleHistory/p/Report.cfx?vin=KNDJ53AU9P7884627&partner=FRD_2,6127,7834,191,1635,64970,72970,0.75,15637,-234,Gray,hatchback,dealer,Summit Subaru El Cajon,El Cajon,auto.dev,93.7,51,4,2026-09-20,7,246,False,https://summitsubaru.com/inventory/Used-2023-Kia-Soul-GT-Line-KNDJ53AU9P7884627,
51.8,2022,Hyundai,Ioniq,SE 4dr Hatchback (1.6L 4cyl gas/electric hybrid 6AM),15080,7768,0,True,https://www.carfax.com/VehicleHistory/p/Report.cfx?vin=KMHC75LC3NU282528&partner=FRD_2,4391,6597,420,1569,108437,116437,0.6000000000000001,14328,-752,Silver,hatchback,dealer,Temecula Valley Toyota,Temecula,auto.dev,75.0,,,2026-09-27,0,0,False,https://www.autolist.com/hyundai-ioniq+hybrid#vin=KMHC75LC3NU282528,
51.7,2015,Toyota,RAV4,XLE 4dr SUV (2.5L 4cyl 6A),15923,8086,0,False,https://www.carfax.com/VehicleHistory/p/Report.cfx?vin=JTMWFREV6FJ059249&partner=FRD_2,4376,7145,580,1640,111099,119099,0.76,16092,169,Gray,small_suv,dealer,Pacific Honda,San Diego,auto.dev,91.2,304,4,2026-09-20,7,160,False,https://www.autolist.com/toyota-rav4#vin=JTMWFREV6FJ059249,
51.6,2023,Nissan,Sentra,SV 4dr Sedan (2.0L 4cyl CVT),16311,8866,1,True,https://www.carfax.com/VehicleHistory/p/Report.cfx?vin=3N1AB8CV2PY315258&partner=FRD_2,6275,8031,160,1672,59646,67646,0.75,17029,718,Black,sedan,dealer,Mossy INEOS Grenadier (CA),National City,auto.dev,100.0,20,1,2026-09-20,7,187,False,https://www.autolist.com/nissan-sentra#vin=3N1AB8CV2PY315258,
51.6,2019,Hyundai,Veloster,Turbo R-Spec 3dr Hatchback (1.6L 4cyl Turbo 6M),15999,7865,0,False,https://www.carfax.com/VehicleHistory/p/Report.cfx?vin=KMHTH6AB9KU011806&partner=FRD_2,4606,6562,405,1646,84415,92415,0.6900000000000001,13294,-2705,Sunset Orange,hatchback,dealer,BMW Carlsbad,Carlsbad,auto.dev,80.8,42,2,2026-09-20,7,998,False,https://bmwencinitas.com/used/Hyundai/2019-Hyundai-Veloster-2f48b41dac181bbdf7ea82704050c0ef.htm,
51.5,2023,Hyundai,Elantra,SEL 4dr Sedan (2.0L 4cyl CVT),18999,8287,0,True,https://www.carfax.com/VehicleHistory/p/Report.cfx?vin=5NPLS4AG2PH106618&partner=FRD_2,5308,7646,185,1898,37783,45783,0.75,19221,222,White,sedan,dealer,Pedder Chrysler Jeep Dodge Ram of Poway,Poway,auto.dev,88.5,98,2,2026-09-26,1,87,False,https://powaycdjr.com/inventory/Used-2023-Hyundai-Elantra-SEL-5NPLS4AG2PH106618-1770,
51.5,2016,Hyundai,Accent,SE 4dr Sedan (1.6L 4cyl 6A),8370,6376,1,False,https://www.carfax.com/VehicleHistory/p/Report.cfx?vin=KMHCT4AE4GU071884&partner=FRD_2,3601,4640,867,1005,73607,81607,0.6900000000000001,10080,1710,Blue,sedan,dealer,DCH Honda of Temecula,Temecula,auto.dev,0.0,100,,2026-09-20,7,187,False,https://dchhondaoftemecula.com/used/Hyundai/2016-Hyundai-Accent-for-sale-temecula-california-fd73b585ac184a64f5d1c0fe8a55ba50.htm,
51.5,2021,Toyota,C-HR,XLE 4dr SUV (2.0L 4cyl CVT),17117,7884,0,False,https://www.carfax.com/VehicleHistory/p/Report.cfx?vin=JTNKHMBX4M1108684&partner=FRD_2,4868,6966,309,1740,83710,91710,0.6900000000000001,17778,661,White,small_suv,dealer,Summit Subaru El Cajon,El Cajon,auto.dev,87.1,34,1,2026-09-20,7,500,False,https://summitsubaru.com/inventory/Used-2021-Toyota-C-HR-LE-JTNKHMBX4M1108684,
51.5,2020,Honda,Civic,Sport 4dr Sedan (2.0L 4cyl CVT),15995,8858,1,True,https://www.carfax.com/VehicleHistory/p/Report.cfx?vin=19XFC2F84LE208615&partner=FRD_2,6170,7890,280,1646,53892,61892,0.75,19718,3723,White,sedan,dealer,Vanguard Auto Sales LLC,Lakeside,auto.dev,77.8,225,5,2026-09-23,4,0,False,https://www.vanguardautosales.net/pre-owned-cars/detail/x/1572454,1.5L turbo oil dilution - warm climate helps; confirm it is not the turbo trim
51.4,2016,Honda,CR-V,EX 4dr SUV (2.4L 4cyl CVT),13335,7956,0,True,https://www.carfax.com/VehicleHistory/p/Report.cfx?vin=2HKRM3H55GH510628&partner=FRD_2,3822,6556,623,1422,140770,148770,0.46499999999999997,14045,710,Silver,small_suv,dealer,Mossy Ford,San Diego,auto.dev,95.3,393,3,2026-09-20,7,650,False,https://www.autolist.com/honda-cr+v#vin=2HKRM3H55GH510628,
51.1,2023,Kia,Forte,LX 4dr Sedan (2.0L 4cyl CVT),17076,7746,0,True,https://www.carfax.com/VehicleHistory/p/Report.cfx?vin=3KPF24AD3PE671872&partner=FRD_2,4857,6951,247,1736,36789,44789,0.75,17782,706,Black,sedan,dealer,DCH Kia of Temecula,Temecula,auto.dev,59.0,62,3,2026-09-20,7,500,False,https://dchkiaoftemecula.com/certified/Kia/2023-Kia-Forte-serving-temecula-ca-7896c9beac1806568f439d17c5113535.htm,
51.1,2020,Kia,Soul,GT-Line 4dr Wagon (2.0L 4cyl CVT),14072,6990,,False,https://www.carfax.com/VehicleHistory/p/Report.cfx?vin=KNDJ63AU3L7081223&partner=FRD_2,4155,5865,433,1484,59645,67645,0.75,14005,-67,White,hatchback,dealer,Mission Viejo Kia,Mission Viejo,auto.dev,24.6,381,1,2026-09-25,2,0,False,https://www.autolist.com/kia-soul#vin=KNDJ63AU3L7081223,
51.1,2018,Honda,HR-V,EX 4dr SUV (1.8L 4cyl CVT),15080,8339,0,False,https://www.carfax.com/VehicleHistory/p/Report.cfx?vin=3CZRU5H54JG705884&partner=FRD_2,5126,7201,427,1569,98661,106661,0.6000000000000001,16382,1302,Modern Steel Metal,small_suv,dealer,AutoNation Mazda Carlsbad,Carlsbad,auto.dev,94.1,156,3,2026-09-20,7,0,False,https://bmwencinitas.com/used/Honda/2018-Honda-HR-V-6decd3f7ac1806568f439d17c800033b.htm,
51.0,2020,Kia,Forte,GT 4dr Sedan (1.6L 4cyl Turbo 7AM),15119,7334,0,False,https://www.carfax.com/VehicleHistory/p/Report.cfx?vin=3KPF44AC6LE185570&partner=FRD_2,4400,6244,393,1572,88132,96132,0.6900000000000001,12806,-2313,Blue,sedan,dealer,Team Kia of El Cajon,El Cajon,auto.dev,78.8,76,,2026-09-20,7,0,False,https://www.carfax.com/vehicle/3KPF44AC6LE185570,
50.9,2015,Mazda,CX-5,Grand Touring 4dr SUV (2.5L 4cyl 6A),14076,8312,0,False,https://www.carfax.com/VehicleHistory/p/Report.cfx?vin=JM3KE2DY1F0490762&partner=FRD_2,4840,7091,483,1484,99698,107698,0.6000000000000001,14158,82,White,small_suv,dealer,DCH Kia of Temecula,Temecula,auto.dev,100.0,133,4,2026-09-20,7,0,False,https://dchkiaoftemecula.com/used/Mazda/2015-Mazda-Mazda-CX-5-serving-temecula-ca-aba861c9ac18279fde168c34e5171f7f.htm,
50.9,2021,Nissan,Sentra,SV 4dr Sedan (2.0L 4cyl CVT),11747,7319,1,False,https://www.carfax.com/VehicleHistory/p/Report.cfx?vin=3N1AB8CV2MY264470&partner=FRD_2,4601,5866,556,1289,88639,96639,0.6900000000000001,13562,1815,Black,sedan,dealer,Santa Motor CA INC,El Cajon,auto.dev,25.8,131,3,2026-09-20,7,350,False,https://www.autolist.com/nissan-sentra#vin=3N1AB8CV2MY264470,Nissan CVT history - replacement can exceed the car's value (improved 2020 redesign)
50.9,2023,Kia,Forte,LX 4dr Sedan (2.0L 4cyl CVT),16983,7717,0,True,https://www.carfax.com/VehicleHistory/p/Report.cfx?vin=3KPF24AD0PE691027&partner=FRD_2,4836,6918,247,1729,43757,51757,0.75,17502,519,Gray,sedan,dealer,Premier Kia Carlsbad,Carlsbad,auto.dev,59.0,62,3,2026-09-20,7,602,False,https://www.autolist.com/kia-forte#vin=3KPF24AD0PE691027,
50.9,2023,Kia,Forte,LX 4dr Sedan (2.0L 4cyl CVT),17122,7760,0,True,https://www.carfax.com/VehicleHistory/p/Report.cfx?vin=3KPF24AD7PE676041&partner=FRD_2,4868,6967,247,1740,35880,43880,0.75,17818,696,White,sedan,dealer,North County Kia,Escondido,auto.dev,59.0,62,3,2026-09-25,2,0,False,https://www.carfax.com/vehicle/3KPF24AD7PE676041,
50.9,2015,Toyota,RAV4,XLE 4dr SUV AWD (2.5L 4cyl 6A),16080,8138,0,False,https://www.carfax.com/VehicleHistory/p/Report.cfx?vin=JTMRFREV6FD115699&partner=FRD_2,4411,7208,580,1653,110862,118862,0.76,16103,23,White,small_suv,dealer,Toyota of Poway,Poway,auto.dev,91.2,304,4,2026-09-20,7,754,False,https://www.carfax.com/vehicle/JTMRFREV6FD115699,
50.9,2018,Honda,Civic,LX 4dr Sedan (2.0L 4cyl CVT),15733,7694,0,False,https://www.carfax.com/VehicleHistory/p/Report.cfx?vin=2HGFC2F57JH526933&partner=FRD_2,4544,6466,558,1624,88245,96245,0.6900000000000001,16729,996,Purple,sedan,dealer,Pedder Hyundai of Poway,Poway,auto.dev,59.6,598,6,2026-09-23,4,0,False,https://www.autolist.com/honda-civic#vin=2HGFC2F57JH526933,1.5L turbo oil dilution - warm climate helps; confirm it is not the turbo trim
50.8,2019,Nissan,Sentra,SL 4dr Sedan (1.8L 4cyl CVT),9995,7001,1,False,https://www.carfax.com/VehicleHistory/p/Report.cfx?vin=3N1AB7AP2KY383020&partner=FRD_2,4298,5324,698,1142,77283,85283,0.6900000000000001,12438,2443,Silver,sedan,dealer,North County Auto,Oceanside,auto.dev,0.0,222,2,2026-09-20,7,0,False,https://www.northcountyautosales.com/cars-for-sale/Details/41ab1649-075b-463d-b357-26566cc9a3a4,Nissan CVT history - replacement can exceed the car's value
50.8,2020,Volkswagen,Jetta,SEL ULEV 4dr Sedan (1.4L 4cyl Turbo 8A),14599,7682,,False,https://www.carfax.com/VehicleHistory/p/Report.cfx?vin=3VWEB7BU8LM071177&partner=FRD_2,4278,6411,378,1528,102162,110162,0.6000000000000001,12494,-2105,Black,sedan,dealer,CarMax Irvine,Irvine,auto.dev,94.3,52,6,2026-09-24,3,0,False,https://www.autolist.com/volkswagen-jetta#vin=3VWEB7BU8LM071177,
50.8,2023,Kia,Forte,LXS 4dr Sedan (2.0L 4cyl CVT),16719,7634,0,True,https://www.carfax.com/VehicleHistory/p/Report.cfx?vin=3KPF24AD9PE565670&partner=FRD_2,4774,6822,247,1706,57702,65702,0.75,16942,223,White,sedan,dealer,Team Kia of El Cajon,El Cajon,auto.dev,59.0,62,3,2026-09-20,7,0,False,https://www.carfax.com/vehicle/3KPF24AD9PE565670,
50.8,2017,Hyundai,Accent,SE 4dr Sedan (1.6L 4cyl 6M),11599,6768,,False,https://www.carfax.com/VehicleHistory/p/Report.cfx?vin=KMHCT4AE7HU292848&partner=FRD_2,3794,5429,676,1276,72380,80380,0.6900000000000001,10847,-752,White,sedan,dealer,CarMax El Cajon,El Cajon,auto.dev,25.8,68,,2026-09-20,7,0,False,https://www.autolist.com/hyundai-accent#vin=KMHCT4AE7HU292848,
50.8,2023,Toyota,Corolla,LE 4dr Sedan (2.0L 4cyl CVT),18999,8306,0,True,https://www.carfax.com/VehicleHistory/p/Report.cfx?vin=5YFB4MDE6PP067101&partner=FRD_2,5308,7646,204,1898,55592,63592,0.75,20565,1566,Ice Cap,sedan,dealer,Enterprise Car Sales Vista,Vista,auto.dev,79.3,73,3,2026-09-20,7,0,False,https://www.autolist.com/toyota-corolla#vin=5YFB4MDE6PP067101,
50.7,2021,Kia,Forte,FE 4dr Sedan (2.0L 4cyl 6M),14819,8351,1,False,https://www.carfax.com/VehicleHistory/p/Report.cfx?vin=3KPF24AD4ME305835&partner=FRD_2,5774,7363,251,1547,51590,59590,0.75,15245,426,Gray,sedan,dealer,Team Kia of El Cajon,El Cajon,auto.dev,75.0,68,2,2026-09-20,7,680,False,https://www.carfax.com/vehicle/3KPF24AD4ME305835,
50.6,2017,Toyota,Camry,XSE 4dr Sedan (2.5L 4cyl 6A),12785,8783,1,False,https://www.carfax.com/VehicleHistory/p/Report.cfx?vin=4T1BF1FK7HU742207&partner=FRD_2,4950,7253,532,1376,130372,138372,0.46499999999999997,14479,1694,Black,sedan,dealer,National City Volkswagen,National City,auto.dev,99.0,148,3,2026-09-20,7,115,False,https://www.carfax.com/vehicle/4T1BF1FK7HU742207,
50.5,2016,Volkswagen,Golf,TSI SEL 4dr Hatchback (1.8L 4cyl Turbo 6A),13013,7304,0,False,https://www.carfax.com/VehicleHistory/p/Report.cfx?vin=3VW217AU6GM015199&partner=FRD_2,3747,5666,727,1395,90044,98044,0.6900000000000001,11855,-1158,Unspecified,hatchback,dealer,Dalton Toyota National City,National City,auto.dev,46.4,85,9,2026-09-20,7,0,False,https://www.subarudalton.com/used-National+City-2016-Volkswagen-Golf-TSI+SE-3VW217AU6GM015199,Timing-chain tensioner and DSG mechatronic history; parts cost more
50.5,2023,Kia,Forte,LX 4dr Sedan (2.0L 4cyl CVT),17080,7748,,False,https://www.carfax.com/VehicleHistory/p/Report.cfx?vin=3KPF24AD2PE572363&partner=FRD_2,4859,6953,247,1737,42548,50548,0.75,17551,471,Gray,sedan,dealer,Auto City,El Cajon,auto.dev,59.0,62,3,2026-09-23,4,0,False,https://www.autolist.com/kia-forte#vin=3KPF24AD2PE572363,
50.5,2017,Honda,Accord,LX 4dr Sedan (2.4L 4cyl CVT),10984,8271,,False,https://www.carfax.com/VehicleHistory/p/Report.cfx?vin=1HGCR2F39HA232345&partner=FRD_2,3273,6400,748,1225,161021,169021,0.26249999999999996,13266,2282,Gray,sedan,dealer,SD Bay Rides,San Diego,auto.dev,85.0,535,3,2026-09-25,2,0,False,https://www.autolist.com/honda-accord#vin=1HGCR2F39HA232345,
50.4,2023,Volkswagen,Jetta,Sport 4dr Sedan (1.5L 4cyl Turbo 8A),18685,8392,0,True,https://www.carfax.com/VehicleHistory/p/Report.cfx?vin=3VWBM7BU7PM055121&partner=FRD_2,5235,7533,188,1872,40660,48660,0.75,18841,156,White,sedan,dealer,National City Volkswagen,National City,auto.dev,87.1,43,,2026-09-20,7,15,False,https://www.carfax.com/vehicle/3VWBM7BU7PM055121,
50.4,2022,Volkswagen,Jetta,SE 4dr Sedan (1.5L 4cyl Turbo 8A),17998,8169,,False,https://www.carfax.com/VehicleHistory/p/Report.cfx?vin=3VW7M7BU2NM017265&partner=FRD_2,5074,7284,181,1814,60582,68582,0.75,16766,-1232,Gray,sedan,dealer,CarMax El Cajon,El Cajon,auto.dev,91.0,43,1,2026-09-20,7,0,False,https://www.autolist.com/volkswagen-jetta#vin=3VW7M7BU2NM017265,
50.4,2021,Hyundai,Elantra,Limited 4dr Sedan (2.0L 4cyl CVT),18080,8038,,False,https://www.carfax.com/VehicleHistory/p/Report.cfx?vin=KMHLP4AG9MU160450&partner=FRD_2,5093,7314,224,1821,71022,79022,0.75,15580,-2500,Blue,sedan,dealer,Auto City,El Cajon,auto.dev,99.7,130,6,2026-09-20,7,0,False,https://www.autolist.com/hyundai-elantra#vin=KMHLP4AG9MU160450,
50.4,2019,Toyota,Corolla,L 4dr Sedan (1.8L 4cyl CVT),14995,8560,1,False,https://www.carfax.com/VehicleHistory/p/Report.cfx?vin=2T1BURHE5KC152933&partner=FRD_2,5834,7442,388,1562,31555,39555,0.75,19835,4840,Blue,sedan,dealer,Vanguard Auto Sales LLC,Lakeside,auto.dev,55.6,203,5,2026-09-20,7,0,False,https://www.vanguardautosales.net/pre-owned-cars/detail/x/1528814,
50.3,2016,Toyota,Camry,XSE 4dr Sedan (2.5L 4cyl 6A),18495,8778,0,False,https://www.carfax.com/VehicleHistory/p/Report.cfx?vin=4T1BF1FK6GU582514&partner=FRD_2,5190,7919,349,1856,31129,39129,0.75,19077,582,Silver,sedan,dealer,AutoNation Toyota Irvine,Irvine,auto.dev,95.3,188,2,2026-09-24,3,0,False,https://www.carfax.com/vehicle/4T1BF1FK6GU582514,
50.3,2017,Honda,HR-V,EX-L 4dr SUV w/Navigation (1.8L 4cyl CVT),14977,8549,,False,https://www.carfax.com/VehicleHistory/p/Report.cfx?vin=3CZRU5H72HM720042&partner=FRD_2,5097,7499,438,1560,99151,107151,0.6000000000000001,16272,1295,Blue,small_suv,dealer,Carco Sales & Finance,Poway,auto.dev,97.8,122,,2026-09-20,7,0,False,https://www.autolist.com/honda-hr+v#vin=3CZRU5H72HM720042,
50.2,2015,Mazda,CX-5,Touring 4dr SUV AWD (2.5L 4cyl 6A),13475,7939,0,True,https://www.carfax.com/VehicleHistory/p/Report.cfx?vin=JM3KE4CY0F0488126&partner=FRD_2,3855,6619,550,1434,120769,128769,0.46499999999999997,12906,-569,Meteor Gray Mica,small_suv,dealer,Hello Mazda of San Diego,San Diego,auto.dev,100.0,133,4,2026-09-20,7,150,False,https://www.autolist.com/mazda-cx+5#vin=JM3KE4CY0F0488126,
50.2,2020,Mazda,CX-5,Sport 4dr SUV (2.5L 4cyl 6A),13270,7708,,False,https://www.carfax.com/VehicleHistory/p/Report.cfx?vin=JM3KFABM5L0865037&partner=FRD_2,3808,6201,650,1417,139687,147687,0.46499999999999997,15041,1771,Black,small_suv,dealer,VIP Autos,Hemet,auto.dev,71.5,106,,2026-09-20,7,0,False,https://www.autolist.com/mazda-cx+5#vin=JM3KFABM5L0865037,2.5L oil-consumption reports at low mileage
50.1,2022,Nissan,Sentra,S 4dr Sedan (2.0L 4cyl CVT),15495,7324,,False,https://www.carfax.com/VehicleHistory/p/Report.cfx?vin=3N1AB8BV1NY274510&partner=FRD_2,4488,6380,320,1604,66588,74588,0.75,15734,239,Silver,sedan,dealer,Convoy Motors,National City,auto.dev,42.4,81,2,2026-09-20,7,0,False,https://www.autolist.com/nissan-sentra#vin=3N1AB8BV1NY274510,Nissan CVT history - replacement can exceed the car's value (improved 2020 redesign)
50.1,2016,Toyota,Prius,Two Eco 4dr Hatchback (1.8L 4cyl gas/electric hybrid CVT),18621,8350,0,False,https://www.carfax.com/VehicleHistory/p/Report.cfx?vin=JTDKARFU3G3527740&partner=FRD_2,4909,7713,514,1866,81368,89368,0.92,17374,-1247,Blue,hatchback,dealer,Toyota of El Cajon,El Cajon,auto.dev,77.8,179,5,2026-09-23,4,0,False,https://www.autolist.com/toyota-prius#vin=JTDKARFU3G3527740,"First year of Gen 4: windshield cracking, brake booster, hot-weather power loss"
50.1,2015,Toyota,Corolla,L 4dr Sedan (1.8L 4cyl 6M),9900,8244,,False,https://www.carfax.com/VehicleHistory/p/Report.cfx?vin=5YFBURHE3FP249781&partner=FRD_2,4101,6528,702,1134,143749,151749,0.26249999999999996,10721,821,,sedan,dealer,Babaz Motors,San Diego,auto.dev,90.6,219,1,2026-09-25,2,0,False,https://www.autolist.com/toyota-corolla#vin=5YFBURHE3FP249781,
50.0,2018,Mazda,CX-5,Touring 4dr SUV (2.5L 4cyl 6A),13995,8008,,False,https://www.carfax.com/VehicleHistory/p/Report.cfx?vin=JM3KFACM2J1381865&partner=FRD_2,4667,6612,566,1478,98000,106000,0.6000000000000001,16214,2219,Gray,small_suv,dealer,Favorite Auto Inc,San Diego,auto.dev,67.2,118,3,2026-09-20,7,0,False,https://www.autolist.com/mazda-cx+5#vin=JM3KFACM2J1381865,
50.0,2017,Mazda,Mazda3,Touring 4dr Sedan (2.0L 4cyl 6M),9248,7280,0,False,https://www.carfax.com/VehicleHistory/p/Report.cfx?vin=3MZBN1V70HM115855&partner=FRD_2,2897,5498,813,1079,153694,161694,0.27999999999999997,8682,-566,Gray,sedan,dealer,Poway Honda,Poway,auto.dev,73.4,83,2,2026-09-25,2,0,False,https://bmwofmonrovia.net/used/Mazda/2017-Mazda-Mazda3-near-Los-Angeles-87496877ac181ba235d0c0423746a967.htm,
50.0,2023,Toyota,Camry,SE 4dr Sedan (2.5L 4cyl 8A),19995,10575,1,True,https://www.carfax.com/VehicleHistory/p/Report.cfx?vin=4T1T11AK9PU823024&partner=FRD_2,7514,9683,172,1982,31189,39189,0.75,23515,3520,White,sedan,dealer,Vanguard Auto Sales LLC,Lakeside,auto.dev,94.4,64,2,2026-09-20,7,0,False,https://www.vanguardautosales.net/pre-owned-cars/detail/x/1552277,
50.0,2015,Honda,Civic,Hybrid 4dr Sedan w/Navigation (1.5L 4cyl gas/electric mild h,13171,7874,,False,https://www.carfax.com/VehicleHistory/p/Report.cfx?vin=19XFB4F26FE201017&partner=FRD_2,3784,6482,686,1408,128298,136298,0.46499999999999997,12828,-343,White,sedan,dealer,Siry Auto,San Diego,auto.dev,85.4,380,1,2026-09-20,7,0,False,https://www.autolist.com/honda-civic#vin=19XFB4F26FE201017,
49.9,2021,Honda,Civic,LX 4dr Sedan (2.0L 4cyl CVT),16996,9218,1,False,https://www.carfax.com/VehicleHistory/p/Report.cfx?vin=2HGFC2F61MH516654&partner=FRD_2,6506,8339,233,1730,42392,50392,0.75,20925,3929,Gray,sedan,dealer,3K Auto Inc,Escondido,auto.dev,82.1,144,4,2026-09-23,4,500,False,https://www.autolist.com/honda-civic#vin=2HGFC2F61MH516654,1.5L turbo oil dilution - warm climate helps; confirm it is not the turbo trim
49.9,2017,Honda,Fit,EX 4dr Hatchback (1.5L 4cyl CVT),19171,8682,,False,https://www.carfax.com/VehicleHistory/p/Report.cfx?vin=JHMGK5H73HS023648&partner=FRD_2,5348,8180,337,1912,71451,79451,0.75,17301,-1870,Gray,hatchback,dealer,Siry Auto,San Diego,auto.dev,100.0,43,,2026-09-20,7,0,False,https://www.autolist.com/honda-fit#vin=JHMGK5H73HS023648,
49.8,2023,Volkswagen,Jetta,Sport 4dr Sedan (1.5L 4cyl Turbo 8A),18500,8334,0,True,https://www.carfax.com/VehicleHistory/p/Report.cfx?vin=3VWBM7BU7PM036214&partner=FRD_2,5191,7466,188,1856,50610,58610,0.75,18151,-349,White,sedan,dealer,National City Volkswagen,National City,auto.dev,87.1,43,,2026-09-20,7,0,False,https://www.carfax.com/vehicle/3VWBM7BU7PM036214,
49.8,2021,Volkswagen,Jetta,S SULEV 4dr Sedan (1.4L 4cyl Turbo 8A),18795,8454,0,True,https://www.carfax.com/VehicleHistory/p/Report.cfx?vin=3VWC57BU1MM002279&partner=FRD_2,5260,7573,215,1881,27058,35058,0.75,18400,-395,White,sedan,dealer,East County Pre-Owned,El Cajon,auto.dev,89.4,69,4,2026-09-20,7,0,False,https://www.eastcountypreowned.com/pre-owned-cars/detail/x/1492756,
49.7,2016,Mazda,Mazda6,i Sport 4dr Sedan (2.5L 4cyl 6A),12888,7271,0,False,https://www.carfax.com/VehicleHistory/p/Report.cfx?vin=JM1GJ1U57G1461224&partner=FRD_2,3718,5618,775,1385,88857,96857,0.6900000000000001,14175,1287,White,sedan,dealer,Laguna Niguel Hyundai,Laguna Niguel,auto.dev,36.7,77,1,2026-09-20,7,107,False,https://www.carfax.com/vehicle/JM1GJ1U57G1461224,
49.7,2023,Nissan,Kicks,SR 4dr Hatchback (1.6L 4cyl CVT),17197,7780,0,True,https://www.carfax.com/VehicleHistory/p/Report.cfx?vin=3N1CP5DV8PL551787&partner=FRD_2,4887,6995,242,1747,57635,65635,0.75,16179,-1018,Fresh Powder,hatchback,dealer,Enterprise Car Sales Vista,Vista,auto.dev,61.7,34,1,2026-09-20,7,85,False,https://www.autolist.com/nissan-kicks#vin=3N1CP5DV8PL551787,
49.7,2020,Kia,Soul,S 4dr Wagon (2.0L 4cyl CVT),11617,7093,0,False,https://www.carfax.com/VehicleHistory/p/Report.cfx?vin=KNDJ23AU5L7093305&partner=FRD_2,3989,5592,649,1278,93601,101601,0.6000000000000001,11888,271,Black,hatchback,dealer,Summit Subaru El Cajon,El Cajon,auto.dev,24.6,381,1,2026-09-20,7,0,False,https://summitsubaru.com/inventory/Used-2020-Kia-Soul-LX-KNDJ23AU5L7093305,
49.7,2018,Toyota,RAV4,LE 4dr SUV (2.5L 4cyl 6A),14080,8627,0,True,https://www.carfax.com/VehicleHistory/p/Report.cfx?vin=JTMZFREV2JJ199773&partner=FRD_2,5013,7334,564,1485,119115,127115,0.589,17331,3251,Gray,small_suv,dealer,APA Auto Group Inc,Escondido,auto.dev,83.2,331,3,2026-09-26,1,0,False,https://www.carfax.com/vehicle/JTMZFREV2JJ199773,
49.7,2022,Toyota,Camry,LE 4dr Sedan (2.5L 4cyl 8A),19173,8675,,False,https://www.carfax.com/VehicleHistory/p/Report.cfx?vin=4T1C11AK0NU499281&partner=FRD_2,5349,7710,247,1913,87259,95259,0.6900000000000001,19925,752,Black,sedan,dealer,Desi Motors LLC,Temecula,auto.dev,100.0,60,1,2026-09-20,7,0,False,https://www.autolist.com/toyota-camry#vin=4T1C11AK0NU499281,
49.7,2015,Honda,Civic,EX-L 4dr Sedan w/Navigation (1.8L 4cyl CVT),14141,8905,1,False,https://www.carfax.com/VehicleHistory/p/Report.cfx?vin=2HGFB2F9XFH501229&partner=FRD_2,5950,7692,481,1490,74475,82475,0.6900000000000001,15556,1415,Gray,sedan,dealer,Xtreme Auto Group,Temecula,auto.dev,85.4,380,1,2026-09-23,4,997,False,https://www.carfax.com/vehicle/2HGFB2F9XFH501229,
49.7,2021,Honda,Civic,Sport 4dr Hatchback (1.5L 4cyl Turbo CVT),18137,9681,1,False,https://www.carfax.com/VehicleHistory/p/Report.cfx?vin=SHHFK7H47MU421532&partner=FRD_2,6889,8850,233,1826,41698,49698,0.75,20960,2823,Gray,hatchback,dealer,Ariana Motors,Temecula,auto.dev,82.1,144,4,2026-09-20,7,0,False,https://www.arianamotorsonline.com/pre-owned-cars/detail/x/1579946,1.5L turbo oil dilution - warm climate helps; confirm it is not the turbo trim
49.6,2017,Nissan,Sentra,SR 4dr Sedan (1.8L 4cyl CVT),10141,6948,1,False,https://www.carfax.com/VehicleHistory/p/Report.cfx?vin=3N1AB7AP7HY393177&partner=FRD_2,4062,5364,739,1154,65240,73240,0.75,11353,1212,White,sedan,dealer,Xtreme Auto Group,Temecula,auto.dev,0.0,230,3,2026-09-20,7,0,False,https://www.autolist.com/nissan-sentra#vin=3N1AB7AP7HY393177,Nissan CVT history - replacement can exceed the car's value
49.6,2023,Volkswagen,Jetta,S 4dr Sedan (1.5L 4cyl Turbo 8A),18485,8330,0,True,https://www.carfax.com/VehicleHistory/p/Report.cfx?vin=3VW5M7BU7PM032838&partner=FRD_2,5188,7461,188,1855,52938,60938,0.75,17989,-496,Blue,sedan,dealer,National City Volkswagen,National City,auto.dev,87.1,43,,2026-09-25,2,0,False,https://www.autolist.com/volkswagen-jetta#vin=3VW5M7BU7PM032838,
49.6,2021,Hyundai,Elantra,SE 4dr Sedan (2.0L 4cyl CVT),16785,9088,1,True,https://www.carfax.com/VehicleHistory/p/Report.cfx?vin=5NPLL4AG8MH014356&partner=FRD_2,6435,8244,189,1712,38463,46463,0.75,17185,400,Black,sedan,dealer,Marvin K Brown Auto Center,San Diego,auto.dev,99.7,130,6,2026-09-20,7,0,False,https://www.autolist.com/hyundai-elantra#vin=5NPLL4AG8MH014356,
49.6,2016,Hyundai,Veloster,Turbo Rally Edition 3dr Hatchback w/Black Interior (1.6L 4cy,10995,6679,0,False,https://www.carfax.com/VehicleHistory/p/Report.cfx?vin=KMHTC6AE9GU260770&partner=FRD_2,3275,4885,825,1226,68039,76039,0.75,10874,-121,Unspecified,hatchback,dealer,Drivenow San Diego,San Diego,auto.dev,0.0,222,1,2026-09-20,7,0,False,https://www.carfax.com/vehicle/KMHTC6AE9GU260770,
49.6,2015,Toyota,Prius,Four 4dr Hatchback (1.8L 4cyl gas/electric hybrid CVT),8643,7719,1,False,https://www.carfax.com/VehicleHistory/p/Report.cfx?vin=JTDKN3DU9F0462607&partner=FRD_2,3326,5547,1148,1028,160000,168000,0.35,10604,1961,Unspecified,hatchback,dealer,San Diego Auto House,San Diego,auto.dev,47.6,165,1,2026-09-25,2,0,False,https://www.carfax.com/vehicle/JTDKN3DU9F0462607,Gen 3: EGR clogging -> head gasket failure; brake actuator (DTC C1391) ~$2-3k
49.6,2016,Honda,Accord,LX 4dr Sedan (2.4L 4cyl CVT),16610,8359,,False,https://www.carfax.com/VehicleHistory/p/Report.cfx?vin=1HGCR2F3XGA050992&partner=FRD_2,4749,7189,479,1697,84536,92536,0.6900000000000001,16639,29,Silver,sedan,dealer,Norm Reeves Toyota San Diego,San Diego,auto.dev,86.7,604,4,2026-09-20,7,0,False,https://www.autolist.com/honda-accord#vin=1HGCR2F3XGA050992,
49.5,2016,Subaru,Crosstrek,2.0i Premium PZEV 4dr SUV AWD (2.0L 4cyl CVT),10569,7776,1,False,https://www.carfax.com/VehicleHistory/p/Report.cfx?vin=JF2GPABC5G8320936&partner=FRD_2,4205,6094,788,1190,131324,139324,0.46499999999999997,11377,808,Gray,small_suv,dealer,Maverick Toyota,Lemon Grove,auto.dev,68.8,131,1,2026-09-23,4,0,False,https://www.mavericktoyota.com/used-Lemon+Grove-2016-Subaru-Crosstrek-20i+Premium-JF2GPABC5G8320936,FB-series oil consumption; check consumption history
49.4,2020,Mazda,Mazda3,Select 4dr Sedan AWD (2.5L 4cyl 6A),18983,8365,0,False,https://www.carfax.com/VehicleHistory/p/Report.cfx?vin=JM1BPBCM0L1149943&partner=FRD_2,5368,7695,268,1897,34293,42293,0.8,18557,-426,Black,sedan,dealer,BMW MINI of Escondido,Escondido,auto.dev,82.0,32,2,2026-09-20,7,542,False,https://www.carfax.com/vehicle/JM1BPBCM0L1149943,BP gen 2.5L excessive oil consumption
49.4,2023,Kia,Rio,S 4dr Sedan (1.6L 4cyl CVT),18080,7928,,False,https://www.carfax.com/VehicleHistory/p/Report.cfx?vin=3KPA24AD0PE619366&partner=FRD_2,5093,7314,220,1821,38148,46148,0.75,15311,-2769,Gray,sedan,dealer,Karz Plus-Escondido,Escondido,auto.dev,72.1,12,,2026-09-22,5,0,False,https://www.autolist.com/kia-rio#vin=3KPA24AD0PE619366,
49.4,2016,Honda,Fit,EX 4dr Hatchback (1.5L 4cyl CVT),18295,8501,0,False,https://www.carfax.com/VehicleHistory/p/Report.cfx?vin=JHMGK5H72GX041995&partner=FRD_2,5143,7842,444,1839,30173,38173,0.75,19020,725,Gray,hatchback,dealer,Honda of Escondido,Escondido,auto.dev,73.4,120,1,2026-09-20,7,0,False,https://www.autolist.com/honda-fit#vin=JHMGK5H72GX041995,
49.3,2022,Subaru,Impreza,4dr Sedan AWD (2.0L 4cyl CVT),19913,8561,0,False,https://www.carfax.com/VehicleHistory/p/Report.cfx?vin=4S3GKAB68N3600710&partner=FRD_2,5522,7977,172,1975,20000,28000,0.75,19258,-655,White,sedan,dealer,Toyota Carlsbad,Carlsbad,auto.dev,94.2,13,1,2026-09-20,7,0,False,https://toyotacarlsbad.com/used/Subaru/2022-Subaru-Impreza-3e9192e9ac1827bd9540ac671e07c1d3.htm,
49.3,2020,Mazda,CX-3,Sport 4dr SUV (2.0L 4cyl 6A),15984,8819,1,False,https://www.carfax.com/VehicleHistory/p/Report.cfx?vin=JM1DKDB71L1474535&partner=FRD_2,6166,7885,246,1645,69323,77323,0.75,17930,1946,White,small_suv,dealer,Honor GMC,National City,auto.dev,100.0,1,1,2026-09-20,7,0,False,https://honorgmc.com/inventory/Used-2020-Mazda-CX-3-Sport-JM1DKDB71L1474535,
49.3,2023,Hyundai,Elantra,SEL 4dr Sedan (2.0L 4cyl CVT),14679,8720,1,False,https://www.carfax.com/VehicleHistory/p/Report.cfx?vin=5NPLS4AGXPH086246&partner=FRD_2,5727,7615,338,1535,101633,109633,0.6000000000000001,16072,1393,Black,sedan,dealer,Tim Moran Hyundai Hemet,Hemet,auto.dev,88.5,98,2,2026-09-20,7,400,False,https://www.carfax.com/vehicle/5NPLS4AGXPH086246,
49.3,2016,Kia,Soul,! 4dr Wagon (2.0L 4cyl 6A),10384,6643,0,True,https://www.carfax.com/VehicleHistory/p/Report.cfx?vin=KNDJP3A51G7399272&partner=FRD_2,3469,4925,887,1174,76332,84332,0.6900000000000001,10346,-38,White,hatchback,dealer,Temecula Valley Toyota,Temecula,auto.dev,0.0,819,2,2026-09-26,1,0,False,https://www.autolist.com/kia-soul#vin=KNDJP3A51G7399272,
49.3,2023,Kia,Soul,S 4dr Wagon (2.0L 4cyl CVT),18985,8271,,False,https://www.carfax.com/VehicleHistory/p/Report.cfx?vin=KNDJ23AU6P7842781&partner=FRD_2,5305,7641,173,1897,52831,60831,0.75,16393,-2592,Black,hatchback,dealer,Value Cars Inc,National City,auto.dev,93.7,51,4,2026-09-20,7,0,False,https://www.autolist.com/kia-soul#vin=KNDJ23AU6P7842781,
49.3,2023,Toyota,Corolla,LE 4dr Sedan (2.0L 4cyl CVT),19789,8553,0,False,https://www.carfax.com/VehicleHistory/p/Report.cfx?vin=5YFB4MDE6PP037483&partner=FRD_2,5492,7931,204,1964,37276,45276,0.75,21692,1903,Black,sedan,dealer,VIP Autos,San Diego,auto.dev,79.3,73,3,2026-09-23,4,0,False,https://www.carfax.com/vehicle/5YFB4MDE6PP037483,
49.2,2019,Subaru,Impreza,2.0i 4dr Sedan AWD (2.0L 4cyl CVT),8800,6970,1,False,https://www.carfax.com/VehicleHistory/p/Report.cfx?vin=4S3GKAA63K3625043&partner=FRD_2,3505,4899,1062,1041,136955,144955,0.46499999999999997,11726,2926,Unspecified,sedan,dealer,Velart Car Center,San Diego,auto.dev,12.5,194,5,2026-09-23,4,0,False,https://www.autolist.com/subaru-impreza#vin=4S3GKAA63K3625043,
49.2,2023,Nissan,Sentra,SV 4dr Sedan (2.0L 4cyl CVT),19080,8291,,False,https://www.carfax.com/VehicleHistory/p/Report.cfx?vin=3N1AB8CV5PY253564&partner=FRD_2,5327,7676,163,1905,60870,68870,0.75,16958,-2122,White,sedan,dealer,Karz Plus-Escondido,Escondido,auto.dev,100.0,20,1,2026-09-20,7,0,False,https://www.autolist.com/nissan-sentra#vin=3N1AB8CV5PY253564,
49.2,2021,Hyundai,Ioniq,SE 4dr Hatchback (1.6L 4cyl gas/electric plug-in hybrid 6AM),19120,8471,0,False,https://www.carfax.com/VehicleHistory/p/Report.cfx?vin=KMHC65LDXMU259614&partner=FRD_2,5336,7690,251,1908,31379,39379,0.75,19611,491,Gray,hatchback,dealer,Hyundai of El Cajon,El Cajon,auto.dev,75.0,13,,2026-09-26,1,0,False,https://www.autolist.com/hyundai-ioniq+plug+in+hybrid#vin=KMHC65LDXMU259614,
49.2,2015,Toyota,RAV4,Limited 4dr SUV (2.5L 4cyl 6A),19232,8443,0,False,https://www.carfax.com/VehicleHistory/p/Report.cfx?vin=2T3YFREV8FW226012&partner=FRD_2,5105,7993,409,1917,63278,71278,0.95,18409,-823,White,small_suv,dealer,Laguna Niguel Cadillac GMC,Laguna Niguel,auto.dev,91.2,304,4,2026-09-20,7,0,False,https://www.carfax.com/vehicle/2T3YFREV8FW226012,
49.2,2018,Toyota,Corolla,XLE 4dr Sedan (1.8L 4cyl CVT),11084,8579,,False,https://www.carfax.com/VehicleHistory/p/Report.cfx?vin=5YFBURHE5JP822964&partner=FRD_2,4513,7011,563,1233,142174,150174,0.26249999999999996,12475,1391,White,sedan,dealer,Motor Max Inc - Chula Vista,Chula Vista,auto.dev,96.1,134,3,2026-09-25,2,0,False,https://www.autolist.com/toyota-corolla#vin=5YFBURHE5JP822964,
49.2,2015,Honda,CR-V,LX 4dr SUV (2.4L 4cyl CVT),14783,8113,0,True,https://www.carfax.com/VehicleHistory/p/Report.cfx?vin=3CZRM3H34FG706334&partner=FRD_2,4321,6843,614,1544,105915,113915,0.6000000000000001,15371,588,Silver,small_suv,dealer,Vista Auto Sales,Vista,auto.dev,83.4,670,3,2026-09-20,7,0,False,https://www.carfax.com/vehicle/3CZRM3H34FG706334,
49.2,2017,Honda,Fit,LX 4dr Hatchback (1.5L 4cyl CVT),16495,9735,1,True,https://www.carfax.com/VehicleHistory/p/Report.cfx?vin=JHMGK5H55HS001391&partner=FRD_2,6811,8858,356,1688,77463,85463,0.6900000000000001,16927,432,Blue,hatchback,dealer,Prime Auto Imports,San Diego,auto.dev,100.0,43,,2026-09-24,3,0,False,https://www.carfax.com/vehicle/JHMGK5H55HS001391,
49.2,2023,Honda,Civic Hatchback,,18995,9957,1,True,https://www.carfax.com/VehicleHistory/p/Report.cfx?vin=19XFL2H8XPE016022&partner=FRD_2,7178,9235,160,1898,41969,49969,0.75,19743,748,Platinum White Pearl,hatchback,dealer,vanguard auto sales llc,Lakeside,auto.dev,100.0,,4,2026-09-20,7,0,False,https://www.vanguardautosales.net/pre-owned-cars/detail/x/1584590,
49.1,2016,Mazda,Mazda3,i Touring 4dr Sedan (2.0L 4cyl 6A),8915,7162,,False,https://www.carfax.com/VehicleHistory/p/Report.cfx?vin=3MZBM1V72GM260137&partner=FRD_2,2698,5242,943,1051,151798,159798,0.27999999999999997,8699,-216,Black,sedan,dealer,Lexus Escondido,Escondido,auto.dev,61.3,103,6,2026-09-25,2,1000,False,https://www.autolist.com/mazda-mazda3#vin=3MZBM1V72GM260137,
49.1,2021,Kia,Forte,EX 4dr Sedan (2.0L 4cyl CVT),13325,7514,0,True,https://www.carfax.com/VehicleHistory/p/Report.cfx?vin=3KPF54AD0ME338239&partner=FRD_2,3820,6224,516,1421,122131,130131,0.46499999999999997,12412,-913,Snow White Pearl,sedan,dealer,Hello Mazda of Temecula,Temecula,auto.dev,75.0,68,2,2026-09-20,7,171,False,https://www.autolist.com/kia-forte#vin=3KPF54AD0ME338239,
49.0,2023,Volkswagen,Jetta,SE 4dr Sedan (1.5L 4cyl Turbo 8A),18988,8487,0,True,https://www.carfax.com/VehicleHistory/p/Report.cfx?vin=3VW7M7BU2PM051032&partner=FRD_2,5305,7642,188,1897,40709,48709,0.75,18838,-150,Black,sedan,dealer,Norm Reeves Volkswagen Superstore,Irvine,auto.dev,87.1,43,,2026-09-23,4,500,False,https://www.autolist.com/volkswagen-jetta#vin=3VW7M7BU2PM051032,
49.0,2018,Toyota,Prius,Two 4dr Hatchback (1.8L 4cyl gas/electric hybrid CVT),16138,9315,,False,https://www.carfax.com/VehicleHistory/p/Report.cfx?vin=JTDKBRFU2J3080600&partner=FRD_2,5578,8266,469,1658,119578,127578,0.62,17778,1640,White,hatchback,dealer,SD Mission Auto Sales,Vista,auto.dev,99.0,36,1,2026-09-19,8,0,False,https://www.autolist.com/toyota-prius#vin=JTDKBRFU2J3080600,
49.0,2015,Honda,Accord,EX-L 4dr Sedan w/Navigation (2.4L 4cyl CVT),16180,8281,0,True,https://www.carfax.com/VehicleHistory/p/Report.cfx?vin=1HGCR2F87FA086004&partner=FRD_2,4648,7023,544,1661,90274,98274,0.6900000000000001,15726,-454,White,sedan,dealer,Pedder Hyundai of Poway,Poway,auto.dev,84.9,601,5,2026-09-23,4,0,False,https://www.carfax.com/vehicle/1HGCR2F87FA086004,
49.0,2019,Honda,HR-V,Sport 4dr SUV (1.8L 4cyl CVT),18339,8187,0,False,https://www.carfax.com/VehicleHistory/p/Report.cfx?vin=3CZRU5H14KG713661&partner=FRD_2,5153,7407,292,1842,54880,62880,0.75,18260,-79,Black,small_suv,dealer,Mercedes-Benz of Foothill Ranch,Foothill Ranch,auto.dev,85.2,235,7,2026-09-24,3,0,False,https://www.carfax.com/vehicle/3CZRU5H14KG713661,
49.0,2015,Honda,Accord,LX 4dr Sedan (2.4L 4cyl CVT),15080,8311,,False,https://www.carfax.com/VehicleHistory/p/Report.cfx?vin=1HGCR2F32FA193031&partner=FRD_2,4391,6965,585,1569,100963,108963,0.6000000000000001,15169,89,Black,sedan,dealer,Karz Plus-Escondido,Escondido,auto.dev,84.9,601,5,2026-09-20,7,0,False,https://www.autolist.com/honda-accord#vin=1HGCR2F32FA193031,
48.9,2022,Volkswagen,Jetta,SE 4dr Sedan (1.5L 4cyl Turbo 8A),17900,9731,1,True,https://www.carfax.com/VehicleHistory/p/Report.cfx?vin=3VW7M7BU2NM006444&partner=FRD_2,6810,8744,179,1806,19704,27704,0.75,19603,1703,Black,sedan,dealer,Driveline Used Cars of Murrieta,Murrieta,auto.dev,91.0,43,1,2026-09-20,7,135,False,https://www.drivelineca.com/pre-owned-cars/detail/x/1580100,
48.9,2019,Volkswagen,Jetta,1.4T S 4dr Sedan (1.4L 4cyl Turbo 6M),10093,6903,,False,https://www.carfax.com/VehicleHistory/p/Report.cfx?vin=3VWN57BU9KM234277&partner=FRD_2,3555,4939,846,1150,97074,105074,0.6000000000000001,12155,2062,,sedan,dealer,Pro Auto Signature,San Diego,auto.dev,0.0,548,11,2026-09-20,7,0,False,https://www.autolist.com/volkswagen-jetta#vin=3VWN57BU9KM234277,
48.8,2023,Nissan,Kicks,SV 4dr Hatchback (1.6L 4cyl CVT),17880,7994,0,True,https://www.carfax.com/VehicleHistory/p/Report.cfx?vin=3N1CP5CV6PL526016&partner=FRD_2,5046,7242,242,1804,36736,44736,0.75,17153,-727,Blue,hatchback,dealer,Pedder Nissan,Hemet,auto.dev,61.7,34,1,2026-09-20,7,0,False,https://peddernissan.com/inventory/Used-2023-Nissan-Kicks-SV-3N1CP5CV6PL526016-1749,
48.8,2020,Kia,Forte,GT-Line 4dr Sedan (2.0L 4cyl CVT),13910,8339,1,False,https://www.carfax.com/VehicleHistory/p/Report.cfx?vin=3KPF34AD6LE224279&partner=FRD_2,5729,7177,329,1470,72724,80724,0.6900000000000001,13425,-485,White,sedan,dealer,Easy Go Auto Sales,San Marcos,auto.dev,78.8,76,,2026-09-20,7,0,False,https://www.carfax.com/vehicle/3KPF34AD6LE224279,
48.8,2016,Honda,CR-V,Touring 4dr SUV AWD (2.4L 4cyl CVT),17055,9667,1,True,https://www.carfax.com/VehicleHistory/p/Report.cfx?vin=5J6RM4H90GL055041&partner=FRD_2,6526,8733,349,1735,47868,55868,0.75,19522,2467,White,small_suv,dealer,Total Cars,San Diego,auto.dev,95.3,393,3,2026-09-22,5,0,False,https://www.carfax.com/vehicle/5J6RM4H90GL055041,
48.7,2023,Kia,Forte,LX 4dr Sedan (2.0L 4cyl CVT),17684,7936,,False,https://www.carfax.com/VehicleHistory/p/Report.cfx?vin=3KPF24AD9PE670998&partner=FRD_2,5000,7170,247,1787,31682,39682,0.75,17987,303,White,sedan,dealer,Perris Valley Auto Center,Perris,auto.dev,59.0,62,3,2026-09-20,7,0,False,https://www.autolist.com/kia-forte#vin=3KPF24AD9PE670998,
48.6,2018,Subaru,Crosstrek,2.0i Limited 4dr SUV AWD (2.0L 4cyl CVT),12429,7411,0,False,https://www.carfax.com/VehicleHistory/p/Report.cfx?vin=JF2GTAJC1JH214794&partner=FRD_2,3610,5847,751,1346,129812,137812,0.46499999999999997,12979,550,Silver,small_suv,dealer,Carz Land,San Diego,auto.dev,61.3,194,5,2026-09-20,7,100,False,https://www.carfax.com/vehicle/JF2GTAJC1JH214794,
48.6,2015,Toyota,Camry,LE 4dr Sedan (2.5L 4cyl 6A),9995,8516,1,False,https://www.carfax.com/VehicleHistory/p/Report.cfx?vin=4T1BF1FK8FU980001&partner=FRD_2,4013,6506,804,1142,159671,167671,0.26249999999999996,11665,1670,Black,sedan,dealer,North County Auto,Oceanside,auto.dev,85.7,271,1,2026-09-25,2,0,False,https://www.autolist.com/toyota-camry#vin=4T1BF1FK8FU980001,
48.6,2017,Honda,Accord,LX 4dr Sedan (2.4L 4cyl CVT),13999,8920,1,True,https://www.carfax.com/VehicleHistory/p/Report.cfx?vin=1HGCR2F30HA072548&partner=FRD_2,5358,7483,541,1478,107016,115016,0.6000000000000001,16081,2082,Black,sedan,dealer,San Diego Motor Cars LLC,Spring Valley,auto.dev,85.0,535,3,2026-09-22,5,0,False,https://www.carfax.com/vehicle/1HGCR2F30HA072548,
48.5,2020,Kia,Forte,GT-Line 4dr Sedan (2.0L 4cyl CVT),13080,8029,1,True,https://www.carfax.com/VehicleHistory/p/Report.cfx?vin=3KPF34AD5LE259671&partner=FRD_2,5049,6747,458,1401,103990,111990,0.6000000000000001,12169,-911,Blue,sedan,dealer,360 AUTO SALES INC,El Cajon,auto.dev,78.8,76,,2026-09-20,7,0,False,https://www.carfax.com/vehicle/3KPF34AD5LE259671,
48.5,2023,Kia,Soul,GT-Line 4dr Wagon (2.0L 4cyl CVT),18990,8273,0,True,https://www.carfax.com/VehicleHistory/p/Report.cfx?vin=KNDJ53AU4P7205525&partner=FRD_2,5306,7643,173,1897,57413,65413,0.75,16108,-2882,Blue,hatchback,dealer,National City Auto Center,National City,auto.dev,93.7,51,4,2026-09-20,7,0,False,https://www.autolist.com/kia-soul#vin=KNDJ53AU4P7205525,
48.4,2023,Volkswagen,Jetta,Sport 4dr Sedan (1.5L 4cyl Turbo 8A),19385,8611,0,True,https://www.carfax.com/VehicleHistory/p/Report.cfx?vin=3VWBM7BU7PM044488&partner=FRD_2,5398,7785,188,1930,31339,39339,0.75,19488,103,White,sedan,dealer,Kearny Mesa Volkswagen,San Diego,auto.dev,87.1,43,,2026-09-20,7,0,False,https://www.carfax.com/vehicle/3VWBM7BU7PM044488,
48.4,2016,Toyota,Corolla,S Premium 4dr Sedan (1.8L 4cyl CVT),9550,8605,1,False,https://www.carfax.com/VehicleHistory/p/Report.cfx?vin=5YFBURHE4GP515083&partner=FRD_2,4779,6836,706,1104,149328,157328,0.26249999999999996,10930,1380,Black,sedan,dealer,The Future One LLC,San Diego,auto.dev,88.8,214,1,2026-09-26,1,0,False,https://www.autolist.com/toyota-corolla#vin=5YFBURHE4GP515083,
48.4,2015,Toyota,RAV4,LE 4dr SUV (2.5L 4cyl 6A),13399,8788,1,False,https://www.carfax.com/VehicleHistory/p/Report.cfx?vin=2T3ZFREV7FW148634&partner=FRD_2,4999,7456,643,1428,128686,136686,0.589,15239,1840,Magnetic Gray Metallic,small_suv,dealer,Baldwin Auto Sales,Escondido,auto.dev,91.2,304,4,2026-09-19,8,0,False,https://www.autolist.com/toyota-rav4#vin=2T3ZFREV7FW148634,
48.4,2016,Toyota,RAV4,LE 4dr SUV AWD (2.5L 4cyl 6A),14985,8375,,False,https://www.carfax.com/VehicleHistory/p/Report.cfx?vin=JTMBFREVXGJ082114&partner=FRD_2,4169,7263,610,1561,137862,145862,0.589,15338,353,White,small_suv,dealer,SIRY MOTORS,San Diego,auto.dev,95.7,239,3,2026-09-19,8,0,False,https://www.autolist.com/toyota-rav4#vin=JTMBFREVXGJ082114,
48.4,2019,Toyota,C-HR,Limited 4dr SUV (2.0L 4cyl CVT),15965,7682,,False,https://www.carfax.com/VehicleHistory/p/Report.cfx?vin=JTNKHMBX4K1053523&partner=FRD_2,4598,6549,473,1643,85629,93629,0.6900000000000001,15780,-185,White,small_suv,dealer,Paradise Automotive Group,San Juan Capistrano,auto.dev,66.2,110,3,2026-09-20,7,0,False,https://www.autolist.com/toyota-c+hr#vin=JTNKHMBX4K1053523,
48.3,2021,Honda,Civic,Sport 4dr Sedan (2.0L 4cyl CVT),16870,8301,,False,https://www.carfax.com/VehicleHistory/p/Report.cfx?vin=2HGFC2F86MH517817&partner=FRD_2,4810,7290,422,1719,107591,115591,0.6000000000000001,17620,750,,sedan,dealer,SB Motors,San Diego,auto.dev,82.1,144,4,2026-09-20,7,0,False,https://www.autolist.com/honda-civic#vin=2HGFC2F86MH517817,1.5L turbo oil dilution - warm climate helps; confirm it is not the turbo trim
48.2,2018,Subaru,Impreza,2.0i Sport 4dr Hatchback AWD (2.0L 4cyl CVT),13944,7437,0,False,https://www.carfax.com/VehicleHistory/p/Report.cfx?vin=4S3GTAK62J3742834&partner=FRD_2,3965,6026,696,1473,102011,110011,0.6000000000000001,13201,-743,Crystal White Pearl,hatchback,dealer,AutoNation Subaru Carlsbad,Carlsbad,auto.dev,46.5,151,5,2026-09-20,7,900,False,https://bmwencinitas.com/used/Subaru/2018-Subaru-Impreza-a1701a22ac185fef39d0f00fa5b8b171.htm,
48.2,2016,Toyota,Camry,XSE 4dr Sedan (2.5L 4cyl 6A),14129,9549,1,True,https://www.carfax.com/VehicleHistory/p/Report.cfx?vin=4T1BF1FK6GU264568&partner=FRD_2,6147,8136,477,1489,97658,105658,0.6000000000000001,15569,1440,White,sedan,dealer,Carz Land,San Diego,auto.dev,95.3,188,2,2026-09-20,7,0,False,https://www.carfax.com/vehicle/4T1BF1FK6GU264568,
48.2,2016,Toyota,Camry,XSE 4dr Sedan (2.5L 4cyl 6A),18117,8668,0,True,https://www.carfax.com/VehicleHistory/p/Report.cfx?vin=4T4BF1FK4GR548674&partner=FRD_2,5102,7773,364,1824,64424,72424,0.75,17321,-796,Silver,sedan,dealer,Toyota of El Cajon,El Cajon,auto.dev,95.3,188,2,2026-09-22,5,505,False,https://www.carfax.com/vehicle/4T4BF1FK4GR548674,
48.0,2020,Honda,Civic,LX 4dr Sedan (2.0L 4cyl CVT),18084,8251,0,False,https://www.carfax.com/VehicleHistory/p/Report.cfx?vin=2HGFC2F63LH528741&partner=FRD_2,5094,7315,369,1821,81480,89480,0.6900000000000001,18320,236,White,sedan,dealer,"Surf Motors, Inc",Vista,auto.dev,77.8,225,5,2026-09-26,1,0,False,https://www.autolist.com/honda-civic#vin=2HGFC2F63LH528741,1.5L turbo oil dilution - warm climate helps; confirm it is not the turbo trim
47.8,2016,Mazda,Mazda3,i Grand Touring 4dr Hatchback (2.0L 4cyl 6M),14110,7870,0,False,https://www.carfax.com/VehicleHistory/p/Report.cfx?vin=JM1BM1N78G1281655&partner=FRD_2,4211,6602,700,1487,101805,109805,0.6400000000000001,12666,-1444,Gray,hatchback,dealer,San Diego Auto Solutions,Oceanside,auto.dev,61.3,103,6,2026-09-19,8,0,False,https://www.carfax.com/vehicle/JM1BM1N78G1281655,
47.8,2023,Kia,Forte,GT-Line 4dr Sedan (2.0L 4cyl CVT),17484,7875,0,True,https://www.carfax.com/VehicleHistory/p/Report.cfx?vin=3KPF54AD8PE564095&partner=FRD_2,4954,7099,247,1771,51265,59265,0.75,17201,-283,Gray,sedan,dealer,Temecula Valley Toyota,Temecula,auto.dev,59.0,62,3,2026-09-20,7,501,False,https://www.autolist.com/kia-forte#vin=3KPF54AD8PE564095,
47.8,2023,Hyundai,Kona,SE 4dr SUV (2.0L 4cyl CVT),17995,8020,0,True,https://www.carfax.com/VehicleHistory/p/Report.cfx?vin=KM8K32AB7PU000782&partner=FRD_2,5073,7284,232,1814,38430,46430,0.75,18595,600,Silver,small_suv,dealer,Laguna Niguel Hyundai,Laguna Niguel,auto.dev,66.3,65,1,2026-09-20,7,493,False,https://www.carfax.com/vehicle/KM8K32AB7PU000782,
47.8,2022,Toyota,Corolla,LE 4dr Sedan (1.8L 4cyl CVT),19584,8500,,False,https://www.carfax.com/VehicleHistory/p/Report.cfx?vin=5YFEPMAEXNP342197&partner=FRD_2,5445,7858,214,1947,42329,50329,0.75,20828,1244,Gray,sedan,dealer,Enterprise Car Sales Vista,Vista,auto.dev,74.5,100,,2026-09-25,2,0,False,https://www.autolist.com/toyota-corolla#vin=5YFEPMAEXNP342197,
47.7,2023,Nissan,Sentra,SV 4dr Sedan (2.0L 4cyl CVT),17054,9168,1,False,https://www.carfax.com/VehicleHistory/p/Report.cfx?vin=3N1AB8CV7PY308337&partner=FRD_2,6525,8365,160,1735,59651,67651,0.75,17029,-25,Blue,sedan,dealer,Mossy Nissan Infiniti Escondido,Escondido,auto.dev,100.0,20,1,2026-09-25,2,0,False,https://www.autolist.com/nissan-sentra#vin=3N1AB8CV7PY308337,
47.7,2015,Toyota,RAV4,XLE 4dr SUV (2.5L 4cyl 6A),15113,8425,,False,https://www.carfax.com/VehicleHistory/p/Report.cfx?vin=JTMWFREV0FD059956&partner=FRD_2,4196,7318,613,1571,120312,128312,0.589,15645,532,Silver,small_suv,dealer,Kearny Mesa Ford & Kia,San Diego,auto.dev,91.2,304,4,2026-09-19,8,0,False,https://www.autolist.com/toyota-rav4#vin=JTMWFREV0FD059956,
47.6,2016,Subaru,Impreza,2.0i Sport Limited PZEV 4dr Hatchback AWD (2.0L 4cyl CVT),16499,8062,0,True,https://www.carfax.com/VehicleHistory/p/Report.cfx?vin=JF1GPAY66G8219149&partner=FRD_2,4723,7146,492,1688,53404,61404,0.75,15005,-1494,Ice Silver Metallic,hatchback,dealer,Escondido Auto Super Center,Escondido,auto.dev,62.4,75,1,2026-09-24,3,85,False,https://www.autolist.com/subaru-impreza#vin=JF1GPAY66G8219149,FB-series oil consumption; 2017+ redesign is the one to buy
47.6,2022,Volkswagen,Jetta,S 4dr Sedan (1.5L 4cyl Turbo 8A),17998,9770,2,False,https://www.carfax.com/VehicleHistory/p/Report.cfx?vin=3VWCM7BU9NM002275&partner=FRD_2,6842,8788,179,1814,28559,36559,0.75,18988,990,Pure White,sedan,dealer,CarMax Oceanside,Oceanside,auto.dev,91.0,43,1,2026-09-20,7,0,False,https://www.autolist.com/volkswagen-jetta#vin=3VWCM7BU9NM002275,
47.6,2020,Hyundai,Elantra,SE 4dr Sedan (2.0L 4cyl CVT),14725,8385,1,False,https://www.carfax.com/VehicleHistory/p/Report.cfx?vin=5NPD74LF1LH602224&partner=FRD_2,5743,7321,323,1539,59259,67259,0.75,15158,433,White,sedan,dealer,Lake Elsinore Honda,Lake Elsinore,auto.dev,63.0,250,3,2026-09-20,7,13,False,https://www.carfax.com/vehicle/5NPD74LF1LH602224,
47.6,2021,Hyundai,Elantra,N Line 4dr Sedan (1.6L 4cyl Turbo 7AM),19426,8426,0,False,https://www.carfax.com/VehicleHistory/p/Report.cfx?vin=KMHLR4AF4MU149812&partner=FRD_2,5408,7801,189,1934,44302,52302,0.75,16897,-2529,Gray,sedan,dealer,Pedder Hyundai of Poway,Poway,auto.dev,99.7,130,6,2026-09-26,1,0,False,https://www.carfax.com/vehicle/KMHLR4AF4MU149812,
47.6,2015,Toyota,Yaris,SE 4dr Hatchback (1.5L 4cyl 5M),10995,8413,1,False,https://www.carfax.com/VehicleHistory/p/Report.cfx?vin=VNKKTUD30FA048250&partner=FRD_2,5057,6848,727,1226,118777,126777,0.434,11207,212,Blue,hatchback,dealer,Prime Auto Imports,San Diego,auto.dev,74.8,15,4,2026-09-23,4,0,False,http://details.vast.com/details/cars/ob-48ae10cec45c5264c0c05239af7ac2c3eda678223f9171ac63be6a3107cd3db63b027b96ef83ac88fd6ccb42933d4f3c6bf26f82a637df6dbf6160746a741de21b7f642ec015114bc2bf401e18908fd0441280c08a087072f4a7a5fcd4edccd7fc702d250b4221b48d354f7aeb416cce22e28f10f80ed101385f68fe04a8f8a3de5f4389b1cc2c773ae6b28b499c8f0c7b6ad524e9eb26f1797633f545ec82dae17dfe46c2bf13d50b6d06975724cf63/?pl=12&context=1e0d811633d20dd94c351375e543927eda3d8b1a,
47.5,2017,Honda,Accord,LX 4dr Sedan (2.4L 4cyl CVT),13010,8950,1,False,https://www.carfax.com/VehicleHistory/p/Report.cfx?vin=1HGCR2F35HA147308&partner=FRD_2,5026,7370,592,1395,120303,128303,0.46499999999999997,15388,2378,Gray,sedan,dealer,Honda of El Cajon,El Cajon,auto.dev,85.0,535,3,2026-09-24,3,0,False,https://www.carfax.com/vehicle/1HGCR2F35HA147308,
47.4,2016,Kia,Soul,! 4dr Wagon (2.0L 4cyl 6A),9420,6426,0,False,https://www.carfax.com/VehicleHistory/p/Report.cfx?vin=KNDJP3A51G7832363&partner=FRD_2,2906,4503,1069,1093,100729,108729,0.6000000000000001,8825,-595,White,hatchback,dealer,San Diego Auto Solutions,Oceanside,auto.dev,0.0,819,2,2026-09-20,7,0,False,https://www.carfax.com/vehicle/KNDJP3A51G7832363,
47.4,2017,Honda,HR-V,LX 4dr SUV (1.8L 4cyl CVT),19080,8730,0,False,https://www.carfax.com/VehicleHistory/p/Report.cfx?vin=3CZRU5H32HM706624&partner=FRD_2,5327,8145,309,1905,36468,44468,0.75,18831,-249,White,small_suv,dealer,Pacific Honda,San Diego,auto.dev,97.8,122,,2026-09-24,3,0,False,https://www.autolist.com/honda-hr+v#vin=3CZRU5H32HM706624,
47.4,2021,Honda,Civic,Sport 4dr Hatchback (1.5L 4cyl Turbo CVT),19850,8635,0,False,https://www.carfax.com/VehicleHistory/p/Report.cfx?vin=SHHFK7H40MU416026&partner=FRD_2,5507,7953,266,1969,68415,76415,0.75,19606,-244,Silver,hatchback,dealer,Maverick Toyota,Lemon Grove,auto.dev,82.1,144,4,2026-09-24,3,145,False,https://www.mavericktoyota.com/used-Lemon+Grove-2021-Honda-Civic-Sport-SHHFK7H40MU416026,1.5L turbo oil dilution - warm climate helps; confirm it is not the turbo trim
47.3,2023,Nissan,Kicks,S 4dr Hatchback (1.6L 4cyl CVT),17998,8030,,False,https://www.carfax.com/VehicleHistory/p/Report.cfx?vin=3N1CP5BV7PL568826&partner=FRD_2,5074,7284,242,1814,45510,53510,0.75,16745,-1253,White,hatchback,dealer,CarMax Murrieta,Murrieta,auto.dev,61.7,34,1,2026-09-26,1,0,False,https://www.autolist.com/nissan-kicks#vin=3N1CP5BV7PL568826,
47.3,2019,Toyota,C-HR,XLE 4dr SUV (2.0L 4cyl CVT),16012,7723,0,True,https://www.carfax.com/VehicleHistory/p/Report.cfx?vin=JTNKHMBXXK1048312&partner=FRD_2,4609,6566,499,1647,91297,99297,0.6900000000000001,15245,-767,Silver,small_suv,dealer,Mission Viejo Kia,Mission Viejo,auto.dev,66.2,110,3,2026-09-23,4,289,False,https://www.autolist.com/toyota-c+hr#vin=JTNKHMBXXK1048312,
47.3,2016,Honda,Civic,EX-T 4dr Sedan (1.5L 4cyl Turbo CVT),13588,7690,0,False,https://www.carfax.com/VehicleHistory/p/Report.cfx?vin=2HGFC1F31GH632540&partner=FRD_2,3881,6223,837,1443,109984,117984,0.6000000000000001,14380,792,Gray,sedan,dealer,Mesa Luxury Imports,Irvine,auto.dev,46.4,1080,5,2026-09-22,5,0,False,https://www.autolist.com/honda-civic#vin=2HGFC1F31GH632540,1.5L turbo oil dilution - warm climate helps; confirm it is not the turbo trim
47.3,2021,Honda,Civic,Sport 4dr Sedan (2.0L 4cyl CVT),19800,8587,0,False,https://www.carfax.com/VehicleHistory/p/Report.cfx?vin=2HGFC2F8XMH553817&partner=FRD_2,5495,7936,233,1965,54310,62310,0.75,20321,521,Blue,sedan,dealer,Sunset Elite Auto,Laguna Hills,auto.dev,82.1,144,4,2026-09-24,3,0,False,https://www.autolist.com/honda-civic#vin=2HGFC2F8XMH553817,1.5L turbo oil dilution - warm climate helps; confirm it is not the turbo trim
47.2,2016,Subaru,Impreza,2.0i PZEV 4dr Sedan AWD (2.0L 4cyl CVT),14599,7987,,False,https://www.carfax.com/VehicleHistory/p/Report.cfx?vin=JF1GJAA64GH018409&partner=FRD_2,4752,6799,561,1528,74300,82300,0.6900000000000001,13878,-721,Silver,sedan,dealer,CarMax Kearny Mesa,San Diego,auto.dev,62.4,75,1,2026-09-20,7,0,False,https://www.autolist.com/subaru-impreza#vin=JF1GJAA64GH018409,FB-series oil consumption; 2017+ redesign is the one to buy
47.2,2017,Toyota,Yaris iA,4dr Sedan (1.5L 4cyl 6A),10979,6830,0,True,https://www.carfax.com/VehicleHistory/p/Report.cfx?vin=3MYDLBYV6HY165350&partner=FRD_2,3271,5147,921,1224,105918,113918,0.496,12081,1102,White,sedan,dealer,Old Town Motors,Temecula,auto.dev,20.5,31,,2026-09-19,8,0,False,https://www.carfax.com/vehicle/3MYDLBYV6HY165350,"Mazda2 mechanicals, few complaints; thin resale market is the real cost"
47.2,2017,Toyota,RAV4,XLE 4dr SUV (2.5L 4cyl 6A),15995,8757,,False,https://www.carfax.com/VehicleHistory/p/Report.cfx?vin=2T3WFREV0HW355212&partner=FRD_2,5187,7802,536,1646,99000,107000,0.76,17763,1768,Black,small_suv,dealer,Best Way Motors Inc,San Diego,auto.dev,80.3,307,3,2026-09-19,8,0,False,https://www.autolist.com/toyota-rav4#vin=2T3WFREV0HW355212,Battery hold-down/terminal fire recall 23V-734 - verify it was performed
47.1,2017,Hyundai,Ioniq,Limited 4dr Hatchback (1.6L 4cyl gas/electric hybrid 6AM),15923,8455,0,True,https://www.carfax.com/VehicleHistory/p/Report.cfx?vin=KMHC05LC3HU029203&partner=FRD_2,5107,7349,466,1640,75563,83563,0.6900000000000001,13997,-1926,White,hatchback,dealer,Pacific Honda,San Diego,auto.dev,75.0,,,2026-09-20,7,0,False,https://www.carfax.com/vehicle/KMHC05LC3HU029203,
47.0,2016,Toyota,Camry,XSE 4dr Sedan (2.5L 4cyl 6A),15490,9292,1,False,https://www.carfax.com/VehicleHistory/p/Report.cfx?vin=4T1BF1FK5GU193296&partner=FRD_2,5999,7996,452,1603,90304,98304,0.6900000000000001,15957,467,Gray,sedan,dealer,San Diego Car Sales LLC,Escondido,auto.dev,95.3,188,2,2026-09-22,5,0,False,https://www.autolist.com/toyota-camry#vin=4T1BF1FK5GU193296,
47.0,2022,Toyota,Camry,SE Nightshade Edition 4dr Sedan (2.5L 4cyl 8A),16114,10889,1,False,https://www.carfax.com/VehicleHistory/p/Report.cfx?vin=4T1T11AK8NU618856&partner=FRD_2,7250,9564,330,1656,113152,121152,0.46499999999999997,18559,2445,Blue,sedan,dealer,Santa Motor CA INC,El Cajon,auto.dev,100.0,60,1,2026-09-20,7,512,False,https://www.autolist.com/toyota-camry#vin=4T1T11AK8NU618856,
47.0,2015,Honda,Civic,EX 4dr Sedan (1.8L 4cyl CVT),11999,8940,1,True,https://www.carfax.com/VehicleHistory/p/Report.cfx?vin=19XFB2F86FE214214&partner=FRD_2,5462,7424,639,1310,116006,124006,0.46499999999999997,13451,1452,Gray,sedan,dealer,San Diego Motor Cars LLC,Spring Valley,auto.dev,85.4,380,1,2026-09-22,5,0,False,https://www.autolist.com/honda-civic#vin=19XFB2F86FE214214,
46.9,2020,Subaru,Crosstrek,Premium 4dr SUV AWD (2.0L 4cyl CVT),19080,8413,,False,https://www.carfax.com/VehicleHistory/p/Report.cfx?vin=JF2GTAEC7LH204168&partner=FRD_2,5327,7676,285,1905,71696,79696,0.75,18534,-546,White,small_suv,dealer,Auto City,El Cajon,auto.dev,90.8,69,,2026-09-20,7,0,False,https://www.autolist.com/subaru-xv+crosstrek#vin=JF2GTAEC7LH204168,
46.9,2016,Subaru,Crosstrek,2.0i Premium PZEV 4dr SUV AWD (2.0L 4cyl 5M),9102,7339,,False,https://www.carfax.com/VehicleHistory/p/Report.cfx?vin=JF2GPABC3GG291779&partner=FRD_2,2832,5400,943,1067,165597,173597,0.26249999999999996,8984,-118,Silver,small_suv,dealer,Trinity Truck and SUV,El Cajon,auto.dev,68.8,131,1,2026-09-25,2,0,False,https://www.autolist.com/subaru-xv+crosstrek#vin=JF2GPABC3GG291779,FB-series oil consumption; check consumption history
46.9,2020,Toyota,C-HR,XLE 4dr SUV (2.0L 4cyl CVT),18125,8156,0,False,https://www.carfax.com/VehicleHistory/p/Report.cfx?vin=JTNKHMBX6L1094270&partner=FRD_2,5104,7331,327,1825,68914,76914,0.75,18265,140,Black Sand Pearl w/Silver Knockout Metallic Roof,small_suv,dealer,Hello Mazda of Temecula,Temecula,auto.dev,74.7,62,1,2026-09-20,7,470,False,https://www.autolist.com/toyota-c+hr#vin=JTNKHMBX6L1094270,
46.8,2022,Subaru,Legacy,Premium 4dr Sedan AWD (2.5L 4cyl CVT),18995,10179,1,False,https://www.carfax.com/VehicleHistory/p/Report.cfx?vin=4S3BWAD62N3027461&partner=FRD_2,7178,9235,182,1898,34295,42295,0.75,23055,4060,Silver,sedan,dealer,Honda of Escondido,Escondido,auto.dev,89.6,32,2,2026-09-20,7,0,False,https://www.carfax.com/vehicle/4S3BWAD62N3027461,
46.8,2015,Toyota,Prius,Four 4dr Hatchback (1.8L 4cyl gas/electric hybrid CVT),13250,7848,0,False,https://www.carfax.com/VehicleHistory/p/Report.cfx?vin=JTDKN3DU9F0450621&partner=FRD_2,3582,6353,941,1415,121877,129877,0.62,13166,-84,Blizzard Pearl,hatchback,dealer,Escondido Auto Super Center,Escondido,auto.dev,47.6,165,1,2026-09-20,7,0,False,https://www.autolist.com/toyota-prius#vin=JTDKN3DU9F0450621,Gen 3: EGR clogging -> head gasket failure; brake actuator (DTC C1391) ~$2-3k
46.8,2017,Toyota,Corolla,LE 4dr Sedan (1.8L 4cyl CVT),16998,8264,,False,https://www.carfax.com/VehicleHistory/p/Report.cfx?vin=5YFBURHE8HP690468&partner=FRD_2,4840,7340,453,1730,91144,99144,0.6900000000000001,15063,-1935,White,sedan,dealer,CarMax Irvine,Irvine,auto.dev,90.0,189,3,2026-09-26,1,0,False,https://www.autolist.com/toyota-corolla#vin=5YFBURHE8HP690468,
46.7,2023,Volkswagen,Jetta,SE 4dr Sedan (1.5L 4cyl Turbo 8A),13985,9014,1,True,https://www.carfax.com/VehicleHistory/p/Report.cfx?vin=3VW7M7BU8PM029665&partner=FRD_2,5960,7670,324,1477,96485,104485,0.6000000000000001,14966,981,Gray,sedan,dealer,National City Volkswagen,National City,auto.dev,87.1,43,,2026-09-20,7,915,False,https://www.carfax.com/vehicle/3VW7M7BU8PM029665,
46.7,2016,Hyundai,Veloster,3dr Hatchback w/Black Interior (1.6L 4cyl 6M),6580,6531,1,True,https://www.carfax.com/VehicleHistory/p/Report.cfx?vin=KMHTC6AD6GU263651&partner=FRD_2,2760,3928,1302,855,131886,139886,0.46499999999999997,6957,377,Blue,hatchback,dealer,Gold Automotive,San Diego,auto.dev,0.0,222,1,2026-09-20,7,0,False,https://www.carfax.com/vehicle/KMHTC6AD6GU263651,
46.7,2023,Kia,Forte,LX 4dr Sedan (2.0L 4cyl CVT),17595,7909,,False,https://www.carfax.com/VehicleHistory/p/Report.cfx?vin=3KPF24AD1PE572502&partner=FRD_2,4979,7139,247,1780,57716,65716,0.75,16942,-653,Blue,sedan,dealer,DriveTime of San Diego,El Cajon,auto.dev,59.0,62,3,2026-09-22,5,0,False,https://www.autolist.com/kia-forte#vin=3KPF24AD1PE572502,
46.7,2017,Toyota,Camry,XSE 4dr Sedan (2.5L 4cyl 6A),16376,9621,1,False,https://www.carfax.com/VehicleHistory/p/Report.cfx?vin=4T1BF1FK0HU782967&partner=FRD_2,6298,8414,404,1678,90778,98778,0.6900000000000001,16566,190,Silver,sedan,dealer,Norm Reeves Genesis of Irvine,Irvine,auto.dev,99.0,148,3,2026-09-25,2,122,False,https://www.autolist.com/toyota-camry#vin=4T1BF1FK0HU782967,
46.7,2020,Honda,HR-V,LX 4dr SUV (1.8L 4cyl CVT),19410,8460,0,False,https://www.carfax.com/VehicleHistory/p/Report.cfx?vin=3CZRU5H3XLG700884&partner=FRD_2,5404,7794,229,1932,61750,69750,0.75,18070,-1340,Gray,small_suv,dealer,Honda of El Cajon,El Cajon,auto.dev,97.6,83,5,2026-09-24,3,0,False,https://www.carfax.com/vehicle/3CZRU5H3XLG700884,
46.7,2020,Honda,Accord,LX 4dr Sedan (1.5L 4cyl Turbo CVT),16500,8450,,False,https://www.carfax.com/VehicleHistory/p/Report.cfx?vin=1HGCV1F13LA113204&partner=FRD_2,4723,7147,497,1688,108277,116277,0.6000000000000001,17857,1357,White,sedan,dealer,Event Motoring,San Diego,auto.dev,74.4,362,5,2026-09-26,1,0,False,https://www.autolist.com/honda-accord#vin=1HGCV1F13LA113204,1.5L turbo oil dilution - warm climate helps; confirm it is not the turbo trim
46.5,2017,Nissan,Sentra,SR 4dr Sedan (1.8L 4cyl CVT),12171,6702,,False,https://www.carfax.com/VehicleHistory/p/Report.cfx?vin=3N1AB7AP5HY332054&partner=FRD_2,3550,5340,700,1324,55806,63806,0.75,11900,-271,White,sedan,dealer,Siry Auto,San Diego,auto.dev,0.0,230,3,2026-09-20,7,0,False,https://www.autolist.com/nissan-sentra#vin=3N1AB7AP5HY332054,Nissan CVT history - replacement can exceed the car's value
46.5,2022,Honda,Accord,Sport 4dr Sedan (1.5L 4cyl Turbo CVT),18995,10205,1,False,https://www.carfax.com/VehicleHistory/p/Report.cfx?vin=1HGCV1F38NA106589&partner=FRD_2,7178,9235,208,1898,44850,52850,0.75,22391,3396,White,sedan,dealer,Vanguard Auto Sales LLC,Lakeside,auto.dev,77.3,249,4,2026-09-20,7,0,False,https://www.vanguardautosales.net/pre-owned-cars/detail/x/1567812,1.5L turbo oil dilution - warm climate helps; confirm it is not the turbo trim
46.4,2022,Mazda,CX-5,2.5 S 4dr SUV AWD (2.5L 4cyl 6A),17525,8527,0,True,https://www.carfax.com/VehicleHistory/p/Report.cfx?vin=JM3KFBAM2N0526973&partner=FRD_2,4963,7543,345,1774,108760,116760,0.6000000000000001,18181,656,Jet Black Mica,small_suv,dealer,Hello Mazda of Temecula,Temecula,auto.dev,93.2,63,,2026-09-20,7,322,False,https://www.autolist.com/mazda-cx+5#vin=JM3KFBAM2N0526973,
46.3,2018,Mazda,CX-5,Touring 4dr SUV (2.5L 4cyl 6A),17682,8179,,False,https://www.carfax.com/VehicleHistory/p/Report.cfx?vin=JM3KFACM9J1402033&partner=FRD_2,4999,7170,410,1787,64117,72117,0.75,18227,545,Silver,small_suv,dealer,Carros N Trucks,Escondido,auto.dev,67.2,118,3,2026-09-20,7,0,False,https://www.autolist.com/mazda-cx+5#vin=JM3KFACM9J1402033,
46.3,2016,Nissan,Sentra,SV 4dr Sedan (1.8L 4cyl CVT),11158,7400,1,False,https://www.carfax.com/VehicleHistory/p/Report.cfx?vin=3N1AB7AP3GY237135&partner=FRD_2,4403,5842,765,1239,30832,38832,0.75,12458,1300,Silver,sedan,dealer,NextRide Auto Sales LLC,San Diego,auto.dev,0.0,270,6,2026-09-20,7,0,False,https://www.carfax.com/vehicle/3N1AB7AP3GY237135,Nissan CVT history - replacement can exceed the car's value
46.3,2017,Hyundai,Elantra,SE PZEV 4dr Sedan w/Prod. End 10/16 (2.0L 4cyl 6A),8138,7184,1,False,https://www.carfax.com/VehicleHistory/p/Report.cfx?vin=5NPD74LF0HH191499&partner=FRD_2,3809,5138,1022,986,112051,120051,0.46499999999999997,9552,1414,Unspecified,sedan,dealer,San Diego Auto House,San Diego,auto.dev,10.7,767,4,2026-09-20,7,0,False,https://www.autolist.com/hyundai-elantra#vin=5NPD74LF0HH191499,
46.3,2020,Hyundai,Elantra,SE 4dr Sedan (2.0L 4cyl CVT),17998,8111,0,True,https://www.carfax.com/VehicleHistory/p/Report.cfx?vin=5NPD74LF0LH611836&partner=FRD_2,5074,7284,323,1814,20284,28284,0.75,17080,-918,Lakeside Blue,sedan,dealer,CarMax Palm Desert,Palm Desert,auto.dev,63.0,250,3,2026-09-23,4,0,False,https://www.autolist.com/hyundai-elantra#vin=5NPD74LF0LH611836,
46.3,2017,Hyundai,Elantra,Limited 4dr Sedan (2.0L 4cyl 6A),8545,6840,,False,https://www.carfax.com/VehicleHistory/p/Report.cfx?vin=KMHD84LF6HU173443&partner=FRD_2,3210,4799,1077,1020,119845,127845,0.46499999999999997,9167,622,Black,sedan,dealer,National City Automaxx,National City,auto.dev,10.7,767,4,2026-09-20,7,0,False,https://www.autolist.com/hyundai-elantra#vin=KMHD84LF6HU173443,
46.3,2016,Toyota,RAV4,LE 4dr SUV (2.5L 4cyl 6A),18060,10272,1,False,https://www.carfax.com/VehicleHistory/p/Report.cfx?vin=2T3ZFREVXGW258966&partner=FRD_2,7180,9466,392,1819,73221,81221,0.874,18470,410,Black,small_suv,dealer,AutoZuu Inc,Spring Valley,auto.dev,95.7,239,3,2026-09-20,7,0,False,https://www.autolist.com/toyota-rav4#vin=2T3ZFREVXGW258966,
46.3,2022,Toyota,Camry,SE Nightshade Edition 4dr Sedan (2.5L 4cyl 8A),19995,8927,,False,https://www.carfax.com/VehicleHistory/p/Report.cfx?vin=4T1G11AK2NU686636&partner=FRD_2,5541,8007,238,1982,84345,92345,0.6900000000000001,20078,83,Black,sedan,dealer,DriveTime of San Diego,El Cajon,auto.dev,100.0,60,1,2026-09-20,7,0,False,https://www.autolist.com/toyota-camry#vin=4T1G11AK2NU686636,
46.2,2016,Toyota,Corolla,S Premium 4dr Sedan (1.8L 4cyl CVT),15990,9182,1,False,https://www.carfax.com/VehicleHistory/p/Report.cfx?vin=5YFBURHE1GP479868&partner=FRD_2,6167,8231,392,1645,64144,72144,0.75,16172,182,Black Sand Pearl,sedan,dealer,AutoNation Hyundai Carlsbad,Carlsbad,auto.dev,88.8,214,1,2026-09-20,7,472,False,https://bmwencinitas.com/used/Toyota/2016-Toyota-Corolla-a8f2b037ac1804415d9b37e0e2c9cebc.htm,
46.1,2022,Volkswagen,Jetta,,15200,9145,1,False,https://www.carfax.com/VehicleHistory/p/Report.cfx?vin=3VWEM7BU4NM000653&partner=FRD_2,6337,7904,249,1579,79505,87505,0.6900000000000001,15452,252,Deep Black Pearl,sedan,dealer,aaron chevrolet,Lake Elsinore,auto.dev,91.0,43,1,2026-09-20,7,510,False,https://aaronchevy.com/used/Volkswagen/2022-Volkswagen-Jetta-aac64900ac185fef39d0f00f42a8418f.htm,
46.1,2015,Toyota,Prius,Four 4dr Hatchback (1.8L 4cyl gas/electric hybrid CVT),15121,7996,0,False,https://www.carfax.com/VehicleHistory/p/Report.cfx?vin=JTDKN3DU1F0476064&partner=FRD_2,4148,6783,854,1572,105899,113899,0.8,14239,-882,Gray,hatchback,dealer,Toyota of El Cajon,El Cajon,auto.dev,47.6,165,1,2026-09-23,4,0,False,https://www.autolist.com/toyota-prius#vin=JTDKN3DU1F0476064,Gen 3: EGR clogging -> head gasket failure; brake actuator (DTC C1391) ~$2-3k
46.0,2016,Honda,Civic,EX-T 4dr Sedan (1.5L 4cyl Turbo CVT),12284,7776,,False,https://www.carfax.com/VehicleHistory/p/Report.cfx?vin=19XFC1F39GE214561&partner=FRD_2,3577,6087,940,1334,128832,136832,0.46499999999999997,13424,1140,Black,sedan,dealer,King Auto Sales Inc.,El Cajon,auto.dev,46.4,1080,5,2026-09-20,7,0,False,https://www.autolist.com/honda-civic#vin=19XFC1F39GE214561,1.5L turbo oil dilution - warm climate helps; confirm it is not the turbo trim
45.9,2023,Volkswagen,Jetta,SE 4dr Sedan (1.5L 4cyl Turbo 8A),19990,8801,0,True,https://www.carfax.com/VehicleHistory/p/Report.cfx?vin=3VWEM7BU9PM055716&partner=FRD_2,5540,8004,188,1981,30257,38257,0.75,19563,-427,White,sedan,dealer,National City Auto Center,National City,auto.dev,87.1,43,,2026-09-20,7,0,False,https://www.autolist.com/volkswagen-jetta#vin=3VWEM7BU9PM055716,
45.9,2023,Hyundai,Kona,SE 4dr SUV (electric DD),18583,8204,0,True,https://www.carfax.com/VehicleHistory/p/Report.cfx?vin=KM8K23AG8PU171013&partner=FRD_2,5210,7496,232,1863,33142,41142,0.75,19033,450,Black,small_suv,dealer,Kearny Mesa CDJR,San Diego,auto.dev,66.3,65,1,2026-09-20,7,410,False,https://www.carfax.com/vehicle/KM8K23AG8PU171013,
45.9,2015,Toyota,Prius,Three 4dr Hatchback (1.8L 4cyl gas/electric hybrid CVT),16395,8365,0,False,https://www.carfax.com/VehicleHistory/p/Report.cfx?vin=JTDKN3DUXF1936963&partner=FRD_2,4971,7330,707,1679,78843,86843,0.92,16057,-338,White,hatchback,dealer,AutoNation Toyota Irvine,Irvine,auto.dev,47.6,165,1,2026-09-23,4,0,False,https://www.carfax.com/vehicle/JTDKN3DUXF1936963,Gen 3: EGR clogging -> head gasket failure; brake actuator (DTC C1391) ~$2-3k
45.9,2020,Toyota,C-HR,LE 4dr SUV (2.0L 4cyl CVT),13990,7802,,False,https://www.carfax.com/VehicleHistory/p/Report.cfx?vin=JTNKHMBXXL1094143&partner=FRD_2,3976,6504,553,1477,121650,129650,0.46499999999999997,13290,-700,,small_suv,dealer,Brookside Motors,San Diego,auto.dev,74.7,62,1,2026-09-20,7,0,False,https://www.autolist.com/toyota-c+hr#vin=JTNKHMBXXL1094143,
45.9,2019,Honda,CR-V,LX 4dr SUV (2.4L 4cyl CVT),12995,7791,,False,https://www.carfax.com/VehicleHistory/p/Report.cfx?vin=5J6RW5H30KL003008&partner=FRD_2,3743,6085,838,1394,131520,139520,0.46499999999999997,16778,3783,White,small_suv,dealer,Ameer Autos,San Diego,auto.dev,42.1,1099,8,2026-09-20,7,0,False,https://www.autolist.com/honda-cr+v#vin=5J6RW5H30KL003008,1.5L turbo oil dilution - warm climate helps; confirm it is not the turbo trim
45.8,2016,Toyota,Corolla,S Premium 4dr Sedan (1.8L 4cyl CVT),15121,8665,0,False,https://www.carfax.com/VehicleHistory/p/Report.cfx?vin=5YFBURHE6GP410951&partner=FRD_2,5138,7564,496,1572,92231,100231,0.6000000000000001,14444,-677,Black,sedan,dealer,Toyota of El Cajon,El Cajon,auto.dev,88.8,214,1,2026-09-23,4,0,False,https://www.autolist.com/toyota-corolla#vin=5YFBURHE6GP410951,
45.7,2019,Subaru,Crosstrek,2.0i 4dr SUV AWD (2.0L 4cyl 6M),11795,7321,,False,https://www.carfax.com/VehicleHistory/p/Report.cfx?vin=JF2GTAAC8KG208708&partner=FRD_2,3462,5580,900,1293,126277,134277,0.46499999999999997,13974,2179,,small_suv,dealer,Brookside Motors,San Diego,auto.dev,27.0,284,7,2026-09-20,7,0,False,https://www.autolist.com/subaru-xv+crosstrek#vin=JF2GTAAC8KG208708,
45.7,2015,Honda,CR-V,LX 4dr SUV (2.4L 4cyl CVT),13073,8675,0,True,https://www.carfax.com/VehicleHistory/p/Report.cfx?vin=2HKRM3H3XFH546831&partner=FRD_2,4725,7162,667,1400,119433,127433,0.46499999999999997,14574,1501,Mountain Air Metallic,small_suv,dealer,Mercedes-Benz of San Diego,San Diego,auto.dev,83.4,670,3,2026-09-23,4,0,False,https://www.autolist.com/honda-cr+v#vin=2HKRM3H3XFH546831,
45.6,2016,Toyota,RAV4,XLE 4dr SUV (2.5L 4cyl 6A),17495,9632,1,False,https://www.carfax.com/VehicleHistory/p/Report.cfx?vin=2T3WFREV8GW265725&partner=FRD_2,6468,8772,454,1772,91798,99798,0.874,17570,75,Black,small_suv,dealer,Prime Auto Imports,San Diego,auto.dev,95.7,239,3,2026-09-20,7,0,False,https://www.carfax.com/vehicle/2T3WFREV8GW265725,
45.6,2017,Toyota,Corolla,LE 4dr Sedan (1.8L 4cyl CVT),19671,8956,,False,https://www.carfax.com/VehicleHistory/p/Report.cfx?vin=2T1BURHE8HC759501&partner=FRD_2,5465,8374,340,1954,24162,32162,0.75,19185,-486,Blue,sedan,dealer,Siry Auto,San Diego,auto.dev,90.0,189,3,2026-09-20,7,0,False,https://www.autolist.com/toyota-corolla#vin=2T1BURHE8HC759501,
45.6,2021,Honda,Civic,Sport 4dr Sedan (2.0L 4cyl CVT),15472,8466,0,False,https://www.carfax.com/VehicleHistory/p/Report.cfx?vin=2HGFC2F82MH549647&partner=FRD_2,4483,7253,524,1602,133326,141326,0.46499999999999997,16316,844,Platinum White Pearl,sedan,dealer,Driveway,San Diego,auto.dev,82.1,144,4,2026-09-20,7,85,False,https://www.autolist.com/honda-civic#vin=2HGFC2F82MH549647,1.5L turbo oil dilution - warm climate helps; confirm it is not the turbo trim
45.5,2018,Subaru,Crosstrek,2.0i 4dr SUV AWD (2.0L 4cyl CVT),12996,8608,1,True,https://www.carfax.com/VehicleHistory/p/Report.cfx?vin=JF2GTAAC6JH238220&partner=FRD_2,5583,7168,582,1394,95007,103007,0.6000000000000001,15410,2414,Gray,small_suv,dealer,CBM Motors,El Cajon,auto.dev,61.3,194,5,2026-09-20,7,999,False,https://www.cbmmotors.com/pre-owned-cars/detail/x/1577454,
45.5,2021,Honda,HR-V,Sport 4dr SUV (1.8L 4cyl CVT),19998,8604,,False,https://www.carfax.com/VehicleHistory/p/Report.cfx?vin=3CZRU5H18MM724151&partner=FRD_2,5542,8007,188,1982,57031,65031,0.75,18353,-1645,White,small_suv,dealer,CarMax Murrieta,Murrieta,auto.dev,100.0,63,4,2026-09-26,1,0,False,https://www.autolist.com/honda-hr+v#vin=3CZRU5H18MM724151,
45.5,2019,Honda,Civic,LX 4dr Sedan (2.0L 4cyl CVT),18985,8435,,False,https://www.carfax.com/VehicleHistory/p/Report.cfx?vin=19XFC2F65KE204165&partner=FRD_2,5305,7641,337,1897,59125,67125,0.75,18829,-156,Gray,sedan,dealer,Value Cars Inc,National City,auto.dev,71.5,348,4,2026-09-20,7,0,False,https://www.autolist.com/honda-civic#vin=19XFC2F65KE204165,1.5L turbo oil dilution - warm climate helps; confirm it is not the turbo trim
45.4,2017,Subaru,Legacy,2.5i 4dr Sedan AWD (2.5L 4cyl CVT),12959,7667,,False,https://www.carfax.com/VehicleHistory/p/Report.cfx?vin=4S3BNAB64H3050010&partner=FRD_2,3735,5964,839,1391,105885,113885,0.6000000000000001,15617,2658,Blue,sedan,dealer,DCH Honda Mission Valley,San Diego,auto.dev,34.1,119,2,2026-09-23,4,0,False,https://www.autolist.com/subaru-legacy#vin=4S3BNAB64H3050010,
45.4,2020,Honda,Accord,LX 4dr Sedan (1.5L 4cyl Turbo CVT),18285,8553,,False,https://www.carfax.com/VehicleHistory/p/Report.cfx?vin=1HGCV1F15LA040417&partner=FRD_2,5141,7388,407,1838,87288,95288,0.6900000000000001,18951,666,Black,sedan,dealer,SIRY MOTORS,San Diego,auto.dev,74.4,362,5,2026-09-20,7,200,False,https://www.autolist.com/honda-accord#vin=1HGCV1F15LA040417,1.5L turbo oil dilution - warm climate helps; confirm it is not the turbo trim
45.3,2021,Toyota,Corolla,LE 4dr Sedan (1.8L 4cyl CVT),16942,7964,,False,https://www.carfax.com/VehicleHistory/p/Report.cfx?vin=5YFEPMAE6MP164531&partner=FRD_2,4826,6902,445,1725,83376,91376,0.6900000000000001,17750,808,Gray,sedan,dealer,Diamond Auto Sales,El Cajon,auto.dev,48.1,185,1,2026-09-20,7,0,False,https://www.autolist.com/toyota-corolla#vin=5YFEPMAE6MP164531,
45.2,2022,Subaru,Legacy,Limited 4dr Sedan AWD (2.5L 4cyl CVT),17998,8795,,False,https://www.carfax.com/VehicleHistory/p/Report.cfx?vin=4S3BWAN61N3018300&partner=FRD_2,5074,7727,331,1814,100778,108778,0.6000000000000001,19398,1400,Brown,sedan,dealer,CarMax Oceanside,Oceanside,auto.dev,89.6,32,2,2026-09-20,7,0,False,https://www.autolist.com/subaru-legacy#vin=4S3BWAN61N3018300,
45.2,2016,Nissan,Sentra,FE+ S 4dr Sedan (1.8L 4cyl CVT),6980,5963,0,False,https://www.carfax.com/VehicleHistory/p/Report.cfx?vin=3N1AB7AP3GY289316&partner=FRD_2,2215,3628,1331,888,135758,143758,0.46499999999999997,6368,-612,Gray,sedan,dealer,360 AUTO SALES INC,El Cajon,auto.dev,0.0,270,6,2026-09-20,7,0,False,https://www.carfax.com/vehicle/3N1AB7AP3GY289316,Nissan CVT history - replacement can exceed the car's value
45.1,2017,Mazda,CX-5,Grand Touring 4dr SUV AWD (2.5L 4cyl 6A),15999,8429,,False,https://www.carfax.com/VehicleHistory/p/Report.cfx?vin=JM3KFBDL8H0199499&partner=FRD_2,4606,7344,493,1646,101895,109895,0.6000000000000001,15331,-668,Blue,small_suv,dealer,Miramar Sport Cars,San Diego,auto.dev,89.9,148,1,2026-09-20,7,0,False,https://www.autolist.com/mazda-cx+5#vin=JM3KFBDL8H0199499,
45.1,2019,Nissan,Sentra,S 4dr Sedan (1.8L 4cyl CVT),14010,7107,,False,https://www.carfax.com/VehicleHistory/p/Report.cfx?vin=3N1AB7AP8KY297274&partner=FRD_2,4141,5843,569,1479,36809,44809,0.75,14787,777,Gray,sedan,dealer,Norm Reeves Toyota San Diego,San Diego,auto.dev,0.0,222,2,2026-09-20,7,0,False,https://www.autolist.com/nissan-sentra#vin=3N1AB7AP8KY297274,Nissan CVT history - replacement can exceed the car's value
45.1,2016,Honda,CR-V,LX 4dr SUV (2.4L 4cyl CVT),15010,9325,1,False,https://www.carfax.com/VehicleHistory/p/Report.cfx?vin=2HKRM3H31GH532396&partner=FRD_2,5838,8093,495,1563,102982,110982,0.6000000000000001,16273,1263,Black,small_suv,dealer,Norm Reeves Honda Superstore Irvine,Irvine,auto.dev,95.3,393,3,2026-09-20,7,0,False,https://www.carfax.com/vehicle/2HKRM3H31GH532396,
45.0,2016,Honda,CR-V,SE 4dr SUV (2.4L 4cyl CVT),10710,8739,1,False,https://www.carfax.com/VehicleHistory/p/Report.cfx?vin=2HKRM3H40GH529787&partner=FRD_2,4253,6934,744,1202,176295,184295,0.26249999999999996,11951,1241,Black,small_suv,dealer,Honda of El Cajon,El Cajon,auto.dev,95.3,393,3,2026-09-25,2,0,False,https://www.autolist.com/honda-cr+v#vin=2HKRM3H40GH529787,
45.0,2017,Honda,Accord,LX 4dr Sedan (2.4L 4cyl CVT),14797,9394,1,False,https://www.carfax.com/VehicleHistory/p/Report.cfx?vin=1HGCR2F30HA198442&partner=FRD_2,5767,7987,540,1545,106749,114749,0.6000000000000001,16095,1298,Gold,sedan,dealer,Ignite Auto Hub,Laguna Hills,auto.dev,85.0,535,3,2026-09-20,7,2000,False,https://www.autolist.com/honda-accord#vin=1HGCR2F30HA198442,
44.9,2023,Volkswagen,Jetta,SE 4dr Sedan (1.5L 4cyl Turbo 8A),19988,8801,0,True,https://www.carfax.com/VehicleHistory/p/Report.cfx?vin=3VW7M7BU8PM051570&partner=FRD_2,5539,8004,188,1981,37505,45505,0.75,19060,-928,White,sedan,dealer,Mossy Volkswagen Escondido,Escondido,auto.dev,87.1,43,,2026-09-23,4,0,False,https://www.autolist.com/volkswagen-jetta#vin=3VW7M7BU8PM051570,
44.9,2019,Volkswagen,Jetta,1.4T S 4dr Sedan (1.4L 4cyl Turbo 8A),10988,6846,,False,https://www.carfax.com/VehicleHistory/p/Report.cfx?vin=3VWC57BU6KM235376&partner=FRD_2,3273,4882,914,1225,106191,114191,0.6000000000000001,11522,534,Black,sedan,dealer,Norm Reeves Volkswagen Superstore,Irvine,auto.dev,0.0,548,11,2026-09-20,7,0,False,https://www.autolist.com/volkswagen-jetta#vin=3VWC57BU6KM235376,
44.9,2023,Kia,Forte,LX 4dr Sedan (2.0L 4cyl CVT),18770,8278,0,True,https://www.carfax.com/VehicleHistory/p/Report.cfx?vin=3KPF24AD0PE560809&partner=FRD_2,5255,7564,247,1879,18974,26974,0.75,18497,-273,Snow White Pearl,sedan,dealer,AutoNation Chrysler Dodge Jeep Ram Carlsbad,Carlsbad,auto.dev,59.0,62,3,2026-09-20,7,285,False,https://bmwencinitas.com/used/Kia/2023-Kia-Forte-783c2d7dac184d75e32c2e104ba12cc4.htm,
44.9,2023,Kia,Forte,GT-Line 4dr Sedan (2.0L 4cyl CVT),16384,8157,0,False,https://www.carfax.com/VehicleHistory/p/Report.cfx?vin=3KPF54ADXPE524374&partner=FRD_2,5230,7155,333,1678,77240,85240,0.6900000000000001,16157,-227,Gray,sedan,dealer,Temecula Valley Toyota,Temecula,auto.dev,59.0,62,3,2026-09-20,7,501,False,https://www.carfax.com/vehicle/3KPF54ADXPE524374,
44.8,2019,Honda,Civic,Sport 4dr Hatchback (1.5L 4cyl Turbo CVT),14999,9595,1,False,https://www.carfax.com/VehicleHistory/p/Report.cfx?vin=SHHFK7H47KU418403&partner=FRD_2,6478,8293,513,1562,99877,107877,0.6000000000000001,16764,1765,Unspecified,hatchback,dealer,Prestige Auto Source,National City,auto.dev,71.5,348,4,2026-09-26,1,0,False,https://www.carfax.com/vehicle/SHHFK7H47KU418403,1.5L turbo oil dilution - warm climate helps; confirm it is not the turbo trim
44.8,2021,Honda,Accord,LX 4dr Sedan (1.5L 4cyl Turbo CVT),19110,8747,0,False,https://www.carfax.com/VehicleHistory/p/Report.cfx?vin=1HGCV1F17MA006979&partner=FRD_2,5334,7686,339,1907,86307,94307,0.6900000000000001,19616,506,Unspecified,sedan,dealer,Bob Stall Chevrolet,La Mesa,auto.dev,81.7,232,4,2026-09-20,7,0,False,https://www.bobstall.com/used-San+Diego-2021-Honda-Accord-LX-1HGCV1F17MA006979,1.5L turbo oil dilution - warm climate helps; confirm it is not the turbo trim
44.7,2019,Volkswagen,Golf,1.4T S 4dr Hatchback (1.4L 4cyl Turbo 8A),12967,7421,0,False,https://www.carfax.com/VehicleHistory/p/Report.cfx?vin=3VWG57AU2KM006437&partner=FRD_2,3736,5648,774,1391,109562,117562,0.6000000000000001,11940,-1027,Blue,hatchback,dealer,Cumming Chevrolet,National City,auto.dev,30.9,82,6,2026-09-20,7,85,False,https://www.carfax.com/vehicle/3VWG57AU2KM006437,
44.6,2015,Toyota,Camry,XLE 4dr Sedan (2.5L 4cyl gas/electric hybrid CVT),14495,9797,1,False,https://www.carfax.com/VehicleHistory/p/Report.cfx?vin=4T1BD1FK0FU168634&partner=FRD_2,6287,8329,548,1520,92564,100564,0.6000000000000001,15203,708,White,sedan,dealer,Prime Auto Imports,San Diego,auto.dev,85.7,271,1,2026-09-20,7,0,False,https://www.carfax.com/vehicle/4T1BD1FK0FU168634,
44.6,2018,Toyota,RAV4,Adventure 4dr SUV (2.5L 4cyl 6A),19998,8527,,False,https://www.carfax.com/VehicleHistory/p/Report.cfx?vin=JTMWFREV0JJ166919&partner=FRD_2,5275,7781,428,1982,84385,92385,0.874,19014,-984,Gray,small_suv,dealer,CarMax El Cajon,El Cajon,auto.dev,83.2,331,3,2026-09-25,2,0,False,https://www.autolist.com/toyota-rav4#vin=JTMWFREV0JJ166919,
44.5,2023,Subaru,Impreza,4dr Sedan AWD (2.0L 4cyl CVT),15812,7989,0,True,https://www.carfax.com/VehicleHistory/p/Report.cfx?vin=4S3GKAB65P3602059&partner=FRD_2,4562,6880,471,1630,110672,118672,0.6000000000000001,14777,-1035,Gray,sedan,dealer,Cumming Chevrolet,National City,auto.dev,65.3,4,2,2026-09-20,7,304,False,https://www.autolist.com/subaru-impreza#vin=4S3GKAB65P3602059,"only 4 NHTSA records against a model median of 82 - treated as a data gap, not a clean year"
44.5,2022,Volkswagen,Jetta,Sport 4dr Sedan (1.5L 4cyl Turbo 8A),16977,9379,1,True,https://www.carfax.com/VehicleHistory/p/Report.cfx?vin=3VWBM7BUXNM034115&partner=FRD_2,6499,8330,203,1728,66516,74516,0.75,16354,-623,Black,sedan,dealer,Mossy Volkswagen Escondido,Escondido,auto.dev,91.0,43,1,2026-09-20,7,0,False,https://www.autolist.com/volkswagen-jetta#vin=3VWBM7BUXNM034115,
44.5,2015,Toyota,Camry,LE 4dr Sedan (2.5L 4cyl 6A),16998,8546,,False,https://www.carfax.com/VehicleHistory/p/Report.cfx?vin=4T1BF1FK5FU029142&partner=FRD_2,4840,7340,535,1730,89201,97201,0.6900000000000001,15380,-1618,Gray,sedan,dealer,CarMax Irvine,Irvine,auto.dev,85.7,271,1,2026-09-20,7,1000,False,https://www.autolist.com/toyota-camry#vin=4T1BF1FK5FU029142,
44.5,2020,Honda,HR-V,EX 4dr SUV (1.8L 4cyl CVT),17583,8488,0,True,https://www.carfax.com/VehicleHistory/p/Report.cfx?vin=3CZRU5H59LM704363&partner=FRD_2,4976,7566,366,1779,103459,111459,0.6000000000000001,16368,-1215,Purple,small_suv,dealer,Pacific Honda,San Diego,auto.dev,97.6,83,5,2026-09-24,3,0,False,https://www.autolist.com/honda-hr+v#vin=3CZRU5H59LM704363,
44.4,2020,Honda,Civic,LX 4dr Hatchback (1.5L 4cyl Turbo CVT),19998,8733,,False,https://www.carfax.com/VehicleHistory/p/Report.cfx?vin=SHHFK7H38LU421125&partner=FRD_2,5542,8007,317,1982,69027,77027,0.75,18951,-1047,Blue,hatchback,dealer,CarMax Escondido,Escondido,auto.dev,77.8,225,5,2026-09-24,3,0,False,https://www.autolist.com/honda-civic#vin=SHHFK7H38LU421125,1.5L turbo oil dilution - warm climate helps; confirm it is not the turbo trim
44.3,2023,Toyota,Corolla,,19991,8662,0,True,https://www.carfax.com/VehicleHistory/p/Report.cfx?vin=5YFB4MDE7PP034253&partner=FRD_2,5540,8005,248,1981,70704,78704,0.75,19635,-356,Ice Cap,sedan,dealer,dch kia of temecula,Temecula,auto.dev,79.3,73,3,2026-09-20,7,0,False,https://dchkiaoftemecula.com/used/Toyota/2023-Toyota-Corolla-serving-temecula-ca-917aa775ac180486dccee4df9335c8e6.htm,
44.2,2017,Toyota,Corolla,L 4dr Sedan (1.8L 4cyl CVT),10790,8655,1,False,https://www.carfax.com/VehicleHistory/p/Report.cfx?vin=5YFBURHE4HP645978&partner=FRD_2,4279,6981,696,1208,158077,166077,0.26249999999999996,10944,154,Black,sedan,dealer,Maverick Toyota,Lemon Grove,auto.dev,90.0,189,3,2026-09-25,2,0,False,https://www.mavericktoyota.com/used-Lemon+Grove-2017-Toyota-Corolla-LE-5YFBURHE4HP645978,
44.2,2023,Toyota,Corolla,LE 4dr Sedan (2.0L 4cyl CVT),19083,10036,1,True,https://www.carfax.com/VehicleHistory/p/Report.cfx?vin=5YFB4MDE3PP057898&partner=FRD_2,7207,9274,204,1905,56632,64632,0.75,20501,1418,Black,sedan,dealer,National City Volkswagen,National City,auto.dev,79.3,73,3,2026-09-20,7,0,False,https://www.carfax.com/vehicle/5YFB4MDE3PP057898,
44.2,2017,Toyota,Prius,Two 4dr Hatchback (1.8L 4cyl gas/electric hybrid CVT),12100,9222,1,False,https://www.carfax.com/VehicleHistory/p/Report.cfx?vin=JTDKBRFU8H3050396&partner=FRD_2,4542,7648,705,1318,174977,182977,0.35,12570,470,Gray,hatchback,dealer,San Diego Auto Solutions,Oceanside,auto.dev,95.8,91,3,2026-09-25,2,0,False,https://www.autolist.com/toyota-prius#vin=JTDKBRFU8H3050396,
44.2,2017,Toyota,Camry,XSE 4dr Sedan (2.5L 4cyl 6A),16998,8864,,False,https://www.carfax.com/VehicleHistory/p/Report.cfx?vin=4T1BF1FK5HU324728&partner=FRD_2,4840,7756,450,1730,105073,113073,0.6000000000000001,15813,-1185,White,sedan,dealer,CarMax Irvine,Irvine,auto.dev,99.0,148,3,2026-09-20,7,0,False,https://www.autolist.com/toyota-camry#vin=4T1BF1FK5HU324728,
44.1,2016,Kia,Soul,4dr Wagon (1.6L 4cyl 6M),7965,6696,,False,https://www.carfax.com/VehicleHistory/p/Report.cfx?vin=KNDJN2A24G7389860&partner=FRD_2,3030,4506,1200,971,118226,126226,0.46499999999999997,7735,-230,White,hatchback,dealer,Star Auto SD,National City,auto.dev,0.0,819,2,2026-09-20,7,0,False,https://www.autolist.com/kia-soul#vin=KNDJN2A24G7389860,
44.1,2023,Toyota,Corolla,SE 4dr Sedan (2.0L 4cyl CVT),19207,8550,0,False,https://www.carfax.com/VehicleHistory/p/Report.cfx?vin=JTDS4MCE5PJ100708&partner=FRD_2,5356,7721,312,1915,86470,94470,0.6900000000000001,18664,-543,Black,sedan,dealer,Temecula Valley Toyota,Temecula,auto.dev,79.3,73,3,2026-09-23,4,727,False,https://www.carfax.com/vehicle/JTDS4MCE5PJ100708,
44.1,2021,Toyota,Camry,SE 4dr Sedan (2.5L 4cyl 8A),17870,8814,,False,https://www.carfax.com/VehicleHistory/p/Report.cfx?vin=4T1G11AK9MU405754&partner=FRD_2,5044,7677,394,1803,103585,111585,0.6000000000000001,18429,559,,sedan,dealer,SB Motors,San Diego,auto.dev,84.7,157,1,2026-09-20,7,0,False,https://www.autolist.com/toyota-camry#vin=4T1G11AK9MU405754,
44.0,2019,Volkswagen,Jetta,1.4T S 4dr Sedan (1.4L 4cyl Turbo 6M),11053,7245,0,True,https://www.carfax.com/VehicleHistory/p/Report.cfx?vin=3VWN57BU2KM213643&partner=FRD_2,3828,5350,819,1230,93501,101501,0.6000000000000001,12403,1350,Black,sedan,dealer,Auto Gallery,San Diego,auto.dev,0.0,548,11,2026-09-20,7,0,False,https://www.carfax.com/vehicle/3VWN57BU2KM213643,
44.0,2015,Toyota,RAV4,Limited 4dr SUV (2.5L 4cyl 6A),17380,9641,1,False,https://www.carfax.com/VehicleHistory/p/Report.cfx?vin=2T3YFREV7FW138519&partner=FRD_2,6431,8719,509,1762,91230,99230,0.874,17054,-326,Gray,small_suv,dealer,Legacy Cars,El Cajon,auto.dev,91.2,304,4,2026-09-19,8,0,False,https://www.legacycarsinc.com/pre-owned-cars/detail/x/1510260,
44.0,2016,Toyota,Corolla,Special Edition 4dr Sedan (1.8L 4cyl CVT),16900,8715,0,False,https://www.carfax.com/VehicleHistory/p/Report.cfx?vin=5YFBURHEXGP555586&partner=FRD_2,5369,7755,450,1722,79914,87914,0.6900000000000001,15202,-1698,Blue,sedan,dealer,Temecula Hyundai,Temecula,auto.dev,88.8,214,1,2026-09-25,2,122,False,https://www.autolist.com/toyota-corolla#vin=5YFBURHEXGP555586,
43.9,2023,Nissan,Kicks,SR 4dr Hatchback (1.6L 4cyl CVT),19062,8364,0,True,https://www.carfax.com/VehicleHistory/p/Report.cfx?vin=3N1CP5DV8PL541325&partner=FRD_2,5322,7669,242,1903,30959,38959,0.75,17423,-1639,Blue,hatchback,dealer,Mossy Nissan Chula Vista,Chula Vista,auto.dev,61.7,34,1,2026-09-20,7,500,False,https://www.autolist.com/nissan-kicks#vin=3N1CP5DV8PL541325,
43.9,2022,Hyundai,Elantra,Limited 4dr Sedan (2.0L 4cyl CVT),19397,10119,1,False,https://www.carfax.com/VehicleHistory/p/Report.cfx?vin=KMHLP4AG9NU295851&partner=FRD_2,7312,9414,160,1931,46975,54975,0.75,17766,-1631,Phantom Black,sedan,dealer,AutoNation Hyundai Carlsbad,Carlsbad,auto.dev,100.0,101,5,2026-09-20,7,0,False,https://bmwencinitas.com/used/Hyundai/2022-Hyundai-Elantra-43e2c48cac1850bf7aa5ee51cc42b38c.htm,
43.9,2016,Toyota,Camry,XSE 4dr Sedan (2.5L 4cyl 6A),15713,9749,1,True,https://www.carfax.com/VehicleHistory/p/Report.cfx?vin=4T1BF1FK9GU121467&partner=FRD_2,6074,8439,486,1622,100528,108528,0.6000000000000001,15418,-295,Gray,sedan,dealer,Toyota Carlsbad,Carlsbad,auto.dev,95.3,188,2,2026-09-27,0,0,False,https://toyotacarlsbad.com/used/Toyota/2016-Toyota-Camry-d903e1b6ac185bc0410e180b6037b802.htm,
43.9,2017,Toyota,Camry,XSE 4dr Sedan (2.5L 4cyl 6A),18390,9358,0,False,https://www.carfax.com/VehicleHistory/p/Report.cfx?vin=4T1BF1FK9HU415677&partner=FRD_2,5768,8373,351,1847,74369,82369,0.6900000000000001,17431,-959,Silver,sedan,dealer,San Diego Car Sales LLC,Escondido,auto.dev,99.0,148,3,2026-09-22,5,0,False,https://www.carfax.com/vehicle/4T1BF1FK9HU415677,
43.9,2021,Honda,HR-V,,20000,8638,0,False,https://www.carfax.com/VehicleHistory/p/Report.cfx?vin=3CZRU6H13MM709529&partner=FRD_2,5542,8008,222,1982,70616,78616,0.75,17799,-2201,Aegean Blue Metallic,small_suv,dealer,diamond valley honda,Hemet,auto.dev,100.0,63,4,2026-09-22,5,0,False,https://www.diamondvalleyhonda.com/viewdetails/used/3czru6h13mm709529/2021-honda-hr-v-sport-utility?type=finance,
43.8,2022,Nissan,Sentra,SV 4dr Sedan (2.0L 4cyl CVT),17974,8064,0,False,https://www.carfax.com/VehicleHistory/p/Report.cfx?vin=3N1AB8CV0NY230139&partner=FRD_2,5068,7276,283,1812,25199,33199,0.75,18136,162,Silver,sedan,dealer,Hyundai of El Cajon,El Cajon,auto.dev,42.4,81,2,2026-09-20,7,146,False,https://www.autolist.com/nissan-sentra#vin=3N1AB8CV0NY230139,Nissan CVT history - replacement can exceed the car's value (improved 2020 redesign)
43.8,2017,Volkswagen,Jetta,1.4T SE 4dr Sedan (1.4L 4cyl Turbo 6A),12998,8224,2,False,https://www.carfax.com/VehicleHistory/p/Report.cfx?vin=3VWDB7AJ2HM387653&partner=FRD_2,5021,6708,565,1394,91219,99219,0.6900000000000001,11176,-1822,Pure White,sedan,dealer,CarMax Irvine,Irvine,auto.dev,69.0,159,7,2026-09-20,7,0,False,https://www.autolist.com/volkswagen-jetta#vin=3VWDB7AJ2HM387653,Pre-MQB: timing-chain tensioner history
43.8,2016,Toyota,Camry,SE 4dr Sedan (2.5L 4cyl gas/electric hybrid CVT),18084,10258,1,True,https://www.carfax.com/VehicleHistory/p/Report.cfx?vin=4T1BD1FK5GU184457&partner=FRD_2,6871,9217,388,1821,71550,79550,0.75,16946,-1138,Silver,sedan,dealer,"Surf Motors, Inc",Vista,auto.dev,95.3,188,2,2026-09-22,5,0,False,https://www.carfax.com/vehicle/4T1BD1FK5GU184457,
43.7,2020,Honda,Civic,Sport 4dr Sedan (2.0L 4cyl CVT),19962,8686,0,False,https://www.carfax.com/VehicleHistory/p/Report.cfx?vin=19XFC2F87LE023216&partner=FRD_2,5533,7994,282,1979,60392,68392,0.75,19389,-573,Gray,sedan,dealer,Genesis of San Diego,San Diego,auto.dev,77.8,225,5,2026-09-26,1,0,False,https://www.autolist.com/honda-civic#vin=19XFC2F87LE023216,1.5L turbo oil dilution - warm climate helps; confirm it is not the turbo trim
43.7,2017,Honda,Civic Hatchback,,15995,9218,1,False,https://www.carfax.com/VehicleHistory/p/Report.cfx?vin=SHHFK7H73HU401083&partner=FRD_2,6170,8234,425,1646,47360,55360,0.75,15247,-748,Crystal Black Pearl,hatchback,dealer,vanguard auto sales llc,Lakeside,auto.dev,68.7,593,6,2026-09-20,7,0,False,https://www.vanguardautosales.net/pre-owned-cars/detail/x/1522721,All hatchback trims are the 1.5T - 1.5L turbo oil dilution - warm climate helps; confirm it is not the turbo trim
43.6,2020,Nissan,Sentra,SV 4dr Sedan (2.0L 4cyl CVT),13293,6892,0,False,https://www.carfax.com/VehicleHistory/p/Report.cfx?vin=3N1AB8CV1LY278181&partner=FRD_2,3813,5448,675,1419,85675,93675,0.6900000000000001,12843,-450,Brown,sedan,dealer,Honor GMC,National City,auto.dev,5.1,205,4,2026-09-20,7,91,False,https://honorgmc.com/inventory/Used-2020-Nissan-Sentra-SV-3N1AB8CV1LY278181,Nissan CVT history - replacement can exceed the car's value (improved 2020 redesign)
43.6,2023,Nissan,Kicks,SV 4dr Hatchback (1.6L 4cyl CVT),17698,9511,1,True,https://www.carfax.com/VehicleHistory/p/Report.cfx?vin=3N1CP5CV4PL553974&partner=FRD_2,6742,8653,242,1789,7328,15328,0.75,18524,826,Gray,hatchback,dealer,Driveline Used Cars of Murrieta,Murrieta,auto.dev,61.7,34,1,2026-09-20,7,135,False,https://www.drivelineca.com/pre-owned-cars/detail/x/1493631,
43.6,2023,Kia,Forte,GT 4dr Sedan (1.6L 4cyl Turbo 7AM),18437,8173,0,False,https://www.carfax.com/VehicleHistory/p/Report.cfx?vin=3KPF44AC0PE516438&partner=FRD_2,5177,7443,247,1851,48615,56615,0.75,17307,-1130,Blue,sedan,dealer,DCH Honda of Temecula,Temecula,auto.dev,59.0,62,3,2026-09-20,7,770,False,https://dchhondaoftemecula.com/used/Kia/2023-Kia-Forte-for-sale-temecula-california-ca5d0578ac182e378e8730dc650e35cc.htm,
43.5,2023,Nissan,Kicks,SR 4dr Hatchback (1.6L 4cyl CVT),19062,8364,0,False,https://www.carfax.com/VehicleHistory/p/Report.cfx?vin=3N1CP5DV2PL532698&partner=FRD_2,5322,7669,242,1903,34552,42552,0.75,17255,-1807,Orange,hatchback,dealer,Mossy Nissan Chula Vista,Chula Vista,auto.dev,61.7,34,1,2026-09-26,1,0,False,https://www.autolist.com/nissan-kicks#vin=3N1CP5DV2PL532698,
43.5,2019,Toyota,C-HR,Limited 4dr SUV (2.0L 4cyl CVT),18275,8260,,False,https://www.carfax.com/VehicleHistory/p/Report.cfx?vin=JTNKHMBX7K1027174&partner=FRD_2,5138,7384,385,1837,66751,74751,0.75,17561,-714,White,small_suv,dealer,Miramar Car Center,San Diego,auto.dev,66.2,110,3,2026-09-23,4,0,False,https://www.autolist.com/toyota-c+hr#vin=JTNKHMBX7K1027174,
43.5,2022,Honda,HR-V,LX 4dr SUV (1.8L 4cyl CVT),18895,9937,1,False,https://www.carfax.com/VehicleHistory/p/Report.cfx?vin=3CZRU5H36NM716262&partner=FRD_2,7143,9189,182,1889,38534,46534,0.75,19199,304,Black,small_suv,dealer,East County Pre-Owned,El Cajon,auto.dev,89.9,88,3,2026-09-20,7,0,False,https://www.eastcountypreowned.com/pre-owned-cars/detail/x/1538737,
43.5,2020,Honda,Civic,LX 4dr Sedan (2.0L 4cyl CVT),17295,8510,0,False,https://www.carfax.com/VehicleHistory/p/Report.cfx?vin=2HGFC2F67LH574833&partner=FRD_2,4909,7455,486,1755,109671,117671,0.6000000000000001,16891,-404,Crystal Black Pearl,sedan,dealer,SD Mission Auto Sales,Vista,auto.dev,77.8,225,5,2026-09-22,5,0,False,https://www.autolist.com/honda-civic#vin=2HGFC2F67LH574833,1.5L turbo oil dilution - warm climate helps; confirm it is not the turbo trim
43.4,2019,Nissan,Sentra,SL 4dr Sedan (1.8L 4cyl CVT),10998,7038,,False,https://www.carfax.com/VehicleHistory/p/Report.cfx?vin=3N1AB7AP7KY354161&partner=FRD_2,3813,5327,832,1226,95200,103200,0.6000000000000001,11398,400,Black,sedan,dealer,CarMax Murrieta,Murrieta,auto.dev,0.0,222,2,2026-09-26,1,0,False,https://www.autolist.com/nissan-sentra#vin=3N1AB7AP7KY354161,Nissan CVT history - replacement can exceed the car's value
43.4,2019,Toyota,Corolla Hatchback,SE 4dr Hatchback (2.0L 4cyl 6M),14168,8215,,False,https://www.carfax.com/VehicleHistory/p/Report.cfx?vin=JTNK4RBE7K3009866&partner=FRD_2,4177,6703,766,1492,137008,145008,0.46499999999999997,14235,67,Orange,hatchback,dealer,LDA Motors,Perris,auto.dev,57.9,203,5,2026-09-20,7,0,False,https://www.autolist.com/toyota-corolla+hatchback#vin=JTNK4RBE7K3009866,
43.4,2016,Toyota,Prius,Two 4dr Hatchback (1.8L 4cyl gas/electric hybrid CVT),15998,8721,0,True,https://www.carfax.com/VehicleHistory/p/Report.cfx?vin=JTDKBRFU3G3020558&partner=FRD_2,4339,7665,674,1646,120091,128091,0.62,14772,-1226,Magnetic Gray Metallic,hatchback,dealer,CarMax Murrieta,Murrieta,auto.dev,77.8,179,5,2026-09-23,4,0,False,https://www.autolist.com/toyota-prius#vin=JTDKBRFU3G3020558,"First year of Gen 4: windshield cracking, brake booster, hot-weather power loss"
43.4,2020,Honda,Civic,EX 4dr Sedan (1.5L 4cyl Turbo CVT),19888,8682,,False,https://www.carfax.com/VehicleHistory/p/Report.cfx?vin=19XFC1F30LE202003&partner=FRD_2,5516,7968,300,1973,64821,72821,0.75,19164,-724,Silver,sedan,dealer,Get You Approved Auto Center,El Cajon,auto.dev,77.8,225,5,2026-09-20,7,0,False,https://www.autolist.com/honda-civic#vin=19XFC1F30LE202003,1.5L turbo oil dilution - warm climate helps; confirm it is not the turbo trim
43.3,2019,Volkswagen,Jetta,1.4T SE 4dr Sedan (1.4L 4cyl Turbo 8A),13888,7169,0,False,https://www.carfax.com/VehicleHistory/p/Report.cfx?vin=3VWC57BU1KM200034&partner=FRD_2,3952,5663,615,1469,66154,74154,0.75,14301,413,Gray,sedan,dealer,Cars For Less,San Diego,auto.dev,0.0,548,11,2026-09-20,7,200,False,https://www.carfax.com/vehicle/3VWC57BU1KM200034,
43.3,2023,Nissan,Sentra,SR 4dr Sedan (2.0L 4cyl CVT),18998,9957,1,True,https://www.carfax.com/VehicleHistory/p/Report.cfx?vin=3N1AB8DVXPY311778&partner=FRD_2,7178,9236,160,1898,58584,66584,0.75,17091,-1907,Super Black,sedan,dealer,CarMax Murrieta,Murrieta,auto.dev,100.0,20,1,2026-09-23,4,0,False,https://www.autolist.com/nissan-sentra#vin=3N1AB8DVXPY311778,
43.3,2023,Hyundai,Elantra,Limited 4dr Sedan (2.0L 4cyl CVT),19995,8630,0,True,https://www.carfax.com/VehicleHistory/p/Report.cfx?vin=KMHLP4AG2PU564162&partner=FRD_2,5541,8007,215,1982,68282,76282,0.75,17717,-2278,Portofino Gray,sedan,dealer,SD Mission Auto Sales,Vista,auto.dev,88.5,98,2,2026-09-25,2,0,False,https://www.autolist.com/hyundai-elantra#vin=KMHLP4AG2PU564162,
43.3,2017,Honda,HR-V,EX 4dr SUV AWD (1.8L 4cyl CVT),19720,8941,0,False,https://www.carfax.com/VehicleHistory/p/Report.cfx?vin=3CZRU6H5XHM718088&partner=FRD_2,5476,8392,309,1958,48604,56604,0.75,18335,-1385,Blue,small_suv,dealer,AutoNation Volkswagen Carlsbad,Carlsbad,auto.dev,97.8,122,,2026-09-20,7,0,False,https://bmwencinitas.com/used/Honda/2017-Honda-HR-V-68c718edac183b721f3e0223c0500f42.htm,
43.3,2015,Honda,Civic,EX-L 4dr Sedan (1.8L 4cyl CVT),14080,8371,,False,https://www.carfax.com/VehicleHistory/p/Report.cfx?vin=2HGFB2F98FH534231&partner=FRD_2,4157,7009,692,1485,129785,137785,0.46499999999999997,12752,-1328,Blue,sedan,dealer,Karz Plus-Escondido,Escondido,auto.dev,85.4,380,1,2026-09-20,7,0,False,https://www.autolist.com/honda-civic#vin=2HGFB2F98FH534231,
43.2,2020,Honda,CR-V,LX 4dr SUV AWD (1.5L 4cyl Turbo CVT),19219,8702,0,True,https://www.carfax.com/VehicleHistory/p/Report.cfx?vin=5J6RW2H25LL012889&partner=FRD_2,5359,7725,380,1916,84596,92596,0.6900000000000001,20274,1055,White,small_suv,dealer,Carnova,San Diego,auto.dev,78.3,353,7,2026-09-20,7,0,False,https://www.car-nova.com/pre-owned-cars/detail/x/1558783,1.5L turbo oil dilution - warm climate helps; confirm it is not the turbo trim
43.2,2018,Honda,Fit,EX 4dr Hatchback (1.5L 4cyl CVT),19146,8482,0,True,https://www.carfax.com/VehicleHistory/p/Report.cfx?vin=3HGGK5H83JM724295&partner=FRD_2,5342,7699,440,1910,58186,66186,0.75,18973,-173,Silver,hatchback,dealer,Lake Elsinore Honda,Lake Elsinore,auto.dev,53.6,117,4,2026-09-25,2,0,False,https://www.carfax.com/vehicle/3HGGK5H83JM724295,
43.2,2016,Honda,Civic,EX 4dr Sedan (2.0L 4cyl CVT),12550,7922,,False,https://www.carfax.com/VehicleHistory/p/Report.cfx?vin=2HGFC2F77GH577858&partner=FRD_2,3639,6205,981,1356,136307,144307,0.46499999999999997,13046,496,,sedan,dealer,SB Motors,San Diego,auto.dev,46.4,1080,5,2026-09-20,7,0,False,https://www.autolist.com/honda-civic#vin=2HGFC2F77GH577858,1.5L turbo oil dilution - warm climate helps; confirm it is not the turbo trim
43.1,2022,Toyota,Corolla,SE 4dr Sedan (2.0L 4cyl CVT),15500,8448,,False,https://www.carfax.com/VehicleHistory/p/Report.cfx?vin=JTDP4MCE1N3513880&partner=FRD_2,4489,7264,496,1604,125655,133655,0.46499999999999997,15701,201,Blue,sedan,dealer,Get You Approved Auto Center,El Cajon,auto.dev,74.5,100,,2026-09-20,7,0,False,https://www.autolist.com/toyota-corolla#vin=JTDP4MCE1N3513880,
43.0,2022,Subaru,Crosstrek,Premium 4dr SUV AWD (2.0L 4cyl CVT),19643,9172,0,True,https://www.carfax.com/VehicleHistory/p/Report.cfx?vin=JF2GTAPC2NH268635&partner=FRD_2,6104,8428,213,1952,76630,84630,0.6900000000000001,19686,43,Gray,small_suv,dealer,DCH Honda of Temecula,Temecula,auto.dev,100.0,31,,2026-09-24,3,0,False,https://dchhondaoftemecula.com/used/Subaru/2022-Subaru-Crosstrek-for-sale-temecula-california-47ac63feac184f13fc02510b2ac360e7.htm,
43.0,2021,Subaru,Crosstrek,Limited 4dr SUV AWD (2.5L 4cyl CVT),18965,8396,,False,https://www.carfax.com/VehicleHistory/p/Report.cfx?vin=JF2GTHMC7M8286737&partner=FRD_2,5300,7634,304,1895,63886,71886,0.75,19828,863,Black,small_suv,dealer,Star Auto SD,National City,auto.dev,61.3,115,1,2026-09-20,7,0,False,https://www.autolist.com/subaru-xv+crosstrek#vin=JF2GTHMC7M8286737,
43.0,2023,Hyundai,Elantra,Limited 4dr Sedan (1.6L 4cyl gas/electric hybrid 6AM),19358,8549,0,True,https://www.carfax.com/VehicleHistory/p/Report.cfx?vin=KMHLN4AJ0PU041692&partner=FRD_2,5392,7776,262,1928,80869,88869,0.6900000000000001,17096,-2262,Blue,sedan,dealer,Toyota of Escondido,Escondido,auto.dev,88.5,98,2,2026-09-20,7,640,False,"https://hyundaiescondido.com/used/Hyundai/2023-Hyundai-Elantra-HEV-escondido,-ca-5c3582e6ac1859bf3673a7c7d214f627.htm",
43.0,2015,Toyota,Camry,XLE 4dr Sedan (2.5L 4cyl 6A),17080,9915,1,True,https://www.carfax.com/VehicleHistory/p/Report.cfx?vin=4T1BF1FK9FU990889&partner=FRD_2,6534,8745,466,1737,71028,79028,0.75,16339,-741,Gray,sedan,dealer,Toyota Chula Vista,Chula Vista,auto.dev,85.7,271,1,2026-09-22,5,0,False,https://www.carfax.com/vehicle/4T1BF1FK9FU990889,
43.0,2016,Honda,Civic,LX 4dr Sedan (2.0L 4cyl CVT),10495,8138,,False,https://www.carfax.com/VehicleHistory/p/Report.cfx?vin=2HGFC2F56GH547524&partner=FRD_2,3158,6141,1056,1184,150000,158000,0.26249999999999996,12352,1857,Gray,sedan,dealer,Best Way Motors Inc,San Diego,auto.dev,46.4,1080,5,2026-09-25,2,0,False,https://www.autolist.com/honda-civic#vin=2HGFC2F56GH547524,1.5L turbo oil dilution - warm climate helps; confirm it is not the turbo trim
42.9,2019,Nissan,Sentra,S 4dr Sedan (1.8L 4cyl CVT),10248,7245,1,False,https://www.carfax.com/VehicleHistory/p/Report.cfx?vin=3N1AB7AP9KY362066&partner=FRD_2,4097,5414,893,1163,103311,111311,0.6000000000000001,10927,679,Unspecified,sedan,dealer,San Diego Auto House,San Diego,auto.dev,0.0,222,2,2026-09-20,7,0,False,https://www.autolist.com/nissan-sentra#vin=3N1AB7AP9KY362066,Nissan CVT history - replacement can exceed the car's value
42.9,2017,Toyota,Yaris iA,4dr Sedan (1.5L 4cyl 6A),10498,7145,,False,https://www.carfax.com/VehicleHistory/p/Report.cfx?vin=3MYDLBYVXHY161074&partner=FRD_2,3159,5290,1038,1184,123673,131673,0.3844,11105,607,Gray,sedan,dealer,CC Auto Group,San Diego,auto.dev,20.5,31,,2026-09-19,8,466,False,https://www.autolist.com/toyota-yaris+ia#vin=3MYDLBYVXHY161074,"Mazda2 mechanicals, few complaints; thin resale market is the real cost"
42.8,2017,Volkswagen,Golf,TSI SEL 4dr Wagon (1.8L 4cyl Turbo 6A),8850,6868,0,False,https://www.carfax.com/VehicleHistory/p/Report.cfx?vin=3VWC17AU1HM506706&partner=FRD_2,2653,4463,1253,1045,134000,142000,0.46499999999999997,8631,-219,Silver,hatchback,dealer,Bavarian Imports,Vista,auto.dev,0.0,189,5,2026-09-20,7,0,False,https://www.carfax.com/vehicle/3VWC17AU1HM506706,Timing-chain tensioner and DSG mechatronic history; parts cost more
42.8,2019,Kia,Forte,FE 4dr Sedan (2.0L 4cyl 6M),15998,7588,,False,https://www.carfax.com/VehicleHistory/p/Report.cfx?vin=3KPF24AD0KE115625&partner=FRD_2,4606,6561,427,1646,44913,52913,0.75,13571,-2427,Black,sedan,dealer,CarMax Murrieta,Murrieta,auto.dev,43.6,147,2,2026-09-20,7,0,False,https://www.autolist.com/kia-forte#vin=3KPF24AD0KE115625,
42.8,2017,Toyota,Corolla,L 4dr Sedan (1.8L 4cyl CVT),18998,8759,,False,https://www.carfax.com/VehicleHistory/p/Report.cfx?vin=5YFBURHE8HP735795&partner=FRD_2,5308,8114,364,1898,66539,74539,0.75,16577,-2421,White,sedan,dealer,CarMax Oceanside,Oceanside,auto.dev,90.0,189,3,2026-09-20,7,0,False,https://www.autolist.com/toyota-corolla#vin=5YFBURHE8HP735795,
42.8,2021,Honda,HR-V,,19999,10392,1,False,https://www.carfax.com/VehicleHistory/p/Report.cfx?vin=3CZRU5H50MM720534&partner=FRD_2,7515,9685,188,1982,42721,50721,0.75,18938,-1061,Crystal Black Pearl,small_suv,dealer,legacy cars,El Cajon,auto.dev,100.0,63,4,2026-09-23,4,0,False,https://www.legacycarsinc.com/pre-owned-cars/detail/x/1589234,
42.7,2020,Hyundai,Elantra,Value Edition 4dr Sedan (2.0L 4cyl CVT),18998,8425,0,True,https://www.carfax.com/VehicleHistory/p/Report.cfx?vin=5NPD84LF5LH587224&partner=FRD_2,5308,7646,323,1898,10363,18363,0.75,17570,-1428,Stellar Silver,sedan,dealer,CarMax Irvine,Irvine,auto.dev,63.0,250,3,2026-09-20,7,1000,False,https://www.autolist.com/hyundai-elantra#vin=5NPD84LF5LH587224,
42.7,2016,Toyota,Prius,Two 4dr Hatchback (1.8L 4cyl gas/electric hybrid CVT),11997,8504,0,False,https://www.carfax.com/VehicleHistory/p/Report.cfx?vin=JTDKBRFU8G3507142&partner=FRD_2,3310,6809,894,1310,172980,180980,0.35,11218,-779,Blue Crush Metallic,hatchback,dealer,Rockstar Used Cars of Temecula,Temecula,auto.dev,77.8,179,5,2026-09-25,2,0,False,https://www.autolist.com/toyota-prius#vin=JTDKBRFU8G3507142,"First year of Gen 4: windshield cracking, brake booster, hot-weather power loss"
42.6,2021,Hyundai,Kona,SEL 4dr SUV (2.0L 4cyl 6A),12998,8092,1,False,https://www.carfax.com/VehicleHistory/p/Report.cfx?vin=KM8K22AA4MU660199&partner=FRD_2,5396,6746,479,1394,76198,84198,0.6900000000000001,15042,2044,White,small_suv,dealer,Kearny Mesa Toyota,San Diego,auto.dev,25.3,116,1,2026-09-26,1,0,False,https://www.carfax.com/vehicle/KM8K22AA4MU660199,
42.6,2023,Kia,Forte,LX 4dr Sedan (2.0L 4cyl CVT),18080,8113,,False,https://www.carfax.com/VehicleHistory/p/Report.cfx?vin=3KPF24AD4PE549151&partner=FRD_2,5093,7314,299,1821,70470,78470,0.75,16429,-1651,White,sedan,dealer,Karz Plus-Escondido,Escondido,auto.dev,59.0,62,3,2026-09-20,7,0,False,https://www.autolist.com/kia-forte#vin=3KPF24AD4PE549151,
42.6,2016,Hyundai,Accent,SE 4dr Sedan (1.6L 4cyl 6A),10080,6918,,False,https://www.carfax.com/VehicleHistory/p/Report.cfx?vin=KMHCT4AE2GU122072&partner=FRD_2,3551,5163,1012,1149,92993,100993,0.6000000000000001,9014,-1066,White,sedan,dealer,Karz Plus-Escondido,Escondido,auto.dev,0.0,100,,2026-09-20,7,0,False,https://www.autolist.com/hyundai-accent#vin=KMHCT4AE2GU122072,
42.6,2017,Toyota,Corolla,LE 4dr Sedan (1.8L 4cyl CVT),13995,8901,0,False,https://www.carfax.com/VehicleHistory/p/Report.cfx?vin=5YFBURHE2HP655506&partner=FRD_2,5012,7627,549,1478,117569,125569,0.46499999999999997,13437,-558,White,sedan,dealer,Prime Auto Imports,San Diego,auto.dev,90.0,189,3,2026-09-23,4,0,False,https://www.carfax.com/vehicle/5YFBURHE2HP655506,
42.6,2019,Honda,Civic,EX 4dr Hatchback (1.5L 4cyl Turbo CVT),17076,9526,1,False,https://www.carfax.com/VehicleHistory/p/Report.cfx?vin=SHHFK7H61KU214116&partner=FRD_2,6532,8374,454,1736,86492,94492,0.6900000000000001,17442,366,Silver,hatchback,dealer,DCH Kia of Temecula,Temecula,auto.dev,71.5,348,4,2026-09-22,5,415,False,https://dchkiaoftemecula.com/used/Honda/2019-Honda-Civic-serving-temecula-ca-b5c24f1fac183c5b5fb7bc2514f5636c.htm,1.5L turbo oil dilution - warm climate helps; confirm it is not the turbo trim
42.6,2019,Honda,HR-V,Sport 4dr SUV (1.8L 4cyl CVT),19535,8573,0,True,https://www.carfax.com/VehicleHistory/p/Report.cfx?vin=3CZRU5H11KG702729&partner=FRD_2,5433,7840,303,1943,62713,70713,0.75,17940,-1595,Silver,small_suv,dealer,Vista Auto Sales,Vista,auto.dev,85.2,235,7,2026-09-24,3,0,False,https://www.carfax.com/vehicle/3CZRU5H11KG702729,
42.5,2017,Toyota,RAV4,XLE 4dr SUV (2.5L 4cyl 6A),11985,9331,,False,https://www.carfax.com/VehicleHistory/p/Report.cfx?vin=JTMWFREV3HD093134&partner=FRD_2,4690,7701,718,1309,144047,152047,0.33249999999999996,15581,3596,Blue,small_suv,dealer,SIRY MOTORS,San Diego,auto.dev,80.3,307,3,2026-09-25,2,0,False,https://www.autolist.com/toyota-rav4#vin=JTMWFREV3HD093134,Battery hold-down/terminal fire recall 23V-734 - verify it was performed
42.4,2023,Nissan,Versa,SV 4dr Sedan (1.6L 4cyl CVT),14247,8494,1,False,https://www.carfax.com/VehicleHistory/p/Report.cfx?vin=3N1CN8EV5PL834315&partner=FRD_2,5582,7412,404,1499,109322,117322,0.6000000000000001,11996,-2251,Silver,sedan,dealer,Sedano Chevrolet,Santee,auto.dev,79.7,37,1,2026-09-24,3,0,False,https://www.autolist.com/nissan-versa#vin=3N1CN8EV5PL834315,
42.4,2015,Toyota,Prius v,Two 4dr Wagon (1.8L 4cyl gas/electric hybrid CVT),17498,9114,0,False,https://www.carfax.com/VehicleHistory/p/Report.cfx?vin=JTDZN3EUXFJ038893&partner=FRD_2,5529,8003,552,1772,77211,85211,0.6900000000000001,15894,-1604,Classic Silver Metallic,hatchback,dealer,AutoNation Toyota Irvine,Irvine,auto.dev,74.3,139,2,2026-09-23,4,0,False,https://www.carfax.com/vehicle/JTDZN3EUXFJ038893,Gen 3 engine family - ask for EGR circuit service records
42.4,2019,Honda,Accord,EX-L 4dr Sedan (1.5L 4cyl Turbo CVT),15995,9693,1,False,https://www.carfax.com/VehicleHistory/p/Report.cfx?vin=1HGCV1F58KA071257&partner=FRD_2,6628,8280,450,1646,72309,80309,0.6900000000000001,19118,3123,Gray,sedan,dealer,East County Pre-Owned,El Cajon,auto.dev,55.8,689,6,2026-09-23,4,85,False,https://www.eastcountypreowned.com/pre-owned-cars/detail/x/1578808,1.5L turbo oil dilution - warm climate helps; confirm it is not the turbo trim
42.4,2018,Honda,Civic,EX-T 4dr Sedan (1.5L 4cyl Turbo CVT),15976,8236,,False,https://www.carfax.com/VehicleHistory/p/Report.cfx?vin=JHMFC1F36JX001301&partner=FRD_2,4600,6944,662,1644,109420,117420,0.6000000000000001,15656,-320,White,sedan,dealer,DCH Honda Mission Valley,San Diego,auto.dev,59.6,598,6,2026-09-20,7,0,False,https://www.autolist.com/honda-civic#vin=JHMFC1F36JX001301,1.5L turbo oil dilution - warm climate helps; confirm it is not the turbo trim
42.3,2015,Volkswagen,Golf,TDI S 4dr Wagon (2.0L 4cyl Turbodiesel 6AM),6450,6591,0,True,https://www.carfax.com/VehicleHistory/p/Report.cfx?vin=3VWCA7AUXFM507608&partner=FRD_2,2092,3912,1345,844,165626,173626,0.26249999999999996,4699,-1751,Unspecified,hatchback,dealer,West Auto Hub LLC,San Diego,auto.dev,29.7,131,12,2026-09-25,2,0,False,https://www.autolist.com/volkswagen-golf+sportwagen#vin=3VWCA7AUXFM507608,Timing-chain tensioner and DSG mechatronic history; parts cost more
42.2,2023,Hyundai,Elantra,Blue 4dr Sedan (1.6L 4cyl gas/electric hybrid 6AM),18673,9888,1,False,https://www.carfax.com/VehicleHistory/p/Report.cfx?vin=KMHLM4AJ1PU043258&partner=FRD_2,7069,9091,222,1871,70067,78067,0.75,17629,-1044,Black,sedan,dealer,PARADISE Chevrolet Cadillac,Temecula,auto.dev,88.5,98,2,2026-09-22,5,0,False,https://www.paradiseautos.com/used-Temecula-2023-Hyundai-Elantra+Hybrid-Blue-KMHLM4AJ1PU043258,
42.2,2023,Hyundai,Kona,SEL 4dr SUV (2.0L 4cyl CVT),19113,8370,,False,https://www.carfax.com/VehicleHistory/p/Report.cfx?vin=KM8K62AB6PU062424&partner=FRD_2,5334,7687,232,1907,41160,49160,0.75,18370,-743,White,small_suv,dealer,Kearny Mesa Ford & Kia,San Diego,auto.dev,66.3,65,1,2026-09-23,4,0,False,https://www.autolist.com/hyundai-kona#vin=KM8K62AB6PU062424,
42.2,2021,Toyota,Corolla,LE 4dr Sedan (1.8L 4cyl CVT),19899,8703,0,False,https://www.carfax.com/VehicleHistory/p/Report.cfx?vin=5YFEPMAE0MP227607&partner=FRD_2,5519,7972,318,1974,12249,20249,0.75,22127,2228,Silver,sedan,dealer,VIP Autos,San Diego,auto.dev,48.1,185,1,2026-09-23,4,0,False,https://www.carfax.com/vehicle/5YFEPMAE0MP227607,
42.2,2016,Toyota,Prius c,Two 4dr Hatchback (1.5L 4cyl gas/electric hybrid CVT),19998,9226,0,True,https://www.carfax.com/VehicleHistory/p/Report.cfx?vin=JTDKDTB30G1119323&partner=FRD_2,5542,8501,422,1982,64986,72986,0.75,13995,-6003,Moonglow,hatchback,dealer,CarMax Murrieta,Murrieta,auto.dev,82.9,162,,2026-09-26,1,0,False,https://www.autolist.com/toyota-prius+c#vin=JTDKDTB30G1119323,
42.2,2016,Honda,Civic,LX 4dr Sedan (2.0L 4cyl CVT),16073,8173,,False,https://www.carfax.com/VehicleHistory/p/Report.cfx?vin=19XFC2F59GE090315&partner=FRD_2,4623,6981,673,1652,80176,88176,0.6900000000000001,15891,-182,,sedan,dealer,Carlsbad Volvo,Carlsbad,auto.dev,46.4,1080,5,2026-09-24,3,0,False,https://www.autolist.com/honda-civic#vin=19XFC2F59GE090315,1.5L turbo oil dilution - warm climate helps; confirm it is not the turbo trim
42.1,2016,Subaru,Crosstrek,2.0i Premium PZEV 4dr SUV AWD (2.0L 4cyl CVT),11629,8803,1,False,https://www.carfax.com/VehicleHistory/p/Report.cfx?vin=JF2GPABC5G8212378&partner=FRD_2,5313,7212,700,1279,112017,120017,0.46499999999999997,12726,1097,Blue,small_suv,dealer,Carz Land,San Diego,auto.dev,68.8,131,1,2026-09-20,7,0,False,https://www.carfax.com/vehicle/JF2GPABC5G8212378,FB-series oil consumption; check consumption history
42.1,2016,Toyota,Camry,LE 4dr Sedan (2.5L 4cyl 6A),14113,9590,1,False,https://www.carfax.com/VehicleHistory/p/Report.cfx?vin=4T1BF1FK7GU133052&partner=FRD_2,5536,8052,590,1487,131094,139094,0.46499999999999997,13806,-307,White,sedan,dealer,Toyota Carlsbad,Carlsbad,auto.dev,95.3,188,2,2026-09-23,4,1475,False,https://toyotacarlsbad.com/used/Toyota/2016-Toyota-Camry-c6809ce9ac1829354b5a14180ca3ddef.htm,
42.1,2022,Toyota,Corolla,SE Apex Edition 4dr Sedan (2.0L 4cyl CVT),19985,8677,,False,https://www.carfax.com/VehicleHistory/p/Report.cfx?vin=JTDS4MCE2NJ090653&partner=FRD_2,5539,8003,265,1981,71890,79890,0.75,19009,-976,Black,sedan,dealer,Value Cars Inc,National City,auto.dev,74.5,100,,2026-09-20,7,0,False,https://www.autolist.com/toyota-corolla#vin=JTDS4MCE2NJ090653,
42.1,2017,Toyota,Camry,XSE 4dr Sedan (2.5L 4cyl 6A),15777,9968,,False,https://www.carfax.com/VehicleHistory/p/Report.cfx?vin=4T1BF1FK0HU329089&partner=FRD_2,5710,8634,481,1627,114451,122451,0.46499999999999997,15318,-459,White,sedan,dealer,Carco Sales & Finance,Poway,auto.dev,99.0,148,3,2026-09-20,7,0,False,https://www.autolist.com/toyota-camry#vin=4T1BF1FK0HU329089,
42.1,2015,Honda,CR-V,EX-L 4dr SUV w/Navigation (2.4L 4cyl CVT),11629,8543,0,True,https://www.carfax.com/VehicleHistory/p/Report.cfx?vin=2HKRM3H79FH513970&partner=FRD_2,3423,6743,823,1279,159292,167292,0.26249999999999996,12224,595,Brown,small_suv,dealer,Carz Land,San Diego,auto.dev,83.4,670,3,2026-09-25,2,0,False,https://www.carfax.com/vehicle/2HKRM3H79FH513970,
42.0,2022,Subaru,Crosstrek,Sport 4dr SUV AWD (2.5L 4cyl CVT),19744,10398,1,True,https://www.carfax.com/VehicleHistory/p/Report.cfx?vin=JF2GTHRC2NH262565&partner=FRD_2,7428,9570,234,1960,82997,90997,0.6900000000000001,19241,-503,Black,small_suv,dealer,Pedder Hyundai of Poway,Poway,auto.dev,100.0,31,,2026-09-23,4,193,False,https://www.carfax.com/vehicle/JF2GTHRC2NH262565,
42.0,2017,Volkswagen,Golf,TSI Wolfsburg Edition 4dr Hatchback (1.8L 4cyl Turbo 6A),8585,6815,0,False,https://www.carfax.com/VehicleHistory/p/Report.cfx?vin=3VW217AU3HM024931&partner=FRD_2,2591,4345,1305,1023,141025,149025,0.46499999999999997,8021,-564,Pure White,hatchback,dealer,Mercedes-Benz of San Diego,San Diego,auto.dev,0.0,189,5,2026-09-20,7,188,False,https://www.autolist.com/volkswagen-golf#vin=3VW217AU3HM024931,Timing-chain tensioner and DSG mechatronic history; parts cost more
42.0,2023,Hyundai,Kona,SEL 4dr SUV (electric DD),19406,8462,0,True,https://www.carfax.com/VehicleHistory/p/Report.cfx?vin=KM8K33AG1PU179337&partner=FRD_2,5403,7793,232,1932,34190,42190,0.75,18946,-460,Gray,small_suv,dealer,Hyundai of El Cajon,El Cajon,auto.dev,66.3,65,1,2026-09-20,7,307,False,https://www.carfax.com/vehicle/KM8K33AG1PU179337,
42.0,2022,Toyota,Corolla,LE 4dr Sedan (1.8L 4cyl CVT),17060,9407,1,True,https://www.carfax.com/VehicleHistory/p/Report.cfx?vin=JTDEPMAE7N3003292&partner=FRD_2,6527,8367,342,1735,89692,97692,0.6900000000000001,17914,854,Gray,sedan,dealer,AutoZuu Inc,Spring Valley,auto.dev,74.5,100,,2026-09-20,7,0,False,https://www.autolist.com/toyota-corolla#vin=JTDEPMAE7N3003292,
42.0,2016,Toyota,RAV4,Limited 4dr SUV (2.5L 4cyl 6A),12915,8845,0,True,https://www.carfax.com/VehicleHistory/p/Report.cfx?vin=2T3YFREV0GW248975&partner=FRD_2,3552,7315,743,1387,177163,185163,0.33249999999999996,13433,518,Silver Sky Metallic,small_suv,dealer,Lexus Escondido,Escondido,auto.dev,95.7,239,3,2026-09-25,2,0,False,https://www.autolist.com/toyota-rav4#vin=2T3YFREV0GW248975,
41.9,2020,Subaru,Impreza,4dr Sedan AWD (2.0L 4cyl CVT),16495,9097,1,False,https://www.carfax.com/VehicleHistory/p/Report.cfx?vin=4S3GKAB64L3600507&partner=FRD_2,6338,8114,316,1688,47443,55443,0.75,16961,466,Silver,sedan,dealer,East County Pre-Owned,El Cajon,auto.dev,65.3,85,1,2026-09-20,7,0,False,https://www.eastcountypreowned.com/pre-owned-cars/detail/x/1572730,
41.9,2017,Toyota,RAV4,LE 4dr SUV (2.5L 4cyl 6A),17998,8758,,False,https://www.carfax.com/VehicleHistory/p/Report.cfx?vin=2T3ZFREV4HW399775&partner=FRD_2,4834,7979,561,1814,105210,113210,0.76,17462,-536,Black,small_suv,dealer,CarMax Oceanside,Oceanside,auto.dev,80.3,307,3,2026-09-22,5,0,False,https://www.autolist.com/toyota-rav4#vin=2T3ZFREV4HW399775,Battery hold-down/terminal fire recall 23V-734 - verify it was performed
41.9,2015,Toyota,RAV4,LE 4dr SUV (2.5L 4cyl 6A),17477,9299,,False,https://www.carfax.com/VehicleHistory/p/Report.cfx?vin=JTMZFREV9FD058592&partner=FRD_2,5590,8458,518,1770,93741,101741,0.76,16933,-544,Silver,small_suv,dealer,Carco Sales & Finance,Poway,auto.dev,91.2,304,4,2026-09-19,8,0,False,https://www.autolist.com/toyota-rav4#vin=JTMZFREV9FD058592,
41.9,2017,Honda,Accord,EX-L V-6 4dr Sedan (3.5L 6cyl 6A),13995,9473,1,False,https://www.carfax.com/VehicleHistory/p/Report.cfx?vin=1HGCR3F83HA029470&partner=FRD_2,5357,7886,642,1478,133519,141519,0.46499999999999997,14700,705,White,sedan,dealer,North County Auto,Oceanside,auto.dev,85.0,535,3,2026-09-24,3,0,False,https://www.carfax.com/vehicle/1HGCR3F83HA029470,
41.9,2020,Honda,Civic,LX 4dr Sedan (2.0L 4cyl CVT),14995,9174,0,False,https://www.carfax.com/VehicleHistory/p/Report.cfx?vin=19XFC2F68LE203223&partner=FRD_2,5468,7908,500,1562,112959,120959,0.46499999999999997,16724,1729,Crystal Black Pearl,sedan,dealer,Hello Mazda of San Diego,San Diego,auto.dev,77.8,225,5,2026-09-20,7,691,False,https://www.autolist.com/honda-civic#vin=19XFC2F68LE203223,1.5L turbo oil dilution - warm climate helps; confirm it is not the turbo trim
41.8,2016,Nissan,Sentra,S 4dr Sedan (1.8L 4cyl CVT),11998,6764,0,False,https://www.carfax.com/VehicleHistory/p/Report.cfx?vin=3N1AB7AP6GY319456&partner=FRD_2,3510,5273,819,1310,67154,75154,0.75,10350,-1648,Gun Metallic,sedan,dealer,CarMax Costa Mesa,Costa Mesa,auto.dev,0.0,270,6,2026-09-20,7,0,False,https://www.autolist.com/nissan-sentra#vin=3N1AB7AP6GY319456,Nissan CVT history - replacement can exceed the car's value
41.8,2023,Kia,Forte,GT-Line 4dr Sedan (2.0L 4cyl CVT),16799,9151,1,False,https://www.carfax.com/VehicleHistory/p/Report.cfx?vin=3KPF54AD6PE683523&partner=FRD_2,6439,8250,247,1713,28945,36945,0.75,18097,1298,Gray,sedan,dealer,Temecula Safi Motors,Temecula,auto.dev,59.0,62,3,2026-09-20,7,0,False,https://www.carfax.com/vehicle/3KPF54AD6PE683523,
41.8,2016,Toyota,Prius,Two Eco 4dr Hatchback (1.8L 4cyl gas/electric hybrid CVT),15547,10667,1,False,https://www.carfax.com/VehicleHistory/p/Report.cfx?vin=JTDKARFU6G3501701&partner=FRD_2,6813,9399,657,1608,115997,123997,0.62,15047,-500,White,hatchback,dealer,Temecula Valley Lexus,Temecula,auto.dev,77.8,179,5,2026-09-19,8,563,False,https://www.carfax.com/vehicle/JTDKARFU6G3501701,"First year of Gen 4: windshield cracking, brake booster, hot-weather power loss"
41.8,2019,Honda,Civic,LX 4dr Sedan (2.0L 4cyl CVT),17010,9896,1,False,https://www.carfax.com/VehicleHistory/p/Report.cfx?vin=2HGFC2F60KH519638&partner=FRD_2,7000,8761,410,1731,76611,84611,0.6900000000000001,17943,933,White,sedan,dealer,Legacy Cars,El Cajon,auto.dev,71.5,348,4,2026-09-23,4,0,False,https://www.legacycarsinc.com/pre-owned-cars/detail/x/1564327,1.5L turbo oil dilution - warm climate helps; confirm it is not the turbo trim
41.8,2021,Honda,Civic,Sport 4dr Sedan (2.0L 4cyl CVT),17495,10627,1,False,https://www.carfax.com/VehicleHistory/p/Report.cfx?vin=2HGFC2F83MH534560&partner=FRD_2,7429,9560,373,1772,95316,103316,0.6000000000000001,18242,747,Black,sedan,dealer,Vanguard Auto Sales LLC,Lakeside,auto.dev,82.1,144,4,2026-09-23,4,0,False,https://www.vanguardautosales.net/pre-owned-cars/detail/x/1576387,1.5L turbo oil dilution - warm climate helps; confirm it is not the turbo trim
41.7,2022,Mazda,Mazda3,2.5 Turbo 4dr Sedan AWD (2.5L 4cyl Turbo 6A),16495,9047,1,True,https://www.carfax.com/VehicleHistory/p/Report.cfx?vin=3MZBPBAY7NM310216&partner=FRD_2,6386,8155,267,1688,32983,40983,0.8,18928,2433,Black,sedan,dealer,Vanguard Auto Sales LLC,Lakeside,auto.dev,50.0,,,2026-09-20,7,0,False,https://www.vanguardautosales.net/pre-owned-cars/detail/x/1555331,
41.7,2018,Honda,Civic,LX 4dr Sedan (2.0L 4cyl CVT),17995,9810,1,True,https://www.carfax.com/VehicleHistory/p/Report.cfx?vin=2HGFC2F50JH597309&partner=FRD_2,6842,8787,419,1814,29764,37764,0.75,19694,1699,White,sedan,dealer,Vanguard Auto Sales LLC,Lakeside,auto.dev,59.6,598,6,2026-09-23,4,0,False,https://www.vanguardautosales.net/pre-owned-cars/detail/x/1568950,1.5L turbo oil dilution - warm climate helps; confirm it is not the turbo trim
41.7,2020,Honda,Accord,Sport 4dr Sedan (1.5L 4cyl Turbo CVT),18951,8783,0,False,https://www.carfax.com/VehicleHistory/p/Report.cfx?vin=1HGCV1F38LA109201&partner=FRD_2,5297,7629,426,1894,91764,99764,0.6900000000000001,18718,-233,Crystal Black Pearl,sedan,dealer,Hello Mazda of San Diego,San Diego,auto.dev,74.4,362,5,2026-09-20,7,448,False,https://www.autolist.com/honda-accord#vin=1HGCV1F38LA109201,1.5L turbo oil dilution - warm climate helps; confirm it is not the turbo trim
41.6,2018,Subaru,Crosstrek,2.0i Premium 4dr SUV AWD (2.0L 4cyl 6M),13995,8592,1,False,https://www.carfax.com/VehicleHistory/p/Report.cfx?vin=JF2GTABC3J9212263&partner=FRD_2,5357,7178,627,1478,104280,112280,0.6000000000000001,14762,767,Beige,small_suv,dealer,Honda of Escondido,Escondido,auto.dev,61.3,194,5,2026-09-20,7,0,False,https://www.carfax.com/vehicle/JF2GTABC3J9212263,
41.6,2019,Toyota,C-HR,LE 4dr SUV (2.0L 4cyl CVT),13995,8528,1,False,https://www.carfax.com/VehicleHistory/p/Report.cfx?vin=JTNKHMBX7K1042841&partner=FRD_2,5357,7178,563,1478,105080,113080,0.6000000000000001,13945,-50,Unspecified,small_suv,dealer,Velart Car Center,San Diego,auto.dev,66.2,110,3,2026-09-23,4,0,False,https://www.autolist.com/toyota-c+hr#vin=JTNKHMBX7K1042841,
41.6,2023,Toyota,Camry,LE 4dr Sedan (2.5L 4cyl 8A),19815,9404,,False,https://www.carfax.com/VehicleHistory/p/Report.cfx?vin=4T1C11AK9PU768400&partner=FRD_2,5498,8429,321,1966,103204,111204,0.6000000000000001,19718,-97,Gray,sedan,dealer,World Auto Sales,San Diego,auto.dev,94.4,64,2,2026-09-20,7,0,False,https://www.autolist.com/toyota-camry#vin=4T1C11AK9PU768400,
41.6,2017,Toyota,Camry,XSE 4dr Sedan (2.5L 4cyl 6A),15998,10067,,False,https://www.carfax.com/VehicleHistory/p/Report.cfx?vin=4T1BF1FK6HU295157&partner=FRD_2,5779,8745,479,1646,113918,121918,0.46499999999999997,15346,-652,Brown,sedan,dealer,CarMax Irvine,Irvine,auto.dev,99.0,148,3,2026-09-20,7,0,False,https://www.autolist.com/toyota-camry#vin=4T1BF1FK6HU295157,
41.6,2018,Honda,Civic,EX 4dr Sedan (2.0L 4cyl CVT),19080,8547,,False,https://www.carfax.com/VehicleHistory/p/Report.cfx?vin=2HGFC2F75JH546101&partner=FRD_2,5327,7676,419,1905,51740,59740,0.75,18580,-500,White,sedan,dealer,Auto City,El Cajon,auto.dev,59.6,598,6,2026-09-20,7,0,False,https://www.autolist.com/honda-civic#vin=2HGFC2F75JH546101,1.5L turbo oil dilution - warm climate helps; confirm it is not the turbo trim
41.5,2015,Toyota,RAV4,Limited 4dr SUV (2.5L 4cyl 6A),17444,10724,1,True,https://www.carfax.com/VehicleHistory/p/Report.cfx?vin=2T3YFREVXFW211141&partner=FRD_2,7217,9735,533,1767,97917,105917,0.76,16730,-714,White,small_suv,dealer,AutoNation Subaru Carlsbad,Carlsbad,auto.dev,91.2,304,4,2026-09-19,8,0,False,https://bmwencinitas.com/used/Toyota/2015-Toyota-RAV4-49e5d841ac18005db88bfdc4141dc3ef.htm,
41.5,2016,Honda,CR-V,SE 4dr SUV (2.4L 4cyl CVT),14976,9541,,False,https://www.carfax.com/VehicleHistory/p/Report.cfx?vin=2HKRM3H49GH516603&partner=FRD_2,5462,8230,542,1560,117018,125018,0.46499999999999997,15445,469,Black,small_suv,dealer,DCH Honda Mission Valley,San Diego,auto.dev,95.3,393,3,2026-09-23,4,0,False,https://www.autolist.com/honda-cr+v#vin=2HKRM3H49GH516603,
41.5,2015,Honda,Civic,EX-L 4dr Sedan (1.8L 4cyl CVT),14580,8547,,False,https://www.carfax.com/VehicleHistory/p/Report.cfx?vin=19XFB2F90FE281061&partner=FRD_2,4274,7232,670,1527,123906,131906,0.46499999999999997,13050,-1530,White,sedan,dealer,Karz Plus-Escondido,Escondido,auto.dev,85.4,380,1,2026-09-20,7,0,False,https://www.autolist.com/honda-civic#vin=19XFB2F90FE281061,
41.4,2017,Toyota,RAV4,XLE 4dr SUV (2.5L 4cyl 6A),16010,8800,,False,https://www.carfax.com/VehicleHistory/p/Report.cfx?vin=JTMWFREV8HJ126467&partner=FRD_2,4395,7711,653,1647,127934,135934,0.589,16361,351,White,small_suv,dealer,Norm Reeves Toyota San Diego,San Diego,auto.dev,80.3,307,3,2026-09-19,8,2107,False,https://www.autolist.com/toyota-rav4#vin=JTMWFREV8HJ126467,Battery hold-down/terminal fire recall 23V-734 - verify it was performed
41.3,2017,Mazda,CX-5,Grand Select 4dr SUV AWD (2.5L 4cyl 6A),16488,9596,1,False,https://www.carfax.com/VehicleHistory/p/Report.cfx?vin=JM3KFBDL9H0108269&partner=FRD_2,6335,8466,452,1687,90764,98764,0.6900000000000001,15992,-496,Gray,small_suv,dealer,AutoNation Mazda Carlsbad,Carlsbad,auto.dev,89.9,148,1,2026-09-20,7,507,False,https://bmwencinitas.com/used/Mazda/2017-Mazda-Mazda-CX-5-945658c4ac1811a5b94575c68732fe74.htm,
41.3,2023,Kia,Forte,LX 4dr Sedan (2.0L 4cyl CVT),18580,8235,,False,https://www.carfax.com/VehicleHistory/p/Report.cfx?vin=3KPF24ADXPE548103&partner=FRD_2,5210,7495,264,1863,63302,71302,0.75,16717,-1863,Gray,sedan,dealer,Karz Plus-Escondido,Escondido,auto.dev,59.0,62,3,2026-09-20,7,0,False,https://www.autolist.com/kia-forte#vin=3KPF24ADXPE548103,
41.3,2019,Toyota,Camry,LE 4dr Sedan (2.5L 4cyl 8A),13999,8866,1,False,https://www.carfax.com/VehicleHistory/p/Report.cfx?vin=4T1B11HK3KU212237&partner=FRD_2,5358,7179,700,1478,110000,118000,0.6000000000000001,16822,2823,Unspecified,sedan,dealer,Prestige Auto Source,National City,auto.dev,45.0,395,6,2026-09-20,7,0,False,https://www.carfax.com/vehicle/4T1B11HK3KU212237,
41.3,2018,Honda,HR-V,LX 4dr SUV (1.8L 4cyl CVT),16965,9058,,False,https://www.carfax.com/VehicleHistory/p/Report.cfx?vin=3CZRU5H35JM721074&partner=FRD_2,5663,8009,420,1727,96800,104800,0.6000000000000001,16458,-507,Gray,small_suv,dealer,DCH Honda Mission Valley,San Diego,auto.dev,94.1,156,3,2026-09-20,7,11,False,https://www.autolist.com/honda-hr+v#vin=3CZRU5H35JM721074,
41.2,2023,Kia,Forte,LX 4dr Sedan (2.0L 4cyl CVT),17200,9314,1,False,https://www.carfax.com/VehicleHistory/p/Report.cfx?vin=3KPF24AD2PE688145&partner=FRD_2,6574,8430,247,1747,25630,33630,0.75,18230,1030,Blue,sedan,dealer,Kia of Irvine,Irvine,auto.dev,59.0,62,3,2026-09-20,7,500,False,https://www.kiaofirvine.com/viewdetails/cpo/3kpf24ad2pe688145/2023-kia-forte-4dr-car?type=cash,
41.2,2015,Toyota,Prius,Four 4dr Hatchback (1.8L 4cyl gas/electric hybrid CVT),15785,9530,1,True,https://www.carfax.com/VehicleHistory/p/Report.cfx?vin=JTDKN3DU4F0396175&partner=FRD_2,6329,8324,711,1628,79474,87474,0.92,16015,230,Gray,hatchback,dealer,Auto Advantage,Escondido,auto.dev,47.6,165,1,2026-09-23,4,0,False,https://www.autolist.com/toyota-prius#vin=JTDKN3DU4F0396175,Gen 3: EGR clogging -> head gasket failure; brake actuator (DTC C1391) ~$2-3k
41.2,2016,Honda,CR-V,LX 4dr SUV (2.4L 4cyl CVT),15122,9607,0,True,https://www.carfax.com/VehicleHistory/p/Report.cfx?vin=3CZRM3H36GG708510&partner=FRD_2,5507,8304,540,1572,116355,124355,0.46499999999999997,15484,362,Black,small_suv,dealer,Dalton Subaru National City,National City,auto.dev,95.3,393,3,2026-09-24,3,0,False,https://www.subarudalton.com/used-National+City-2016-Honda-CR+V-LX-3CZRM3H36GG708510,
41.2,2018,Honda,Civic,LX 4dr Sedan (2.0L 4cyl CVT),17998,8377,,False,https://www.carfax.com/VehicleHistory/p/Report.cfx?vin=2HGFC2F59JH527274&partner=FRD_2,5074,7284,522,1814,81064,89064,0.6900000000000001,17093,-905,Gray,sedan,dealer,CarMax Kearny Mesa,San Diego,auto.dev,59.6,598,6,2026-09-22,5,0,False,https://www.autolist.com/honda-civic#vin=2HGFC2F59JH527274,1.5L turbo oil dilution - warm climate helps; confirm it is not the turbo trim
41.1,2018,Mazda,Mazda3,Sport 4dr Hatchback (2.0L 4cyl 6M),15389,8849,1,False,https://www.carfax.com/VehicleHistory/p/Report.cfx?vin=3MZBN1K77JM212190&partner=FRD_2,6011,7657,517,1595,49109,57109,0.8,17115,1726,Gray,hatchback,dealer,VIP Autos,San Diego,auto.dev,32.4,108,4,2026-09-19,8,0,False,https://www.carfax.com/vehicle/3MZBN1K77JM212190,Rearview camera recall 23V-487; infotainment 'ghost touch'
41.1,2022,Nissan,Sentra,SR 4dr Sedan (2.0L 4cyl CVT),12495,8063,,False,https://www.carfax.com/VehicleHistory/p/Report.cfx?vin=3N1AB8DV3NY314535&partner=FRD_2,4546,6592,614,1352,118530,126530,0.46499999999999997,12720,225,,sedan,dealer,Brookside Motors,San Diego,auto.dev,42.4,81,2,2026-09-20,7,0,False,https://www.autolist.com/nissan-sentra#vin=3N1AB8DV3NY314535,Nissan CVT history - replacement can exceed the car's value (improved 2020 redesign)
41.1,2018,Toyota,RAV4,Adventure 4dr SUV (2.5L 4cyl 6A),11995,9113,1,False,https://www.carfax.com/VehicleHistory/p/Report.cfx?vin=JTMWFREV4JD121500&partner=FRD_2,4544,7348,818,1310,183929,191929,0.33249999999999996,14191,2196,Blue,small_suv,dealer,Guardians Auto,Lemon Grove,auto.dev,83.2,331,3,2026-09-25,2,0,False,https://www.carfax.com/vehicle/JTMWFREV4JD121500,
41.1,2017,Toyota,Corolla,L 4dr Sedan (1.8L 4cyl CVT),11354,9037,0,False,https://www.carfax.com/VehicleHistory/p/Report.cfx?vin=2T1BURHE4HC884835&partner=FRD_2,4608,7409,663,1256,149089,157089,0.26249999999999996,11497,143,Black,sedan,dealer,Maverick Toyota,Lemon Grove,auto.dev,90.0,189,3,2026-09-27,0,0,False,https://www.mavericktoyota.com/used-Lemon+Grove-2017-Toyota-Corolla-LE-2T1BURHE4HC884835,
41.1,2015,Toyota,Corolla,S Plus 4dr Sedan (1.8L 4cyl CVT),12950,9418,1,True,https://www.carfax.com/VehicleHistory/p/Report.cfx?vin=5YFBURHE5FP319944&partner=FRD_2,5846,7969,610,1390,118135,126135,0.46499999999999997,12297,-653,Super White,sedan,dealer,ZAS Motors,San Diego,auto.dev,90.6,219,1,2026-09-20,7,0,False,https://www.autolist.com/toyota-corolla#vin=5YFBURHE5FP319944,
41.1,2020,Honda,CR-V,EX 4dr SUV (1.5L 4cyl Turbo CVT),15995,8793,0,False,https://www.carfax.com/VehicleHistory/p/Report.cfx?vin=5J6RW1H52LA001655&partner=FRD_2,4605,7473,574,1646,131593,139593,0.46499999999999997,17503,1508,Unspecified,small_suv,dealer,Velart Car Center,San Diego,auto.dev,78.3,353,7,2026-09-20,7,0,False,https://www.carfax.com/vehicle/5J6RW1H52LA001655,1.5L turbo oil dilution - warm climate helps; confirm it is not the turbo trim
41.1,2017,Honda,Accord,Sport 4dr Sedan (2.4L 4cyl CVT),15121,10848,1,False,https://www.carfax.com/VehicleHistory/p/Report.cfx?vin=1HGCR2F57HA242812&partner=FRD_2,6849,9310,577,1572,116640,124640,0.46499999999999997,15579,458,White,sedan,dealer,Toyota of El Cajon,El Cajon,auto.dev,85.0,535,3,2026-09-23,4,0,False,https://www.autolist.com/honda-accord#vin=1HGCR2F57HA242812,
41.0,2021,Subaru,Crosstrek,Premium 4dr SUV AWD (2.0L 4cyl CVT),19572,8567,0,False,https://www.carfax.com/VehicleHistory/p/Report.cfx?vin=JF2GTAEC4M8315021&partner=FRD_2,5442,7853,285,1946,58939,66939,0.75,20173,601,Gray,small_suv,dealer,Hyundai Escondido,Escondido,auto.dev,61.3,115,1,2026-09-27,0,0,False,"https://hyundaiescondido.com/used/Subaru/2021-Subaru-Crosstrek-escondido,-ca-3b9d0dddac18518b4729f63badfae63d.htm",
41.0,2017,Mazda,CX-5,Grand Select 4dr SUV (2.5L 4cyl 6A),15985,9073,,False,https://www.carfax.com/VehicleHistory/p/Report.cfx?vin=JM3KFADL9H0157806&partner=FRD_2,5384,7956,476,1645,97470,105470,0.6000000000000001,15594,-391,White,small_suv,dealer,SIRY MOTORS,San Diego,auto.dev,89.9,148,1,2026-09-20,7,0,False,https://www.autolist.com/mazda-cx+5#vin=JM3KFADL9H0157806,
41.0,2016,Hyundai,Veloster,Turbo Rally Edition 3dr Hatchback w/Black Interior (1.6L 4cy,11991,7191,0,True,https://www.carfax.com/VehicleHistory/p/Report.cfx?vin=KMHTC6AEXGU284933&partner=FRD_2,3508,5270,956,1309,85551,93551,0.6900000000000001,9800,-2191,White,hatchback,dealer,Majano Enterprise LLC,San Juan Capistrano,auto.dev,0.0,222,1,2026-09-24,3,0,False,https://www.autolist.com/hyundai-veloster+turbo#vin=KMHTC6AEXGU284933,
41.0,2016,Honda,Civic,LX 4dr Sedan (2.0L 4cyl CVT),16999,8343,0,False,https://www.carfax.com/VehicleHistory/p/Report.cfx?vin=2HGFC2F56GH560922&partner=FRD_2,4840,7340,607,1730,68046,76046,0.75,16506,-493,Gray,sedan,dealer,Genesis of Escondido,Escondido,auto.dev,46.4,1080,5,2026-09-27,0,0,False,https://www.carfax.com/vehicle/2HGFC2F56GH560922,1.5L turbo oil dilution - warm climate helps; confirm it is not the turbo trim
41.0,2020,Honda,Civic,LX 4dr Sedan (2.0L 4cyl CVT),15353,9332,,False,https://www.carfax.com/VehicleHistory/p/Report.cfx?vin=19XFC2F65LE204605&partner=FRD_2,5579,8080,500,1592,113001,121001,0.46499999999999997,16722,1369,Black,sedan,dealer,Get You Approved Auto Center,El Cajon,auto.dev,77.8,225,5,2026-09-20,7,0,False,https://www.autolist.com/honda-civic#vin=19XFC2F65LE204605,1.5L turbo oil dilution - warm climate helps; confirm it is not the turbo trim
41.0,2016,Honda,Accord,Sport 4dr Sedan (2.4L 4cyl CVT),19084,9052,,False,https://www.carfax.com/VehicleHistory/p/Report.cfx?vin=1HGCR2F53GA113867&partner=FRD_2,5328,8147,429,1905,71261,79261,0.75,17331,-1753,White,sedan,dealer,Escondido Auto Super Center,Escondido,auto.dev,86.7,604,4,2026-09-20,7,0,False,https://www.autolist.com/honda-accord#vin=1HGCR2F53GA113867,
40.9,2022,Hyundai,Ioniq,SEL 4dr Hatchback (1.6L 4cyl gas/electric hybrid 6AM),18931,9068,0,True,https://www.carfax.com/VehicleHistory/p/Report.cfx?vin=KMHC85LC2NU268276&partner=FRD_2,5913,8149,277,1892,74891,82891,0.6900000000000001,16874,-2057,White,hatchback,dealer,Team Kia of El Cajon,El Cajon,auto.dev,75.0,,,2026-09-23,4,0,False,https://www.carfax.com/vehicle/KMHC85LC2NU268276,
40.9,2021,Toyota,Corolla,LE 4dr Sedan (1.8L 4cyl CVT),17990,8280,0,False,https://www.carfax.com/VehicleHistory/p/Report.cfx?vin=5YFEPMAE8MP147939&partner=FRD_2,5072,7281,428,1813,80217,88217,0.6900000000000001,17945,-45,Gray,sedan,dealer,National City Auto Center,National City,auto.dev,48.1,185,1,2026-09-23,4,0,False,https://www.carfax.com/vehicle/5YFEPMAE8MP147939,
40.9,2022,Toyota,Corolla,LE 4dr Sedan (1.8L 4cyl CVT),18265,10319,1,False,https://www.carfax.com/VehicleHistory/p/Report.cfx?vin=5YFEPMAE1NP291723&partner=FRD_2,7458,9355,285,1836,76540,84540,0.6900000000000001,18723,458,Celestite Gray Metallic,sedan,dealer,Toyota of Hemet,Hemet,auto.dev,74.5,100,,2026-09-24,3,0,False,https://www.toyotahemet.com/viewdetails/used/5yfepmae1np291723/2022-toyota-corolla-4dr-car?type=finance,
40.9,2020,Honda,Civic,EX 4dr Sedan (1.5L 4cyl Turbo CVT),18596,10516,1,False,https://www.carfax.com/VehicleHistory/p/Report.cfx?vin=19XFC1F3XLE016744&partner=FRD_2,7580,9512,338,1864,74023,82023,0.6900000000000001,18698,102,Black,sedan,dealer,CBM Motors,El Cajon,auto.dev,77.8,225,5,2026-09-24,3,0,False,https://www.cbmmotors.com/pre-owned-cars/detail/x/1574453,1.5L turbo oil dilution - warm climate helps; confirm it is not the turbo trim
40.9,2017,Honda,HR-V,EX-L 4dr SUV AWD w/Navigation (1.8L 4cyl CVT),15495,9653,0,True,https://www.carfax.com/VehicleHistory/p/Report.cfx?vin=3CZRU6H74HM730075&partner=FRD_2,5623,8492,495,1604,116525,124525,0.46499999999999997,15563,68,Gray,small_suv,dealer,Laguna Niguel Hyundai,Laguna Niguel,auto.dev,97.8,122,,2026-09-24,3,0,False,https://www.autolist.com/honda-hr+v#vin=3CZRU6H74HM730075,
40.9,2015,Honda,Civic,EX 4dr Sedan (1.8L 4cyl CVT),14599,8563,,False,https://www.carfax.com/VehicleHistory/p/Report.cfx?vin=2HGFB2F82FH514600&partner=FRD_2,4278,7240,679,1528,126483,134483,0.46499999999999997,12920,-1679,Silver,sedan,dealer,CarMax Irvine,Irvine,auto.dev,85.4,380,1,2026-09-24,3,0,False,https://www.autolist.com/honda-civic#vin=2HGFB2F82FH514600,
40.8,2017,Honda,Civic,EX 4dr Hatchback (1.5L 4cyl Turbo CVT),16159,9508,1,False,https://www.carfax.com/VehicleHistory/p/Report.cfx?vin=SHHFK7H59HU413849&partner=FRD_2,6224,8311,584,1659,91618,99618,0.6900000000000001,15935,-224,Black,hatchback,dealer,Hudson Trucks & Vans,El Cajon,auto.dev,65.9,593,6,2026-09-23,4,0,False,https://www.carfax.com/vehicle/SHHFK7H59HU413849,1.5L turbo oil dilution - warm climate helps; confirm it is not the turbo trim
40.8,2020,Honda,Civic,Sport 4dr Sedan (2.0L 4cyl CVT),19535,8727,0,False,https://www.carfax.com/VehicleHistory/p/Report.cfx?vin=2HGFC2F89LH536019&partner=FRD_2,5433,7840,384,1943,85070,93070,0.6900000000000001,18138,-1397,White,sedan,dealer,Vista Auto Sales,Vista,auto.dev,77.8,225,5,2026-09-24,3,0,False,https://www.carfax.com/vehicle/2HGFC2F89LH536019,1.5L turbo oil dilution - warm climate helps; confirm it is not the turbo trim
40.7,2022,Nissan,Sentra,SV 4dr Sedan (2.0L 4cyl CVT),17998,8071,0,False,https://www.carfax.com/VehicleHistory/p/Report.cfx?vin=3N1AB8CV7NY227660&partner=FRD_2,5074,7284,283,1814,49147,57147,0.75,16746,-1252,White,sedan,dealer,CarMax - Murrieta,Murrieta,auto.dev,42.4,81,2,2026-09-25,2,0,False,https://www.autolist.com/nissan-sentra#vin=3N1AB8CV7NY227660,Nissan CVT history - replacement can exceed the car's value (improved 2020 redesign)
40.7,2022,Toyota,Corolla Hatchback,SE Nightshade Edition 4dr Hatchback (2.0L 4cyl CVT),15785,9475,,False,https://www.carfax.com/VehicleHistory/p/Report.cfx?vin=JTND4MBE2N3148819&partner=FRD_2,5713,8287,453,1628,119124,127124,0.46499999999999997,17319,1534,Black,hatchback,dealer,SIRY MOTORS,San Diego,auto.dev,77.6,100,,2026-09-20,7,0,False,https://www.autolist.com/toyota-corolla+hatchback#vin=JTND4MBE2N3148819,
40.7,2018,Honda,Civic,EX-T 4dr Sedan w/Honda Sensing (1.5L 4cyl Turbo CVT),19276,8608,0,False,https://www.carfax.com/VehicleHistory/p/Report.cfx?vin=JHMFC1F44JX018204&partner=FRD_2,5372,7746,419,1921,52064,60064,0.75,18563,-713,Blue,sedan,dealer,Norm Reeves Genesis of Irvine,Irvine,auto.dev,59.6,598,6,2026-09-22,5,122,False,https://www.carfax.com/vehicle/JHMFC1F44JX018204,1.5L turbo oil dilution - warm climate helps; confirm it is not the turbo trim
40.7,2016,Honda,CR-V,EX-L 4dr SUV w/Navigation (2.4L 4cyl CVT),18998,8986,,False,https://www.carfax.com/VehicleHistory/p/Report.cfx?vin=2HKRM3H78GH560098&partner=FRD_2,5308,8114,427,1898,82945,90945,0.6900000000000001,17454,-1544,Brown,small_suv,dealer,CarMax Oceanside,Oceanside,auto.dev,95.3,393,3,2026-09-22,5,0,False,https://www.autolist.com/honda-cr+v#vin=2HKRM3H78GH560098,
40.6,2021,Nissan,Kicks,SV 4dr Hatchback (1.6L 4cyl CVT),13999,7942,0,True,https://www.carfax.com/VehicleHistory/p/Report.cfx?vin=3N1CP5CV1ML544063&partner=FRD_2,4668,6613,579,1478,97429,105429,0.6000000000000001,12917,-1082,Monarch Orange Metallic,hatchback,dealer,Enterprise Car Sales El Cajon,El Cajon,auto.dev,33.9,76,2,2026-09-20,7,0,False,https://www.autolist.com/nissan-kicks#vin=3N1CP5CV1ML544063,Nissan CVT history - replacement can exceed the car's value
40.6,2023,Hyundai,Elantra,Limited 4dr Sedan (2.0L 4cyl CVT),13055,9603,0,True,https://www.carfax.com/VehicleHistory/p/Report.cfx?vin=KMHLP4AG7PU561967&partner=FRD_2,5201,8162,497,1399,144796,152796,0.26249999999999996,13944,889,Gray,sedan,dealer,Total Cars,San Diego,auto.dev,88.5,98,2,2026-09-25,2,0,False,https://www.carfax.com/vehicle/KMHLP4AG7PU561967,
40.6,2016,Toyota,RAV4,LE 4dr SUV (2.5L 4cyl 6A),16638,9953,,False,https://www.carfax.com/VehicleHistory/p/Report.cfx?vin=JTMZFREV8GJ084717&partner=FRD_2,5776,8917,548,1700,119320,127320,0.589,16236,-402,Blue,small_suv,dealer,SD Mission Auto Sales,Vista,auto.dev,95.7,239,3,2026-09-19,8,0,False,https://www.autolist.com/toyota-rav4#vin=JTMZFREV8GJ084717,
40.6,2020,Honda,Accord,LX 4dr Sedan (1.5L 4cyl Turbo CVT),18596,10288,1,False,https://www.carfax.com/VehicleHistory/p/Report.cfx?vin=1HGCV1F16LA126593&partner=FRD_2,7043,9056,393,1864,83946,91946,0.6900000000000001,19126,530,Gray,sedan,dealer,CBM Motors,El Cajon,auto.dev,74.4,362,5,2026-09-23,4,0,False,https://www.cbmmotors.com/pre-owned-cars/detail/x/1580154,1.5L turbo oil dilution - warm climate helps; confirm it is not the turbo trim
40.5,2016,Mazda,Mazda3,i Touring 4dr Hatchback (2.0L 4cyl 6A),15562,9631,1,False,https://www.carfax.com/VehicleHistory/p/Report.cfx?vin=3MZBM1M73GM326938&partner=FRD_2,6513,8432,572,1609,75336,83336,0.7360000000000001,14767,-795,Snowflake White Pearl Mica,hatchback,dealer,AutoNation Subaru Carlsbad,Carlsbad,auto.dev,61.3,103,6,2026-09-25,2,0,False,https://bmwencinitas.com/used/Mazda/2016-Mazda-Mazda3-d4efdc06ac18317c333ce9bd2d0929c9.htm,
40.5,2019,Mazda,Mazda6,Signature 4dr Sedan (2.5L 4cyl Turbo 6A),14950,10463,1,False,https://www.carfax.com/VehicleHistory/p/Report.cfx?vin=JM1GL1XY1K1505839&partner=FRD_2,6780,8920,508,1558,118965,126965,0.46499999999999997,14619,-331,White,sedan,dealer,Cali Cruisers Auto Sales,San Diego,auto.dev,87.0,6,1,2026-09-20,7,0,False,https://www.carfax.com/vehicle/JM1GL1XY1K1505839,2.5L oil-consumption reports
40.5,2017,Mazda,CX-5,Grand Select 4dr SUV (2.5L 4cyl 6A),14993,8694,,False,https://www.carfax.com/VehicleHistory/p/Report.cfx?vin=JM3KFADL9H0152864&partner=FRD_2,4370,7416,573,1561,124031,132031,0.46499999999999997,14016,-977,White,small_suv,dealer,M&M Auto Warehouse,San Diego,auto.dev,89.9,148,1,2026-09-20,7,0,False,https://www.autolist.com/mazda-cx+5#vin=JM3KFADL9H0152864,
40.5,2016,Honda,CR-V,Touring 4dr SUV (2.4L 4cyl CVT),16995,10204,1,False,https://www.carfax.com/VehicleHistory/p/Report.cfx?vin=5J6RM3H93GL015367&partner=FRD_2,6506,9072,489,1730,101321,109321,0.6000000000000001,16371,-624,Bronze,small_suv,dealer,East County Pre-Owned,El Cajon,auto.dev,95.3,393,3,2026-09-20,7,0,False,https://www.eastcountypreowned.com/pre-owned-cars/detail/x/1512678,
40.4,2015,Mazda,Mazda3,i Grand Touring 4dr Sedan (2.0L 4cyl 6A),15888,9325,1,True,https://www.carfax.com/VehicleHistory/p/Report.cfx?vin=3MZBM1W7XFM218960&partner=FRD_2,6180,8222,587,1637,43113,51113,0.8,17190,1302,Brown,sedan,dealer,Genesis of Escondido,Escondido,auto.dev,51.3,129,4,2026-09-24,3,122,False,https://www.autolist.com/mazda-mazda3#vin=3MZBM1W7XFM218960,
40.4,2017,Toyota,Prius,One 4dr Hatchback (1.8L 4cyl gas/electric hybrid CVT),13999,9231,,False,https://www.carfax.com/VehicleHistory/p/Report.cfx?vin=JTDKBRFU2H3051950&partner=FRD_2,3745,7851,686,1478,169394,177394,0.35,12945,-1054,White,hatchback,dealer,Event Motoring,San Diego,auto.dev,95.8,91,3,2026-09-25,2,0,False,https://www.autolist.com/toyota-prius#vin=JTDKBRFU2H3051950,
40.4,2020,Honda,Civic,LX 4dr Sedan (2.0L 4cyl CVT),15627,9453,0,False,https://www.carfax.com/VehicleHistory/p/Report.cfx?vin=2HGFC2F63LH554644&partner=FRD_2,5664,8211,501,1615,113354,121354,0.46499999999999997,16704,1077,White,sedan,dealer,Lake Elsinore Honda,Lake Elsinore,auto.dev,77.8,225,5,2026-09-20,7,303,False,https://www.autolist.com/honda-civic#vin=2HGFC2F63LH554644,1.5L turbo oil dilution - warm climate helps; confirm it is not the turbo trim
40.4,2021,Honda,Civic,EX 4dr Sedan (1.5L 4cyl Turbo CVT),19576,9236,0,False,https://www.carfax.com/VehicleHistory/p/Report.cfx?vin=19XFC1F35ME209790&partner=FRD_2,6086,8401,301,1946,77133,85133,0.6900000000000001,19164,-412,Blue,sedan,dealer,DCH Kia of Temecula,Temecula,auto.dev,82.1,144,4,2026-09-20,7,0,False,https://dchkiaoftemecula.com/used/Honda/2021-Honda-Civic-serving-temecula-ca-b5f59e03ac185bc6fc1af9b5cdf44740.htm,1.5L turbo oil dilution - warm climate helps; confirm it is not the turbo trim
40.3,2022,Toyota,Corolla Hybrid,LE 4dr Sedan (1.8L 4cyl gas/electric hybrid CVT),19853,10157,,False,https://www.carfax.com/VehicleHistory/p/Report.cfx?vin=JTDEAMDE8NJ058004&partner=FRD_2,6487,9247,325,1970,97179,105179,0.6000000000000001,19853,0,Black,sedan,dealer,World Auto Sales,San Diego,auto.dev,87.5,1,,2026-09-20,7,0,False,https://www.autolist.com/toyota-corolla+hybrid#vin=JTDEAMDE8NJ058004,
40.3,2017,Honda,Civic,EX 4dr Sedan (2.0L 4cyl CVT),16985,9683,1,False,https://www.carfax.com/VehicleHistory/p/Report.cfx?vin=19XFC2F73HE227560&partner=FRD_2,6502,8700,474,1729,68153,76153,0.75,17124,139,Black,sedan,dealer,West Coast Auto Finance,San Marcos,auto.dev,65.9,593,6,2026-09-23,4,0,False,https://www.carfax.com/vehicle/19XFC2F73HE227560,1.5L turbo oil dilution - warm climate helps; confirm it is not the turbo trim
40.3,2016,Honda,CR-V,SE 4dr SUV AWD (2.4L 4cyl CVT),12384,8815,,False,https://www.carfax.com/VehicleHistory/p/Report.cfx?vin=5J6RM4H44GL067407&partner=FRD_2,3600,7144,723,1342,170256,178256,0.26249999999999996,12307,-77,,small_suv,dealer,SD Bay Rides,San Diego,auto.dev,95.3,393,3,2026-09-25,2,0,False,https://www.autolist.com/honda-cr+v#vin=5J6RM4H44GL067407,
40.2,2023,Mazda,CX-30,Premium 4dr SUV AWD (2.5L 4cyl 6A),18880,8929,,False,https://www.carfax.com/VehicleHistory/p/Report.cfx?vin=3MVDMBDM1PM526917&partner=FRD_2,5280,8068,364,1888,107234,115234,0.6000000000000001,18334,-546,White,small_suv,dealer,Karz Plus-Escondido,Escondido,auto.dev,87.3,24,1,2026-09-20,7,0,False,https://www.autolist.com/mazda-cx+30#vin=3MVDMBDM1PM526917,
40.2,2020,Volkswagen,Jetta,R-Line SULEV 4dr Sedan (1.4L 4cyl Turbo 8A),11055,8717,0,True,https://www.carfax.com/VehicleHistory/p/Report.cfx?vin=3VWC57BU0LM078655&partner=FRD_2,4504,6994,517,1231,142634,150634,0.26249999999999996,9685,-1370,Blue,sedan,dealer,Total Cars,San Diego,auto.dev,94.3,52,6,2026-09-25,2,0,False,https://www.autolist.com/volkswagen-jetta#vin=3VWC57BU0LM078655,
40.2,2022,Nissan,Sentra,SR 4dr Sedan (2.0L 4cyl CVT),17495,7955,,False,https://www.carfax.com/VehicleHistory/p/Report.cfx?vin=3N1AB8DV0NY278299&partner=FRD_2,4956,7103,324,1772,67353,75353,0.75,15690,-1805,Black,sedan,dealer,Mossy Nissan Kearny Mesa,San Diego,auto.dev,42.4,81,2,2026-09-24,3,0,False,https://www.autolist.com/nissan-sentra#vin=3N1AB8DV0NY278299,Nissan CVT history - replacement can exceed the car's value (improved 2020 redesign)
40.2,2020,Hyundai,Elantra,SEL 4dr Sedan (2.0L 4cyl CVT),16315,9030,1,False,https://www.carfax.com/VehicleHistory/p/Report.cfx?vin=5NPD84LF8LH547803&partner=FRD_2,6276,8033,323,1672,46930,54930,0.75,15766,-549,Black,sedan,dealer,National City Volkswagen,National City,auto.dev,63.0,250,3,2026-09-20,7,0,False,https://www.carfax.com/vehicle/5NPD84LF8LH547803,
40.2,2015,Toyota,Prius,Four 4dr Hatchback (1.8L 4cyl gas/electric hybrid CVT),10626,8152,0,False,https://www.carfax.com/VehicleHistory/p/Report.cfx?vin=JTDKN3DU8F0440386&partner=FRD_2,3012,6095,1184,1195,166637,174637,0.35,10158,-468,White,hatchback,dealer,Maverick Toyota,Lemon Grove,auto.dev,47.6,165,1,2026-09-25,2,0,False,https://www.mavericktoyota.com/used-Lemon+Grove-2015-Toyota-Prius-Two-JTDKN3DU8F0440386,Gen 3: EGR clogging -> head gasket failure; brake actuator (DTC C1391) ~$2-3k
40.2,2015,Honda,Accord,Touring 4dr Sedan (2.0L 4cyl gas/electric hybrid CVT),15585,9825,1,True,https://www.carfax.com/VehicleHistory/p/Report.cfx?vin=1HGCR6F73FA005806&partner=FRD_2,6031,8376,619,1611,109748,117748,0.6000000000000001,14711,-874,Gray,sedan,dealer,Auto Advantage,Escondido,auto.dev,84.9,601,5,2026-09-23,4,0,False,https://www.autolist.com/honda-accord+hybrid#vin=1HGCR6F73FA005806,
40.1,2023,Kia,Forte,LX 4dr Sedan (2.0L 4cyl CVT),16580,9063,1,True,https://www.carfax.com/VehicleHistory/p/Report.cfx?vin=3KPF24AD8PE595940&partner=FRD_2,6366,8152,248,1695,60111,68111,0.75,16845,265,Blue,sedan,dealer,Pedder Hyundai of Poway,Poway,auto.dev,59.0,62,3,2026-09-26,1,0,False,https://www.carfax.com/vehicle/3KPF24AD8PE595940,
40.1,2015,Toyota,Camry,XLE 4dr Sedan (2.5L 4cyl 6A),15998,9290,,False,https://www.carfax.com/VehicleHistory/p/Report.cfx?vin=4T4BF1FK8FR475100&partner=FRD_2,5388,7962,567,1646,97529,105529,0.6000000000000001,14941,-1057,White,sedan,dealer,CarMax Oceanside,Oceanside,auto.dev,85.7,271,1,2026-09-20,7,0,False,https://www.autolist.com/toyota-camry#vin=4T4BF1FK8FR475100,
40.1,2020,Honda,HR-V,EX 4dr SUV AWD (1.8L 4cyl CVT),18844,10088,1,True,https://www.carfax.com/VehicleHistory/p/Report.cfx?vin=3CZRU6H55LM707153&partner=FRD_2,7126,9167,292,1885,80952,88952,0.6900000000000001,17286,-1558,Gray,small_suv,dealer,AutoNation Subaru Carlsbad,Carlsbad,auto.dev,97.6,83,5,2026-09-23,4,0,False,https://bmwencinitas.com/used/Honda/2020-Honda-HR-V-c57c94abac1812d225eec517d644edd0.htm,
40.0,2023,Hyundai,Kona,SE 4dr SUV AWD (2.0L 4cyl CVT),16998,8350,,False,https://www.carfax.com/VehicleHistory/p/Report.cfx?vin=KM8K2CAB5PU937350&partner=FRD_2,5395,7395,312,1730,77373,85373,0.6900000000000001,15376,-1622,Gray,small_suv,dealer,CarMax Murrieta,Murrieta,auto.dev,66.3,65,1,2026-09-20,7,0,False,https://www.autolist.com/hyundai-kona#vin=KM8K2CAB5PU937350,
39.8,2023,Subaru,Crosstrek,4dr SUV AWD (2.0L 4cyl CVT),13865,10047,,False,https://www.carfax.com/VehicleHistory/p/Report.cfx?vin=JF2GTABC9PH285670&partner=FRD_2,5484,8635,493,1467,148064,156064,0.26249999999999996,15445,1580,Blue,small_suv,dealer,1 Car Auto Dealer,San Diego,auto.dev,91.3,34,,2026-09-25,2,0,False,https://www.autolist.com/subaru-xv+crosstrek#vin=JF2GTABC9PH285670,
39.8,2017,Honda,Civic,LX 4dr Sedan (2.0L 4cyl CVT),10995,9655,1,False,https://www.carfax.com/VehicleHistory/p/Report.cfx?vin=2HGFC2F56HH519062&partner=FRD_2,5411,7795,840,1226,146738,154738,0.26249999999999996,13141,2146,Silver,sedan,dealer,North County Auto,Oceanside,auto.dev,65.9,593,6,2026-09-25,2,0,False,https://www.northcountyautosales.com/cars-for-sale/Details/4b7d0971-1c8f-49ce-914e-e16e4b8d3739,1.5L turbo oil dilution - warm climate helps; confirm it is not the turbo trim
39.8,2017,Honda,Civic,LX 4dr Sedan (2.0L 4cyl CVT),16117,9454,1,False,https://www.carfax.com/VehicleHistory/p/Report.cfx?vin=19XFC2F51HE213834&partner=FRD_2,6210,8292,547,1656,83723,91723,0.6900000000000001,16335,218,White,sedan,dealer,Summit Subaru El Cajon,El Cajon,auto.dev,65.9,593,6,2026-09-23,4,0,False,https://summitsubaru.com/inventory/Used-2017-Honda-Civic-LX-19XFC2F51HE213834,1.5L turbo oil dilution - warm climate helps; confirm it is not the turbo trim
39.8,2018,Honda,Civic,Sport 4dr Hatchback (1.5L 4cyl Turbo CVT),19999,8835,0,False,https://www.carfax.com/VehicleHistory/p/Report.cfx?vin=SHHFK7H45JU424537&partner=FRD_2,5542,8008,419,1982,48043,56043,0.75,18767,-1232,Black,hatchback,dealer,East County Pre-Owned,El Cajon,auto.dev,59.6,598,6,2026-09-20,7,0,False,https://www.eastcountypreowned.com/pre-owned-cars/detail/x/1569760,1.5L turbo oil dilution - warm climate helps; confirm it is not the turbo trim
39.7,2018,Mazda,CX-5,Touring 4dr SUV AWD (2.5L 4cyl 6A),17998,8450,0,False,https://www.carfax.com/VehicleHistory/p/Report.cfx?vin=JM3KFBCM3J0346456&partner=FRD_2,5074,7284,515,1814,87077,95077,0.6900000000000001,16863,-1135,Machine Gray Metallic,small_suv,dealer,CarMax Murrieta,Murrieta,auto.dev,67.2,118,3,2026-09-26,1,0,False,https://www.autolist.com/mazda-cx+5#vin=JM3KFBCM3J0346456,
39.7,2022,Nissan,Sentra,SV 4dr Sedan (2.0L 4cyl CVT),15652,8732,1,True,https://www.carfax.com/VehicleHistory/p/Report.cfx?vin=3N1AB8CV1NY261819&partner=FRD_2,6054,7736,294,1617,62041,70041,0.75,15998,346,Gray,sedan,dealer,Lake Elsinore Honda,Lake Elsinore,auto.dev,42.4,81,2,2026-09-20,7,109,False,https://www.carfax.com/vehicle/3N1AB8CV1NY261819,Nissan CVT history - replacement can exceed the car's value (improved 2020 redesign)
39.7,2022,Toyota,Camry,LE 4dr Sedan (2.5L 4cyl gas/electric hybrid CVT),18055,11005,1,False,https://www.carfax.com/VehicleHistory/p/Report.cfx?vin=4T1C31AK0NU574099&partner=FRD_2,6862,9724,413,1819,139157,147157,0.46499999999999997,17188,-867,Silver,sedan,dealer,Total Cars,San Diego,auto.dev,100.0,60,1,2026-09-20,7,0,False,https://www.autolist.com/toyota-camry+hybrid#vin=4T1C31AK0NU574099,
39.7,2017,Toyota,Prius v,Two 4dr Wagon (1.8L 4cyl gas/electric hybrid CVT),12450,9711,1,True,https://www.carfax.com/VehicleHistory/p/Report.cfx?vin=JTDZN3EU6HJ067200&partner=FRD_2,4837,7974,736,1348,151829,159829,0.26249999999999996,13190,740,Gray,hatchback,dealer,Cali Cruisers Auto Sales,San Diego,auto.dev,82.0,101,1,2026-09-25,2,0,False,https://www.autolist.com/toyota-prius+v#vin=JTDZN3EU6HJ067200,Gen 3 engine family - ask for EGR circuit service records
39.7,2019,Honda,Civic,Sport 4dr Sedan (2.0L 4cyl CVT),15990,9488,1,True,https://www.carfax.com/VehicleHistory/p/Report.cfx?vin=2HGFC2F85KH588987&partner=FRD_2,6167,8231,543,1645,106700,114700,0.6000000000000001,16418,428,Gray,sedan,dealer,Only Cars,Chula Vista,auto.dev,71.5,348,4,2026-09-23,4,0,False,https://www.autolist.com/honda-civic#vin=2HGFC2F85KH588987,1.5L turbo oil dilution - warm climate helps; confirm it is not the turbo trim
39.7,2019,Honda,Civic,Sport 4dr Sedan (2.0L 4cyl CVT),19985,8782,,False,https://www.carfax.com/VehicleHistory/p/Report.cfx?vin=2HGFC2F88KH549195&partner=FRD_2,5539,8003,370,1981,67443,75443,0.75,18407,-1578,White,sedan,dealer,Value Cars Inc,National City,auto.dev,71.5,348,4,2026-09-20,7,0,False,https://www.autolist.com/honda-civic#vin=2HGFC2F88KH549195,1.5L turbo oil dilution - warm climate helps; confirm it is not the turbo trim
39.7,2017,Honda,Civic,LX 4dr Hatchback (1.5L 4cyl Turbo CVT),12298,8834,,False,https://www.carfax.com/VehicleHistory/p/Report.cfx?vin=SHHFK7H22HU228905&partner=FRD_2,3580,7098,865,1335,152099,160099,0.26249999999999996,12869,571,Silver,hatchback,dealer,CC Auto Group,San Diego,auto.dev,65.9,593,6,2026-09-25,2,0,False,https://www.autolist.com/honda-civic#vin=SHHFK7H22HU228905,1.5L turbo oil dilution - warm climate helps; confirm it is not the turbo trim
39.7,2016,Honda,Accord,EX 4dr Sedan (2.4L 4cyl CVT),16998,9658,,False,https://www.carfax.com/VehicleHistory/p/Report.cfx?vin=1HGCR2F75GA012878&partner=FRD_2,5673,8415,533,1730,98931,106931,0.6000000000000001,15889,-1109,White,sedan,dealer,CarMax Irvine,Irvine,auto.dev,86.7,604,4,2026-09-26,1,0,False,https://www.autolist.com/honda-accord#vin=1HGCR2F75GA012878,
39.6,2015,Toyota,Camry,LE 4dr Sedan (2.5L 4cyl gas/electric hybrid CVT),13905,9467,1,False,https://www.carfax.com/VehicleHistory/p/Report.cfx?vin=4T1BD1FK6FU171022&partner=FRD_2,5326,7838,680,1470,127313,135313,0.46499999999999997,13371,-534,Black,sedan,dealer,San Diego Car Sales LLC,Escondido,auto.dev,85.7,271,1,2026-09-20,7,0,False,https://www.carfax.com/vehicle/4T1BD1FK6FU171022,
39.6,2019,Honda,Civic,Sport 4dr Sedan (2.0L 4cyl CVT),19948,10521,1,False,https://www.carfax.com/VehicleHistory/p/Report.cfx?vin=2HGFC2F89KH605533&partner=FRD_2,7498,9662,337,1978,44613,52613,0.75,19565,-383,Black,sedan,dealer,Mercedes-Benz of Laguna Niguel,Laguna Niguel,auto.dev,71.5,348,4,2026-09-24,3,0,False,https://www.autolist.com/honda-civic#vin=2HGFC2F89KH605533,1.5L turbo oil dilution - warm climate helps; confirm it is not the turbo trim
39.5,2016,Mazda,Mazda6,i Grand Touring 4dr Sedan (2.5L 4cyl 6A),11995,7975,,False,https://www.carfax.com/VehicleHistory/p/Report.cfx?vin=JM1GJ1W54G1446418&partner=FRD_2,3509,5958,1053,1310,135959,143959,0.46499999999999997,11584,-411,Gray,sedan,dealer,CC Auto Group,San Diego,auto.dev,36.7,77,1,2026-09-20,7,589,False,https://www.autolist.com/mazda-mazda6#vin=JM1GJ1W54G1446418,
39.5,2016,Toyota,Corolla,Special Edition 4dr Sedan (1.8L 4cyl CVT),11115,9592,1,False,https://www.carfax.com/VehicleHistory/p/Report.cfx?vin=5YFBURHE7GP430058&partner=FRD_2,5464,7874,701,1236,148222,156222,0.26249999999999996,10998,-117,Black,sedan,dealer,Maverick Toyota,Lemon Grove,auto.dev,88.8,214,1,2026-09-25,2,0,False,https://www.mavericktoyota.com/used-Lemon+Grove-2016-Toyota-Corolla-S-5YFBURHE7GP430058,
39.5,2020,Toyota,C-HR,Limited 4dr SUV (2.0L 4cyl CVT),18075,9752,1,True,https://www.carfax.com/VehicleHistory/p/Report.cfx?vin=JTNKHMBX1L1073665&partner=FRD_2,6868,8822,330,1820,69612,77612,0.75,18200,125,White,small_suv,dealer,San Diego ECARS Inc,San Diego,auto.dev,74.7,62,1,2026-09-23,4,85,False,https://www.autolist.com/toyota-c+hr#vin=JTNKHMBX1L1073665,
39.5,2017,Toyota,RAV4,LE 4dr SUV (2.5L 4cyl 6A),15950,10062,1,True,https://www.carfax.com/VehicleHistory/p/Report.cfx?vin=JTMZFREVXHJ135670&partner=FRD_2,5967,8873,632,1642,122749,130749,0.589,16613,663,Magnetic Gray Metallic,small_suv,dealer,ZAS Motors,San Diego,auto.dev,80.3,307,3,2026-09-19,8,0,False,https://www.autolist.com/toyota-rav4#vin=JTMZFREVXHJ135670,Battery hold-down/terminal fire recall 23V-734 - verify it was performed
39.5,2017,Honda,Civic,EX 4dr Sedan (2.0L 4cyl CVT),17249,8911,0,False,https://www.carfax.com/VehicleHistory/p/Report.cfx?vin=2HGFC2F76HH541452&partner=FRD_2,5462,7899,520,1751,77920,85920,0.6900000000000001,16629,-620,Gray,sedan,dealer,Poway Honda,Poway,auto.dev,65.9,593,6,2026-09-26,1,0,False,https://bmwofmonrovia.net/used/Honda/2017-Honda-Civic-near-Los-Angeles-d58daf68ac180e99e8df5097b5d1a8fa.htm,1.5L turbo oil dilution - warm climate helps; confirm it is not the turbo trim
39.4,2018,Honda,Fit,EX-L 4dr Hatchback w/Navigation (1.5L 4cyl CVT),18998,8627,,False,https://www.carfax.com/VehicleHistory/p/Report.cfx?vin=3HGGK5H02JM705294&partner=FRD_2,5308,7646,561,1898,83371,91371,0.6900000000000001,17407,-1591,Silver,hatchback,dealer,CarMax Murrieta,Murrieta,auto.dev,53.6,117,4,2026-09-26,1,0,False,https://www.autolist.com/honda-fit#vin=3HGGK5H02JM705294,
39.3,2021,Nissan,Kicks,S 4dr Hatchback (1.6L 4cyl CVT),15157,8600,1,False,https://www.carfax.com/VehicleHistory/p/Report.cfx?vin=3N1CP5BV9ML496149&partner=FRD_2,5887,7514,363,1575,61622,69622,0.75,14585,-572,White,hatchback,dealer,Chula Vista Ford,Chula Vista,auto.dev,33.9,76,2,2026-09-24,3,0,False,https://www.carfax.com/vehicle/3N1CP5BV9ML496149,Nissan CVT history - replacement can exceed the car's value
39.3,2017,Toyota,Corolla,L 4dr Sedan (1.8L 4cyl CVT),15834,9628,1,False,https://www.carfax.com/VehicleHistory/p/Report.cfx?vin=5YFBURHE8HP722271&partner=FRD_2,6115,8499,511,1632,107268,115268,0.6000000000000001,14071,-1763,White,sedan,dealer,Toyota of Poway,Poway,auto.dev,90.0,189,3,2026-09-23,4,246,False,https://www.carfax.com/vehicle/5YFBURHE8HP722271,
39.2,2016,Honda,Accord,Sport 4dr Sedan (2.4L 4cyl CVT),12075,8891,0,False,https://www.carfax.com/VehicleHistory/p/Report.cfx?vin=1HGCR2F59GA144511&partner=FRD_2,3527,6980,831,1316,178077,186077,0.26249999999999996,11763,-312,White,sedan,dealer,DCH Honda of Temecula,Temecula,auto.dev,86.7,604,4,2026-09-25,2,0,False,https://www.carfax.com/vehicle/1HGCR2F59GA144511,
39.1,2018,Subaru,Impreza,2.0i Limited 4dr Hatchback AWD (2.0L 4cyl CVT),14799,8467,0,False,https://www.carfax.com/VehicleHistory/p/Report.cfx?vin=4S3GTAT61J3739034&partner=FRD_2,5046,7080,664,1545,96101,104101,0.6000000000000001,13520,-1279,Black,hatchback,dealer,Epiksun Motors,La Mesa,auto.dev,46.5,151,5,2026-09-20,7,0,False,https://www.autolist.com/subaru-impreza#vin=4S3GTAT61J3739034,
39.1,2016,Mazda,Mazda6,i Sport 4dr Sedan (2.5L 4cyl 6A),7985,8154,1,False,https://www.carfax.com/VehicleHistory/p/Report.cfx?vin=JM1GJ1U51G1462031&partner=FRD_2,4005,5738,1110,973,145687,153687,0.26249999999999996,11049,3064,Gray,sedan,dealer,Auto Sellers,San Diego,auto.dev,36.7,77,1,2026-09-25,2,0,False,https://www.carfax.com/vehicle/JM1GJ1U51G1462031,
39.1,2016,Toyota,Camry,XSE 4dr Sedan (2.5L 4cyl 6A),16118,11335,1,True,https://www.carfax.com/VehicleHistory/p/Report.cfx?vin=4T4BF1FK1GR578618&partner=FRD_2,7251,9882,532,1656,113993,121993,0.46499999999999997,14708,-1410,Gray,sedan,dealer,Rockstar Rides,Vista,auto.dev,95.3,188,2,2026-09-22,5,0,False,https://www.autolist.com/toyota-camry#vin=4T4BF1FK1GR578618,
39.1,2020,Honda,Civic,LX 4dr Sedan (2.0L 4cyl CVT),17995,9449,0,True,https://www.carfax.com/VehicleHistory/p/Report.cfx?vin=2HGFC2F64LH553373&partner=FRD_2,5957,8451,413,1814,92016,100016,0.6000000000000001,17786,-209,Aegean Blue Metallic,sedan,dealer,SD Mission Auto Sales,Vista,auto.dev,77.8,225,5,2026-09-20,7,0,False,https://www.autolist.com/honda-civic#vin=2HGFC2F64LH553373,1.5L turbo oil dilution - warm climate helps; confirm it is not the turbo trim
39.0,2019,Subaru,Crosstrek,2.0i Limited 4dr SUV AWD (2.0L 4cyl CVT),12950,7762,0,False,https://www.carfax.com/VehicleHistory/p/Report.cfx?vin=JF2GTANC9KH281171&partner=FRD_2,3733,6066,905,1390,127119,135119,0.46499999999999997,13915,965,Unspecified,small_suv,dealer,Galaxy Auto,El Cajon,auto.dev,27.0,284,7,2026-09-20,7,0,False,https://www.autolist.com/subaru-xv+crosstrek#vin=JF2GTANC9KH281171,
39.0,2016,Nissan,Sentra,S 4dr Sedan (1.8L 4cyl CVT),7991,6374,0,False,https://www.carfax.com/VehicleHistory/p/Report.cfx?vin=3N1AB7AP8GY274889&partner=FRD_2,2452,4080,1340,973,136929,144929,0.46499999999999997,6300,-1691,Brilliant Silver,sedan,dealer,Hello Mazda of Temecula,Temecula,auto.dev,0.0,270,6,2026-09-23,4,0,False,https://www.autolist.com/nissan-sentra#vin=3N1AB7AP8GY274889,Nissan CVT history - replacement can exceed the car's value
39.0,2017,Toyota,Prius v,Four 4dr Wagon (1.8L 4cyl gas/electric hybrid CVT),13495,11193,1,False,https://www.carfax.com/VehicleHistory/p/Report.cfx?vin=JTDZN3EU9HJ065764&partner=FRD_2,6504,9453,714,1436,146280,154280,0.26249999999999996,13495,0,Blue,hatchback,dealer,North County Auto,Oceanside,auto.dev,82.0,101,1,2026-09-25,2,0,False,https://www.northcountyautosales.com/cars-for-sale/Details/a0f2eda9-ae1e-48a6-a2bd-62018241bbb1,Gen 3 engine family - ask for EGR circuit service records
39.0,2015,Honda,CR-V,EX 4dr SUV (2.4L 4cyl CVT),17782,10651,1,True,https://www.carfax.com/VehicleHistory/p/Report.cfx?vin=3CZRM3H51FG703974&partner=FRD_2,7282,9495,506,1796,78221,86221,0.6900000000000001,17003,-779,Blue,small_suv,dealer,Hyundai Escondido,Escondido,auto.dev,83.4,670,3,2026-09-20,7,213,False,"https://hyundaiescondido.com/used/Honda/2015-Honda-CR-V-escondido,-ca-932a6c7eac180edf8db7c817d74853e2.htm",
39.0,2017,Honda,Accord,Sport 4dr Sedan (2.4L 4cyl CVT),16120,11368,1,True,https://www.carfax.com/VehicleHistory/p/Report.cfx?vin=1HGCR2F53HA049802&partner=FRD_2,7252,9883,564,1656,113132,121132,0.46499999999999997,15762,-358,White,sedan,dealer,Hyundai of El Cajon,El Cajon,auto.dev,85.0,535,3,2026-09-23,4,0,False,https://www.carfax.com/vehicle/1HGCR2F53HA049802,
39.0,2016,Honda,CR-V,EX-L 4dr SUV w/Navigation (2.4L 4cyl CVT),16082,10042,,False,https://www.carfax.com/VehicleHistory/p/Report.cfx?vin=5J6RM3H71GL003085&partner=FRD_2,5805,8788,535,1653,114884,122884,0.46499999999999997,15571,-511,White,small_suv,dealer,Carros N Trucks,Escondido,auto.dev,95.3,393,3,2026-09-22,5,0,False,https://www.autolist.com/honda-cr+v#vin=5J6RM3H71GL003085,
38.9,2015,Toyota,Camry,LE 4dr Sedan (2.5L 4cyl 6A),15985,9983,1,False,https://www.carfax.com/VehicleHistory/p/Report.cfx?vin=4T1BF1FK2FU064673&partner=FRD_2,6166,8573,599,1645,106091,114091,0.6000000000000001,14490,-1495,Silver,sedan,dealer,Sedano Ford,La Mesa,auto.dev,85.7,271,1,2026-09-20,7,0,False,https://www.carfax.com/vehicle/4T1BF1FK2FU064673,
38.9,2016,Toyota,Corolla,Special Edition 4dr Sedan (1.8L 4cyl CVT),19998,9101,,False,https://www.carfax.com/VehicleHistory/p/Report.cfx?vin=5YFBURHE8GP525129&partner=FRD_2,5542,8501,377,1982,50287,58287,0.75,17025,-2973,White,sedan,dealer,CarMax Murrieta,Murrieta,auto.dev,88.8,214,1,2026-09-20,7,0,False,https://www.autolist.com/toyota-corolla#vin=5YFBURHE8GP525129,
38.9,2017,Honda,Civic,LX 4dr Hatchback (1.5L 4cyl Turbo CVT),14488,10429,1,True,https://www.carfax.com/VehicleHistory/p/Report.cfx?vin=SHHFK7H28HU231811&partner=FRD_2,6594,8947,696,1519,115797,123797,0.46499999999999997,14709,221,Silver,hatchback,dealer,Kearny Mesa Subaru,San Diego,auto.dev,65.9,593,6,2026-09-20,7,37,False,https://www.autolist.com/honda-civic#vin=SHHFK7H28HU231811,1.5L turbo oil dilution - warm climate helps; confirm it is not the turbo trim
38.8,2023,Kia,Forte,GT-Line 4dr Sedan (2.0L 4cyl CVT),13076,9205,1,True,https://www.carfax.com/VehicleHistory/p/Report.cfx?vin=3KPF54AD2PE536356&partner=FRD_2,5896,7783,528,1400,116775,124775,0.46499999999999997,14570,1494,Blue,sedan,dealer,DCH Kia of Temecula,Temecula,auto.dev,59.0,62,3,2026-09-20,7,0,False,https://dchkiaoftemecula.com/used/Kia/2023-Kia-Forte-serving-temecula-ca-73245970ac180f7172833b1063450899.htm,
38.8,2019,Toyota,Corolla,L 4dr Sedan (1.8L 4cyl CVT),10450,9123,1,False,https://www.carfax.com/VehicleHistory/p/Report.cfx?vin=5YFBURHE6KP906910&partner=FRD_2,5173,7239,822,1180,145078,153078,0.26249999999999996,12849,2399,Gray,sedan,dealer,Cali Cruisers Auto Sales,San Diego,auto.dev,55.6,203,5,2026-09-25,2,0,False,https://www.carfax.com/vehicle/5YFBURHE6KP906910,
38.8,2019,Honda,Civic,EX 4dr Hatchback (1.5L 4cyl Turbo CVT),19004,10292,1,False,https://www.carfax.com/VehicleHistory/p/Report.cfx?vin=SHHFK7H69KU403922&partner=FRD_2,7180,9238,431,1898,81272,89272,0.6900000000000001,17707,-1297,White,hatchback,dealer,Premier Kia Carlsbad,Carlsbad,auto.dev,71.5,348,4,2026-09-24,3,0,False,https://www.carfax.com/vehicle/SHHFK7H69KU403922,1.5L turbo oil dilution - warm climate helps; confirm it is not the turbo trim
38.8,2018,Honda,Civic,Sport 4dr Hatchback (1.5L 4cyl Turbo 6M),15450,8666,,False,https://www.carfax.com/VehicleHistory/p/Report.cfx?vin=SHHFK7G40JU200805&partner=FRD_2,4478,7243,733,1600,123950,131950,0.46499999999999997,14920,-530,Gray,hatchback,dealer,XDrive,San Diego,auto.dev,59.6,598,6,2026-09-23,4,0,False,https://www.autolist.com/honda-civic#vin=SHHFK7G40JU200805,1.5L turbo oil dilution - warm climate helps; confirm it is not the turbo trim
38.7,2019,Subaru,Crosstrek,2.0i Premium 4dr SUV AWD (2.0L 4cyl CVT),17585,8140,0,False,https://www.carfax.com/VehicleHistory/p/Report.cfx?vin=JF2GTACCXK8399717&partner=FRD_2,4977,7135,481,1779,59749,67749,0.75,18621,1036,Gray,small_suv,dealer,Mossy Ford,San Diego,auto.dev,27.0,284,7,2026-09-20,7,2100,False,https://www.carfax.com/vehicle/JF2GTACCXK8399717,
38.7,2016,Toyota,RAV4,SE 4dr SUV (2.5L 4cyl 6A),17010,9104,0,False,https://www.carfax.com/VehicleHistory/p/Report.cfx?vin=2T3NFREV0GW262653&partner=FRD_2,4616,8147,584,1731,129993,137993,0.589,15719,-1291,Gray,small_suv,dealer,Tuttle Click Mazda,Irvine,auto.dev,95.7,239,3,2026-09-19,8,0,False,https://www.carfax.com/vehicle/2T3NFREV0GW262653,
38.7,2015,Toyota,Prius,Four 4dr Hatchback (1.8L 4cyl gas/electric hybrid CVT),17121,10084,1,True,https://www.carfax.com/VehicleHistory/p/Report.cfx?vin=JTDKN3DUXF0482879&partner=FRD_2,6799,8970,700,1740,77590,85590,0.92,16142,-979,White,hatchback,dealer,Toyota of El Cajon,El Cajon,auto.dev,47.6,165,1,2026-09-23,4,0,False,https://www.autolist.com/toyota-prius#vin=JTDKN3DUXF0482879,Gen 3: EGR clogging -> head gasket failure; brake actuator (DTC C1391) ~$2-3k
38.7,2020,Toyota,Yaris,XLE 4dr Hatchback (1.5L 4cyl 6A),15980,9033,1,False,https://www.carfax.com/VehicleHistory/p/Report.cfx?vin=3MYDLBJV4LY705569&partner=FRD_2,6164,7883,477,1644,82898,90898,0.644,16680,700,Gray,hatchback,dealer,Vista Auto Sales,Vista,auto.dev,51.2,9,1,2026-09-19,8,0,False,https://www.carfax.com/vehicle/3MYDLBJV4LY705569,Denso low-pressure fuel pump recall - verify it was performed
38.7,2017,Honda,Civic,EX-T 4dr Sedan (1.5L 4cyl Turbo CVT),16495,8673,0,False,https://www.carfax.com/VehicleHistory/p/Report.cfx?vin=2HGFC1F3XHH655395&partner=FRD_2,4722,7549,639,1688,103575,111575,0.6000000000000001,15328,-1167,Gray,sedan,dealer,Car Unlimited,Chula Vista,auto.dev,65.9,593,6,2026-09-23,4,0,False,https://www.carfax.com/vehicle/2HGFC1F3XHH655395,1.5L turbo oil dilution - warm climate helps; confirm it is not the turbo trim
38.7,2016,Honda,Civic,LX 4dr Sedan (2.0L 4cyl CVT),14508,8699,0,False,https://www.carfax.com/VehicleHistory/p/Report.cfx?vin=2HGFC2F5XGH513523&partner=FRD_2,4964,7287,776,1521,98946,106946,0.6000000000000001,14939,431,Crystal Black Pearl,sedan,dealer,Mission Viejo Kia,Mission Viejo,auto.dev,46.4,1080,5,2026-09-20,7,100,False,https://www.autolist.com/honda-civic#vin=2HGFC2F5XGH513523,1.5L turbo oil dilution - warm climate helps; confirm it is not the turbo trim
38.6,2022,Nissan,Sentra,SV 4dr Sedan (2.0L 4cyl CVT),17998,8086,,False,https://www.carfax.com/VehicleHistory/p/Report.cfx?vin=3N1AB8CV4NY269736&partner=FRD_2,5074,7284,298,1814,62742,70742,0.75,15957,-2041,Silver,sedan,dealer,CarMax Kearny Mesa,San Diego,auto.dev,42.4,81,2,2026-09-25,2,0,False,https://www.autolist.com/nissan-sentra#vin=3N1AB8CV4NY269736,Nissan CVT history - replacement can exceed the car's value (improved 2020 redesign)
38.6,2023,Hyundai,Kona,SEL 4dr SUV (2.0L 4cyl CVT),17167,9286,1,True,https://www.carfax.com/VehicleHistory/p/Report.cfx?vin=KM8K62AB9PU945885&partner=FRD_2,6563,8415,232,1744,54262,62262,0.75,17287,120,Black,small_suv,dealer,Perry Chrysler Jeep Dodge,National City,auto.dev,66.3,65,1,2026-09-20,7,0,False,https://www.carfax.com/vehicle/KM8K62AB9PU945885,
38.6,2023,Kia,Forte,LX 4dr Sedan (2.0L 4cyl CVT),18152,9701,1,False,https://www.carfax.com/VehicleHistory/p/Report.cfx?vin=3KPF24AD8PE580225&partner=FRD_2,6894,8857,247,1827,31262,39262,0.75,18004,-148,Orange,sedan,dealer,DCH Honda of Temecula,Temecula,auto.dev,59.0,62,3,2026-09-20,7,458,False,https://www.autolist.com/kia-forte#vin=3KPF24AD8PE580225,
38.6,2020,Kia,Soul,LX 4dr Wagon (2.0L 4cyl CVT),13495,7811,,False,https://www.carfax.com/VehicleHistory/p/Report.cfx?vin=KNDJ23AU0L7734683&partner=FRD_2,4524,6398,642,1436,92501,100501,0.6000000000000001,11957,-1538,Silver,hatchback,dealer,DriveTime of San Diego,El Cajon,auto.dev,24.6,381,1,2026-09-22,5,200,False,https://www.autolist.com/kia-soul#vin=KNDJ23AU0L7734683,
38.6,2019,Hyundai,Kona,SEL 4dr SUV (2.0L 4cyl 6A),14878,7436,,False,https://www.carfax.com/VehicleHistory/p/Report.cfx?vin=KM8K22AA7KU200998&partner=FRD_2,4344,6157,626,1552,67611,75611,0.75,15321,443,White,small_suv,dealer,DCH Honda Mission Valley,San Diego,auto.dev,0.0,191,1,2026-09-23,4,0,False,https://www.autolist.com/hyundai-kona#vin=KM8K22AA7KU200998,
38.5,2023,Hyundai,Kona,SEL 4dr SUV (electric DD),19294,10150,1,True,https://www.carfax.com/VehicleHistory/p/Report.cfx?vin=KM8K33AG2PU170646&partner=FRD_2,7278,9369,232,1923,24874,32874,0.75,19716,422,White,small_suv,dealer,Kearny Mesa CDJR,San Diego,auto.dev,66.3,65,1,2026-09-20,7,416,False,https://www.carfax.com/vehicle/KM8K33AG2PU170646,
38.5,2021,Toyota,Corolla,LE 4dr Sedan (1.8L 4cyl CVT),16994,9365,1,False,https://www.carfax.com/VehicleHistory/p/Report.cfx?vin=5YFEPMAE4MP194000&partner=FRD_2,6504,8337,382,1729,71881,79881,0.75,18458,1464,Black,sedan,dealer,Kearny Mesa Subaru,San Diego,auto.dev,48.1,185,1,2026-09-20,7,0,False,https://www.autolist.com/toyota-corolla#vin=5YFEPMAE4MP194000,
38.5,2016,Honda,CR-V,EX 4dr SUV (2.4L 4cyl CVT),19685,9772,0,True,https://www.carfax.com/VehicleHistory/p/Report.cfx?vin=2HKRM3H54GH547685&partner=FRD_2,6116,8910,413,1956,78873,86873,0.6900000000000001,17694,-1991,Blue,small_suv,dealer,Vista Auto Sales,Vista,auto.dev,95.3,393,3,2026-09-22,5,0,False,https://www.carfax.com/vehicle/2HKRM3H54GH547685,
38.5,2015,Honda,Civic,EX-L 4dr Sedan (1.8L 4cyl CVT),16815,8747,,False,https://www.carfax.com/VehicleHistory/p/Report.cfx?vin=19XFB2F99FE262430&partner=FRD_2,4796,7680,599,1714,105373,113373,0.6000000000000001,13990,-2825,Gray,sedan,dealer,World Auto Sales,San Diego,auto.dev,85.4,380,1,2026-09-20,7,0,False,https://www.autolist.com/honda-civic#vin=19XFB2F99FE262430,
38.4,2017,Honda,Accord,Sport 4dr Sedan (2.4L 4cyl CVT),13570,10540,0,False,https://www.carfax.com/VehicleHistory/p/Report.cfx?vin=1HGCR2F57HA058390&partner=FRD_2,5381,8752,697,1442,147732,155732,0.26249999999999996,13959,389,White,sedan,dealer,San Diego Auto Solutions,Oceanside,auto.dev,85.0,535,3,2026-09-25,2,0,False,https://www.carfax.com/vehicle/1HGCR2F57HA058390,
38.4,2018,Honda,Civic,EX-T 4dr Sedan (1.5L 4cyl Turbo CVT),19985,8831,0,True,https://www.carfax.com/VehicleHistory/p/Report.cfx?vin=2HGFC1F37JH640083&partner=FRD_2,5539,8003,419,1981,43101,51101,0.75,19018,-967,White Orchid Pearl,sedan,dealer,AutoNation Toyota Irvine,Irvine,auto.dev,59.6,598,6,2026-09-27,0,0,False,https://www.carfax.com/vehicle/2HGFC1F37JH640083,1.5L turbo oil dilution - warm climate helps; confirm it is not the turbo trim
38.4,2019,Honda,Civic,LX 4dr Sedan (2.0L 4cyl CVT),17080,9173,0,False,https://www.carfax.com/VehicleHistory/p/Report.cfx?vin=2HGFC2F66KH584560&partner=FRD_2,5696,8058,491,1737,95037,103037,0.6000000000000001,17009,-71,Unspecified,sedan,dealer,Toyota of Poway,Poway,auto.dev,71.5,348,4,2026-09-26,1,0,False,https://www.carfax.com/vehicle/2HGFC2F66KH584560,1.5L turbo oil dilution - warm climate helps; confirm it is not the turbo trim
38.3,2020,Kia,Soul,LX 4dr Wagon (2.0L 4cyl CVT),10975,7839,1,False,https://www.carfax.com/VehicleHistory/p/Report.cfx?vin=KNDJ23AU5L7014845&partner=FRD_2,4342,6070,838,1224,123123,131123,0.46499999999999997,10048,-927,Cherry Black,hatchback,dealer,AutoNation Volkswagen Carlsbad,Carlsbad,auto.dev,24.6,381,1,2026-09-20,7,100,False,https://bmwencinitas.com/used/Kia/2020-Kia-Soul-9720b8f6ac180452357e7dbbbc220507.htm,
38.3,2023,Hyundai,Kona,SEL 4dr SUV AWD (2.0L 4cyl CVT),19389,10188,1,True,https://www.carfax.com/VehicleHistory/p/Report.cfx?vin=KM8K6CAB4PU057163&partner=FRD_2,7310,9411,232,1931,24942,32942,0.75,19711,322,Gray,small_suv,dealer,Dalton Hyundai,National City,auto.dev,66.3,65,1,2026-09-27,0,0,False,https://www.subarudalton.com/used-National+City-2023-Hyundai-Kona-SEL-KM8K6CAB4PU057163,
38.3,2019,Toyota,Corolla Hatchback,SE 4dr Hatchback (2.0L 4cyl 6M),15768,8756,,False,https://www.carfax.com/VehicleHistory/p/Report.cfx?vin=JTNK4RBE5K3029825&partner=FRD_2,4552,7378,702,1627,124288,132288,0.46499999999999997,14934,-834,Blue,hatchback,dealer,LDA Motors,Perris,auto.dev,57.9,203,5,2026-09-20,7,0,False,https://www.autolist.com/toyota-corolla+hatchback#vin=JTNK4RBE5K3029825,
38.3,2016,Toyota,Corolla,S Premium 4dr Sedan (1.8L 4cyl CVT),17998,9112,,False,https://www.carfax.com/VehicleHistory/p/Report.cfx?vin=5YFBURHE3GP497210&partner=FRD_2,5663,8210,448,1814,79203,87203,0.6900000000000001,15245,-2753,White,sedan,dealer,CarMax Irvine,Irvine,auto.dev,88.8,214,1,2026-09-20,7,0,False,https://www.autolist.com/toyota-corolla#vin=5YFBURHE3GP497210,
38.3,2018,Honda,Fit,EX 4dr Hatchback (1.5L 4cyl CVT),18680,10031,1,True,https://www.carfax.com/VehicleHistory/p/Report.cfx?vin=3HGGK5H8XJM730384&partner=FRD_2,7071,9093,469,1871,65535,73535,0.75,18516,-164,White,hatchback,dealer,Vista Auto Sales,Vista,auto.dev,53.6,117,4,2026-09-24,3,0,False,https://www.carfax.com/vehicle/3HGGK5H8XJM730384,
38.3,2017,Honda,Civic,LX 4dr Hatchback (1.5L 4cyl Turbo CVT),14984,8800,,False,https://www.carfax.com/VehicleHistory/p/Report.cfx?vin=SHHFK7H27HU403939&partner=FRD_2,4369,7413,762,1561,130006,138006,0.46499999999999997,13989,-995,Black,hatchback,dealer,DCH Honda Mission Valley,San Diego,auto.dev,65.9,593,6,2026-09-20,7,0,False,https://www.autolist.com/honda-civic#vin=SHHFK7H27HU403939,1.5L turbo oil dilution - warm climate helps; confirm it is not the turbo trim
38.2,2022,Toyota,Corolla,LE 4dr Sedan (1.8L 4cyl CVT),19080,10208,1,False,https://www.carfax.com/VehicleHistory/p/Report.cfx?vin=5YFEPMAE2NP276339&partner=FRD_2,7206,9273,315,1905,83528,91528,0.6900000000000001,18293,-787,Black,sedan,dealer,Toyota of Poway,Poway,auto.dev,74.5,100,,2026-09-26,1,0,False,https://www.carfax.com/vehicle/5YFEPMAE2NP276339,
38.2,2018,Honda,Civic,EX-T 4dr Sedan (1.5L 4cyl Turbo 6M),17010,9986,1,True,https://www.carfax.com/VehicleHistory/p/Report.cfx?vin=2HGFC1E38JH641681&partner=FRD_2,7000,8761,500,1731,76610,84610,0.6900000000000001,17319,309,Black,sedan,dealer,Legacy Cars,El Cajon,auto.dev,59.6,598,6,2026-09-23,4,15,False,https://www.legacycarsinc.com/pre-owned-cars/detail/x/1583024,1.5L turbo oil dilution - warm climate helps; confirm it is not the turbo trim
38.2,2017,Honda,Civic,EX 4dr Sedan (2.0L 4cyl CVT),17825,10044,1,False,https://www.carfax.com/VehicleHistory/p/Report.cfx?vin=19XFC2F72HE018049&partner=FRD_2,6784,9095,483,1799,69927,77927,0.75,17034,-791,White Orchid Pearl,sedan,dealer,Hello Mazda of San Diego,San Diego,auto.dev,65.9,593,6,2026-09-20,7,171,False,https://www.autolist.com/honda-civic#vin=19XFC2F72HE018049,1.5L turbo oil dilution - warm climate helps; confirm it is not the turbo trim
38.1,2018,Mazda,CX-5,Grand Touring 4dr SUV AWD (2.5L 4cyl 6A),15377,9904,1,False,https://www.carfax.com/VehicleHistory/p/Report.cfx?vin=JM3KFBDMXJ0429168&partner=FRD_2,6622,8485,565,1594,97897,105897,0.6000000000000001,16220,843,White,small_suv,dealer,Mossy Volkswagen Escondido,Escondido,auto.dev,67.2,118,3,2026-09-20,7,511,False,https://www.carfax.com/vehicle/JM3KFBDMXJ0429168,
38.1,2018,Mazda,Mazda3,Grand Touring 4dr Sedan (2.5L 4cyl 6A),15985,8299,,False,https://www.carfax.com/VehicleHistory/p/Report.cfx?vin=3MZBN1W36JM267107&partner=FRD_2,5175,7043,610,1645,75182,83182,0.7360000000000001,15046,-939,White,sedan,dealer,SIRY MOTORS,San Diego,auto.dev,32.4,108,4,2026-09-19,8,0,False,https://www.autolist.com/mazda-mazda3#vin=3MZBN1W36JM267107,Rearview camera recall 23V-487; infotainment 'ghost touch'
38.1,2019,Volkswagen,Jetta,1.4T SE 4dr Sedan (1.4L 4cyl Turbo 8A),14911,7601,0,False,https://www.carfax.com/VehicleHistory/p/Report.cfx?vin=3VWC57BU9KM231550&partner=FRD_2,4352,6169,580,1555,61375,69375,0.75,14633,-278,Silver,sedan,dealer,Cumming Chevrolet,National City,auto.dev,0.0,548,11,2026-09-20,7,85,False,https://www.carfax.com/vehicle/3VWC57BU9KM231550,
38.1,2017,Toyota,RAV4,LE 4dr SUV (2.5L 4cyl 6A),16930,10127,0,False,https://www.carfax.com/VehicleHistory/p/Report.cfx?vin=JTMZFREV6HJ722304&partner=FRD_2,5863,9061,595,1724,113505,121505,0.589,17061,131,White,small_suv,dealer,Toyota Chula Vista,Chula Vista,auto.dev,80.3,307,3,2026-09-20,7,324,False,https://www.autolist.com/toyota-rav4#vin=JTMZFREV6HJ722304,Battery hold-down/terminal fire recall 23V-734 - verify it was performed
38.1,2015,Toyota,Camry,LE 4dr Sedan (2.5L 4cyl 6A),12471,10704,1,True,https://www.carfax.com/VehicleHistory/p/Report.cfx?vin=4T4BF1FKXFR489483&partner=FRD_2,6056,8774,754,1350,146520,154520,0.26249999999999996,12358,-113,Black,sedan,dealer,DCH Honda of Temecula,Temecula,auto.dev,85.7,271,1,2026-09-25,2,0,False,https://dchhondaoftemecula.com/used/Toyota/2015-Toyota-Camry-for-sale-temecula-california-1208833eac181fb201976db05765eac9.htm,
38.1,2017,Honda,Civic,Sport 4dr Hatchback (1.5L 4cyl Turbo CVT),16995,8851,0,False,https://www.carfax.com/VehicleHistory/p/Report.cfx?vin=SHHFK7H46HU409149&partner=FRD_2,4839,7755,638,1730,103254,111254,0.6000000000000001,15345,-1650,Silver,hatchback,dealer,Good Guys Auto Sales,San Diego,auto.dev,65.9,593,6,2026-09-23,4,0,False,https://www.autolist.com/honda-civic#vin=SHHFK7H46HU409149,1.5L turbo oil dilution - warm climate helps; confirm it is not the turbo trim
38.1,2019,Honda,Civic,Sport 4dr Sedan (2.0L 4cyl CVT),17995,9916,1,False,https://www.carfax.com/VehicleHistory/p/Report.cfx?vin=2HGFC2F81KH594513&partner=FRD_2,6842,8787,467,1814,89526,97526,0.6900000000000001,17288,-707,Gray,sedan,dealer,Good Guys Auto Sales,San Diego,auto.dev,71.5,348,4,2026-09-23,4,0,False,https://www.autolist.com/honda-civic#vin=2HGFC2F81KH594513,1.5L turbo oil dilution - warm climate helps; confirm it is not the turbo trim
38.1,2016,Honda,Civic,EX 4dr Sedan (2.0L 4cyl CVT),13750,8892,1,False,https://www.carfax.com/VehicleHistory/p/Report.cfx?vin=19XFC2F70GE241768&partner=FRD_2,5274,7360,825,1457,107882,115882,0.6000000000000001,14486,736,Gray,sedan,dealer,ZAS Motors,San Diego,auto.dev,46.4,1080,5,2026-09-20,7,0,False,https://www.autolist.com/honda-civic#vin=19XFC2F70GE241768,1.5L turbo oil dilution - warm climate helps; confirm it is not the turbo trim
38.1,2017,Honda,Civic,LX 4dr Sedan w/Honda Sensing (2.0L 4cyl CVT),14060,9190,,False,https://www.carfax.com/VehicleHistory/p/Report.cfx?vin=2HGFC2F60HH542779&partner=FRD_2,5177,7769,691,1483,114746,122746,0.46499999999999997,14762,702,Silver,sedan,dealer,World Auto Sales,San Diego,auto.dev,65.9,593,6,2026-09-20,7,0,False,https://www.autolist.com/honda-civic#vin=2HGFC2F60HH542779,1.5L turbo oil dilution - warm climate helps; confirm it is not the turbo trim
38.0,2017,Mazda,Mazda6,Sport 4dr Sedan (2.5L 4cyl 6A),16630,8920,0,False,https://www.carfax.com/VehicleHistory/p/Report.cfx?vin=JM1GL1U53H1127154&partner=FRD_2,5297,7642,554,1699,73653,81653,0.6900000000000001,15711,-919,Blue,sedan,dealer,San Diego Car Sales LLC,Escondido,auto.dev,54.2,60,1,2026-09-20,7,0,False,https://www.carfax.com/vehicle/JM1GL1U53H1127154,
38.0,2015,Mazda,CX-5,Grand Touring 4dr SUV AWD (2.5L 4cyl 6A),14995,9534,,False,https://www.carfax.com/VehicleHistory/p/Report.cfx?vin=JM3KE4DY1F0533024&partner=FRD_2,5468,8240,525,1562,112951,120951,0.46499999999999997,13370,-1625,Blue,small_suv,dealer,CC Auto Group,San Diego,auto.dev,100.0,133,4,2026-09-24,3,0,False,https://www.autolist.com/mazda-cx+5#vin=JM3KE4DY1F0533024,
38.0,2020,Honda,Accord,Sport 4dr Sedan (1.5L 4cyl Turbo CVT),18495,11376,1,False,https://www.carfax.com/VehicleHistory/p/Report.cfx?vin=1HGCV1F33LA036898&partner=FRD_2,7810,10067,453,1856,98095,106095,0.6000000000000001,18388,-107,Gray,sedan,dealer,Vanguard Auto Sales LLC,Lakeside,auto.dev,74.4,362,5,2026-09-25,2,0,False,https://www.vanguardautosales.net/pre-owned-cars/detail/x/1589372,1.5L turbo oil dilution - warm climate helps; confirm it is not the turbo trim
38.0,2017,Honda,Civic,LX 4dr Sedan (2.0L 4cyl CVT),19985,9156,,False,https://www.carfax.com/VehicleHistory/p/Report.cfx?vin=2HGFC2F53HH563522&partner=FRD_2,5539,8496,436,1981,28203,36203,0.75,19149,-836,White,sedan,dealer,Value Cars Inc,National City,auto.dev,65.9,593,6,2026-09-20,7,0,False,https://www.autolist.com/honda-civic#vin=2HGFC2F53HH563522,1.5L turbo oil dilution - warm climate helps; confirm it is not the turbo trim
37.9,2016,Mazda,CX-5,Touring 4dr SUV AWD (2.5L 4cyl 6A),11080,7710,0,False,https://www.carfax.com/VehicleHistory/p/Report.cfx?vin=JM3KE4CY3G0917325&partner=FRD_2,3295,5550,1271,1233,137622,145622,0.46499999999999997,12556,1476,Blue,small_suv,dealer,Toyota Chula Vista,Chula Vista,auto.dev,9.6,510,5,2026-09-20,7,755,False,https://www.autolist.com/mazda-cx+5#vin=JM3KE4CY3G0917325,
37.9,2019,Nissan,Sentra,SL 4dr Sedan (1.8L 4cyl CVT),14599,7316,,False,https://www.carfax.com/VehicleHistory/p/Report.cfx?vin=3N1AB7AP7KY329602&partner=FRD_2,4278,6055,594,1528,63308,71308,0.75,13249,-1350,Blue,sedan,dealer,CarMax Murrieta,Murrieta,auto.dev,0.0,222,2,2026-09-20,7,0,False,https://www.autolist.com/nissan-sentra#vin=3N1AB7AP7KY329602,Nissan CVT history - replacement can exceed the car's value
37.9,2015,Toyota,Corolla,L 4dr Sedan (1.8L 4cyl 6M),11600,9893,1,True,https://www.carfax.com/VehicleHistory/p/Report.cfx?vin=5YFBURHE5FP285875&partner=FRD_2,5675,8195,696,1276,142101,150101,0.26249999999999996,10822,-778,Blue,sedan,dealer,San Diego Auto Solutions,Oceanside,auto.dev,90.6,219,1,2026-09-25,2,0,False,https://www.carfax.com/vehicle/5YFBURHE5FP285875,
37.8,2023,Kia,Forte,LX 4dr Sedan (2.0L 4cyl CVT),17075,9288,1,True,https://www.carfax.com/VehicleHistory/p/Report.cfx?vin=3KPF24AD3PE509837&partner=FRD_2,6532,8374,272,1736,64992,72992,0.75,16649,-426,White,sedan,dealer,Kearny Mesa CDJR,San Diego,auto.dev,59.0,62,3,2026-09-20,7,0,False,https://www.carfax.com/vehicle/3KPF24AD3PE509837,
37.8,2017,Toyota,RAV4,XLE 4dr SUV (2.5L 4cyl 6A),18855,9834,0,True,https://www.carfax.com/VehicleHistory/p/Report.cfx?vin=JTMWFREV0HJ711804&partner=FRD_2,5966,9069,531,1886,97686,105686,0.76,17827,-1028,Gray,small_suv,dealer,Vista Auto Sales,Vista,auto.dev,80.3,307,3,2026-09-20,7,0,False,https://www.carfax.com/vehicle/JTMWFREV0HJ711804,Battery hold-down/terminal fire recall 23V-734 - verify it was performed
37.6,2016,Honda,CR-V,Touring 4dr SUV (2.4L 4cyl CVT),16680,10313,,False,https://www.carfax.com/VehicleHistory/p/Report.cfx?vin=5J6RM3H95GL027830&partner=FRD_2,5991,9089,531,1703,113753,121753,0.46499999999999997,15638,-1042,White,small_suv,dealer,Auto City,El Cajon,auto.dev,95.3,393,3,2026-09-20,7,0,False,https://www.autolist.com/honda-cr+v#vin=5J6RM3H95GL027830,
37.6,2018,Honda,Civic,LX 4dr Sedan (2.0L 4cyl CVT),17998,8894,,False,https://www.carfax.com/VehicleHistory/p/Report.cfx?vin=2HGFC2F5XJH527901&partner=FRD_2,5663,7786,507,1814,77943,85943,0.6900000000000001,17251,-747,Black,sedan,dealer,CarMax Murrieta,Murrieta,auto.dev,59.6,598,6,2026-09-26,1,0,False,https://www.autolist.com/honda-civic#vin=2HGFC2F5XJH527901,1.5L turbo oil dilution - warm climate helps; confirm it is not the turbo trim
37.5,2021,Toyota,Corolla Hatchback,SE Nightshade Edition 4dr Hatchback (2.0L 4cyl CVT),18705,9030,,False,https://www.carfax.com/VehicleHistory/p/Report.cfx?vin=JTND4MBE3M3114211&partner=FRD_2,5852,8061,398,1873,75887,83887,0.6900000000000001,18997,292,Silver,hatchback,dealer,Paradise Automotive Group,San Juan Capistrano,auto.dev,50.1,185,1,2026-09-20,7,0,False,https://www.autolist.com/toyota-corolla+hatchback#vin=JTND4MBE3M3114211,
37.5,2020,Honda,Accord,EX 4dr Sedan (1.5L 4cyl Turbo CVT),19980,10856,1,False,https://www.carfax.com/VehicleHistory/p/Report.cfx?vin=1HGCV1F48LA101706&partner=FRD_2,7508,9676,395,1980,84440,92440,0.6900000000000001,19100,-880,Gray,sedan,dealer,Legacy Cars,El Cajon,auto.dev,74.4,362,5,2026-09-24,3,0,False,https://www.legacycarsinc.com/pre-owned-cars/detail/x/1570198,1.5L turbo oil dilution - warm climate helps; confirm it is not the turbo trim
37.4,2021,Nissan,Sentra,SV 4dr Sedan (2.0L 4cyl CVT),17138,7893,,False,https://www.carfax.com/VehicleHistory/p/Report.cfx?vin=3N1AB8CVXMY269982&partner=FRD_2,4873,6974,374,1742,57974,65974,0.75,15342,-1796,Black,sedan,dealer,SD Mission Auto Sales,Vista,auto.dev,25.8,131,3,2026-09-22,5,0,False,https://www.autolist.com/nissan-sentra#vin=3N1AB8CVXMY269982,Nissan CVT history - replacement can exceed the car's value (improved 2020 redesign)
37.4,2021,Toyota,Camry,XSE 4dr Sedan (2.5L 4cyl 8A),19915,9500,,False,https://www.carfax.com/VehicleHistory/p/Report.cfx?vin=4T1K61AKXMU415785&partner=FRD_2,5522,8468,383,1975,100786,108786,0.6000000000000001,18577,-1338,White,sedan,dealer,Lexus Escondido,Escondido,auto.dev,84.7,157,1,2026-09-24,3,0,False,https://www.autolist.com/toyota-camry#vin=4T1K61AKXMU415785,
37.4,2015,Honda,CR-V,Touring 4dr SUV (2.4L 4cyl CVT),19888,9203,,False,https://www.carfax.com/VehicleHistory/p/Report.cfx?vin=5J6RM3H99FL017932&partner=FRD_2,5516,8458,435,1973,60082,68082,0.75,18073,-1815,Black,small_suv,dealer,Norm Reeves Honda Superstore Irvine,Irvine,auto.dev,83.4,670,3,2026-09-25,2,0,False,https://www.autolist.com/honda-cr+v#vin=5J6RM3H99FL017932,
37.4,2017,Honda,Civic,LX 4dr Sedan (2.0L 4cyl CVT),18998,8877,,False,https://www.carfax.com/VehicleHistory/p/Report.cfx?vin=2HGFC2F59HH563203&partner=FRD_2,5308,8114,482,1898,69888,77888,0.75,17036,-1962,Black,sedan,dealer,CarMax Oceanside,Oceanside,auto.dev,65.9,593,6,2026-09-23,4,0,False,https://www.autolist.com/honda-civic#vin=2HGFC2F59HH563203,1.5L turbo oil dilution - warm climate helps; confirm it is not the turbo trim
37.3,2019,Volkswagen,Jetta,1.4T S 4dr Sedan (1.4L 4cyl Turbo 6M),16080,7956,0,False,https://www.carfax.com/VehicleHistory/p/Report.cfx?vin=3VWN57BU7KM225142&partner=FRD_2,4625,6591,569,1653,30378,38378,0.75,16784,704,Gray,sedan,dealer,Land Rover San Diego,San Diego,auto.dev,0.0,548,11,2026-09-20,7,295,False,https://www.carfax.com/vehicle/3VWN57BU7KM225142,
37.2,2018,Subaru,Crosstrek,2.0i Limited 4dr SUV AWD (2.0L 4cyl CVT),13810,8718,0,True,https://www.carfax.com/VehicleHistory/p/Report.cfx?vin=JF2GTAJC0JH345439&partner=FRD_2,4954,7224,689,1462,116990,124990,0.46499999999999997,13875,65,White,small_suv,dealer,Norm Reeves Honda Superstore Irvine,Irvine,auto.dev,61.3,194,5,2026-09-20,7,0,False,https://www.autolist.com/subaru-xv+crosstrek#vin=JF2GTAJC0JH345439,
37.2,2017,Toyota,Corolla,LE 4dr Sedan (1.8L 4cyl CVT),19080,9459,0,True,https://www.carfax.com/VehicleHistory/p/Report.cfx?vin=5YFBURHE9HP671329&partner=FRD_2,5953,8659,401,1905,76718,84718,0.6900000000000001,15951,-3129,White,sedan,dealer,Toyota of Poway,Poway,auto.dev,90.0,189,3,2026-09-27,0,0,False,https://www.carfax.com/vehicle/5YFBURHE9HP671329,
37.2,2022,Honda,CR-V,EX 4dr SUV (1.5L 4cyl Turbo CVT),19698,10458,1,False,https://www.carfax.com/VehicleHistory/p/Report.cfx?vin=2HKRW1H50NH401764&partner=FRD_2,7414,9550,296,1957,65440,73440,0.75,22861,3163,Silver,small_suv,dealer,Driveline Used Cars of Murrieta,Murrieta,auto.dev,50.0,,,2026-09-20,7,135,False,https://www.drivelineca.com/pre-owned-cars/detail/x/1524592,
37.2,2019,Honda,HR-V,EX-L 4dr SUV (1.8L 4cyl CVT),19715,8795,0,False,https://www.carfax.com/VehicleHistory/p/Report.cfx?vin=3CZRU5H71KM714062&partner=FRD_2,5475,7905,395,1958,86831,94831,0.6900000000000001,16956,-2759,White,small_suv,dealer,El Cajon Ford,El Cajon,auto.dev,85.2,235,7,2026-09-24,3,0,False,https://www.carfax.com/vehicle/3CZRU5H71KM714062,
37.1,2015,Toyota,Prius,Four 4dr Hatchback (1.8L 4cyl gas/electric hybrid CVT),10300,9339,1,False,https://www.carfax.com/VehicleHistory/p/Report.cfx?vin=JTDKN3DU9F0481822&partner=FRD_2,4977,7248,1075,1167,146488,154488,0.35,11512,1212,Black,hatchback,dealer,Ridenow Auto Group,Chula Vista,auto.dev,47.6,165,1,2026-09-25,2,0,False,https://www.carfax.com/vehicle/JTDKN3DU9F0481822,Gen 3: EGR clogging -> head gasket failure; brake actuator (DTC C1391) ~$2-3k
37.1,2017,Honda,Civic,EX 4dr Sedan (2.0L 4cyl CVT),16910,8806,0,True,https://www.carfax.com/VehicleHistory/p/Report.cfx?vin=2HGFC2F7XHH527814&partner=FRD_2,4819,7719,624,1722,100403,108403,0.6000000000000001,15489,-1421,Silver,sedan,dealer,San Diego Car Sales LLC,Escondido,auto.dev,65.9,593,6,2026-09-27,0,0,False,https://www.carfax.com/vehicle/2HGFC2F7XHH527814,1.5L turbo oil dilution - warm climate helps; confirm it is not the turbo trim
37.1,2017,Honda,Civic,LX 4dr Sedan (2.0L 4cyl CVT),15998,9139,,False,https://www.carfax.com/VehicleHistory/p/Report.cfx?vin=2HGFC2F54HH569636&partner=FRD_2,5388,7962,616,1646,98503,106503,0.6000000000000001,15586,-412,White,sedan,dealer,CarMax Oceanside,Oceanside,auto.dev,65.9,593,6,2026-09-20,7,0,False,https://www.autolist.com/honda-civic#vin=2HGFC2F54HH569636,1.5L turbo oil dilution - warm climate helps; confirm it is not the turbo trim
37.0,2018,Mazda,CX-5,Grand Touring 4dr SUV (2.5L 4cyl 6A),18232,8995,0,False,https://www.carfax.com/VehicleHistory/p/Report.cfx?vin=JM3KFADM7J1348066&partner=FRD_2,5725,7876,448,1833,72346,80346,0.6900000000000001,17738,-494,Blue,small_suv,dealer,Norm Reeves Honda Superstore Irvine,Irvine,auto.dev,67.2,118,3,2026-09-23,4,0,False,https://www.autolist.com/mazda-cx+5#vin=JM3KFADM7J1348066,
37.0,2019,Toyota,Corolla,L 4dr Sedan (1.8L 4cyl CVT),19684,10463,1,False,https://www.carfax.com/VehicleHistory/p/Report.cfx?vin=5YFBURHE6KP899506&partner=FRD_2,7408,9543,388,1955,34911,42911,0.75,19628,-56,Black,sedan,dealer,Temecula Valley Toyota,Temecula,auto.dev,55.6,203,5,2026-09-23,4,231,False,https://www.carfax.com/vehicle/5YFBURHE6KP899506,
36.9,2016,Toyota,RAV4,XLE 4dr SUV (2.5L 4cyl 6A),18080,9471,,False,https://www.carfax.com/VehicleHistory/p/Report.cfx?vin=2T3WFREV4GW239574&partner=FRD_2,4852,8614,552,1821,120735,128735,0.589,16167,-1913,Gray,small_suv,dealer,Carros N Trucks,Escondido,auto.dev,95.7,239,3,2026-09-19,8,0,False,https://www.autolist.com/toyota-rav4#vin=2T3WFREV4GW239574,
36.9,2016,Honda,CR-V,Touring 4dr SUV (2.4L 4cyl CVT),18335,9270,0,True,https://www.carfax.com/VehicleHistory/p/Report.cfx?vin=5J6RM3H95GL016312&partner=FRD_2,5152,8307,496,1842,103310,111310,0.6000000000000001,16253,-2082,White,small_suv,dealer,Vista Auto Sales,Vista,auto.dev,95.3,393,3,2026-09-22,5,0,False,https://www.carfax.com/vehicle/5J6RM3H95GL016312,
36.7,2016,Subaru,Crosstrek,Hybrid Touring 4dr SUV AWD (2.0L 4cyl gas/electric hybrid CV,13998,8266,,False,https://www.carfax.com/VehicleHistory/p/Report.cfx?vin=JF2GPBLC7GH239134&partner=FRD_2,3978,6852,749,1478,122840,130840,0.46499999999999997,11970,-2028,White,small_suv,dealer,CarMax Murrieta,Murrieta,auto.dev,68.8,131,1,2026-09-26,1,0,False,https://www.autolist.com/subaru-xv+crosstrek#vin=JF2GPBLC7GH239134,FB-series oil consumption; check consumption history
36.7,2015,Toyota,Camry,LE 4dr Sedan (2.5L 4cyl 6A),19910,9347,0,False,https://www.carfax.com/VehicleHistory/p/Report.cfx?vin=4T1BF1FKXFU907650&partner=FRD_2,5521,8466,452,1974,67382,75382,0.75,16531,-3379,Silver,sedan,dealer,Toyota of Escondido,Escondido,auto.dev,85.7,271,1,2026-09-24,3,88,False,"https://hyundaiescondido.com/used/Toyota/2015-Toyota-Camry-escondido,-ca-cc85dcc6ac185fa6e5f523fc6c165229.htm",
36.7,2020,Toyota,Camry,SE Nightshade Edition 4dr Sedan (2.5L 4cyl 8A),16010,9917,,False,https://www.carfax.com/VehicleHistory/p/Report.cfx?vin=4T1G11AK6LU962040&partner=FRD_2,5783,8395,596,1647,117595,125595,0.46499999999999997,17056,1046,Gray,sedan,dealer,Norm Reeves Toyota San Diego,San Diego,auto.dev,63.3,274,3,2026-09-20,7,0,False,https://www.autolist.com/toyota-camry#vin=4T1G11AK6LU962040,
36.7,2017,Honda,Civic,EX 4dr Sedan (2.0L 4cyl CVT),18477,8841,,False,https://www.carfax.com/VehicleHistory/p/Report.cfx?vin=2HGFC2F72HH577963&partner=FRD_2,5186,7912,536,1854,81349,89349,0.6900000000000001,16455,-2022,White,sedan,dealer,Carco Sales & Finance,Poway,auto.dev,65.9,593,6,2026-09-20,7,0,False,https://www.autolist.com/honda-civic#vin=2HGFC2F72HH577963,1.5L turbo oil dilution - warm climate helps; confirm it is not the turbo trim
36.6,2021,Kia,Seltos,S 4dr SUV (2.0L 4cyl CVT),16117,7637,0,False,https://www.carfax.com/VehicleHistory/p/Report.cfx?vin=KNDEU2AA6M7126888&partner=FRD_2,4634,6604,439,1656,56490,64490,0.75,17286,1169,White,small_suv,dealer,Summit Subaru El Cajon,El Cajon,auto.dev,0.0,369,2,2026-09-24,3,0,False,https://summitsubaru.com/inventory/Used-2021-Kia-Seltos-S-KNDEU2AA6M7126888,
36.6,2020,Toyota,Camry,SE Nightshade Edition 4dr Sedan (2.5L 4cyl 8A),18060,9741,0,False,https://www.carfax.com/VehicleHistory/p/Report.cfx?vin=4T1G11AK2LU309477&partner=FRD_2,5975,8478,481,1819,93464,101464,0.6000000000000001,18328,268,Blue,sedan,dealer,AutoZuu Inc,Spring Valley,auto.dev,63.3,274,3,2026-09-22,5,0,False,https://www.autolist.com/toyota-camry#vin=4T1G11AK2LU309477,
36.6,2021,Honda,Civic,EX-L 4dr Sedan (1.5L 4cyl Turbo CVT),19910,10139,0,True,https://www.carfax.com/VehicleHistory/p/Report.cfx?vin=19XFC1F78ME204795&partner=FRD_2,6502,9271,366,1974,93493,101493,0.6000000000000001,18335,-1575,Cosmic Blue Metallic,sedan,dealer,Mossy Nissan Kearny Mesa,San Diego,auto.dev,82.1,144,4,2026-09-22,5,0,False,https://www.autolist.com/honda-civic#vin=19XFC1F78ME204795,1.5L turbo oil dilution - warm climate helps; confirm it is not the turbo trim
36.6,2019,Honda,Fit,LX 4dr Hatchback (1.5L 4cyl CVT),17998,8835,,False,https://www.carfax.com/VehicleHistory/p/Report.cfx?vin=3HGGK5H47KM704209&partner=FRD_2,5663,7786,554,1814,76308,84308,0.6900000000000001,18693,695,Gray,hatchback,dealer,CarMax Kearny Mesa,San Diego,auto.dev,34.7,136,6,2026-09-26,1,0,False,https://www.autolist.com/honda-fit#vin=3HGGK5H47KM704209,
36.5,2018,Subaru,Crosstrek,2.0i Limited 4dr SUV AWD (2.0L 4cyl CVT),15995,8835,,False,https://www.carfax.com/VehicleHistory/p/Report.cfx?vin=JF2GTAJC0JH342282&partner=FRD_2,5387,7593,571,1646,92751,100751,0.6000000000000001,15568,-427,Blue,small_suv,dealer,Convoy Motors,National City,auto.dev,61.3,194,5,2026-09-20,7,0,False,https://www.autolist.com/subaru-xv+crosstrek#vin=JF2GTAJC0JH342282,
36.5,2019,Nissan,Sentra,S 4dr Sedan (1.8L 4cyl CVT),15998,7730,0,False,https://www.carfax.com/VehicleHistory/p/Report.cfx?vin=3N1AB7AP8KY236605&partner=FRD_2,4606,6561,569,1646,27822,35822,0.75,15308,-690,Gun Metallic,sedan,dealer,CarMax El Cajon,El Cajon,auto.dev,0.0,222,2,2026-09-23,4,1000,False,https://www.autolist.com/nissan-sentra#vin=3N1AB7AP8KY236605,Nissan CVT history - replacement can exceed the car's value
36.5,2021,Hyundai,Kona,SE 4dr SUV AWD (2.0L 4cyl 6A),14118,8376,1,False,https://www.carfax.com/VehicleHistory/p/Report.cfx?vin=KM8K1CAA4MU600853&partner=FRD_2,5539,7049,515,1488,81844,89844,0.6900000000000001,14575,457,Black,small_suv,dealer,Rockstar Rides,Vista,auto.dev,25.3,116,1,2026-09-20,7,0,False,https://www.autolist.com/hyundai-kona#vin=KM8K1CAA4MU600853,
36.5,2018,Toyota,RAV4,Adventure 4dr SUV (2.5L 4cyl 6A),18080,11695,1,False,https://www.carfax.com/VehicleHistory/p/Report.cfx?vin=JTMWFREV9JJ725691&partner=FRD_2,7850,10501,562,1821,118464,126464,0.589,17363,-717,Blue,small_suv,dealer,Toyota of Poway,Poway,auto.dev,83.2,331,3,2026-09-23,4,0,False,https://www.carfax.com/vehicle/JTMWFREV9JJ725691,
36.4,2016,Nissan,Sentra,S 4dr Sedan (1.8L 4cyl CVT),13599,7237,0,False,https://www.carfax.com/VehicleHistory/p/Report.cfx?vin=3N1AB7AP2GY246988&partner=FRD_2,3884,5892,765,1444,52633,60633,0.75,11192,-2407,Deep Blue Pearl,sedan,dealer,CarMax Kearny Mesa,San Diego,auto.dev,0.0,270,6,2026-09-24,3,0,False,https://www.autolist.com/nissan-sentra#vin=3N1AB7AP2GY246988,Nissan CVT history - replacement can exceed the car's value
36.4,2019,Toyota,Yaris,XLE 4dr Sedan (1.5L 4cyl 6A),15998,7729,,False,https://www.carfax.com/VehicleHistory/p/Report.cfx?vin=3MYDLBYV9KY511558&partner=FRD_2,4606,6561,625,1646,67423,75423,0.7,16831,833,Gray,sedan,dealer,CarMax Murrieta,Murrieta,auto.dev,0.0,26,3,2026-09-19,8,0,False,https://www.autolist.com/toyota-yaris#vin=3MYDLBYV9KY511558,Denso low-pressure fuel pump recall - verify it was performed
36.4,2017,Honda,Civic,EX 4dr Sedan (2.0L 4cyl CVT),16086,9860,1,True,https://www.carfax.com/VehicleHistory/p/Report.cfx?vin=2HGFC2F70HH575452&partner=FRD_2,6199,8623,631,1653,101821,109821,0.6000000000000001,15417,-669,Silver,sedan,dealer,AutoNation Toyota Irvine,Irvine,auto.dev,65.9,593,6,2026-09-20,7,0,False,https://www.carfax.com/vehicle/2HGFC2F70HH575452,1.5L turbo oil dilution - warm climate helps; confirm it is not the turbo trim
36.4,2019,Honda,Fit,LX 4dr Hatchback (1.5L 4cyl CVT),17998,8841,,False,https://www.carfax.com/VehicleHistory/p/Report.cfx?vin=3HGGK5H45KM733238&partner=FRD_2,5663,7786,560,1814,77261,85261,0.6900000000000001,18634,636,Gray,hatchback,dealer,CarMax Murrieta,Murrieta,auto.dev,34.7,136,6,2026-09-20,7,0,False,https://www.autolist.com/honda-fit#vin=3HGGK5H45KM733238,
36.3,2019,Honda,Accord,Sport 4dr Sedan (1.5L 4cyl Turbo CVT),19985,9025,,False,https://www.carfax.com/VehicleHistory/p/Report.cfx?vin=1HGCV1F30KA004280&partner=FRD_2,5539,8003,413,1981,64931,72931,0.75,19503,-482,Gray,sedan,dealer,SIRY MOTORS,San Diego,auto.dev,55.8,689,6,2026-09-20,7,0,False,https://www.autolist.com/honda-accord#vin=1HGCV1F30KA004280,1.5L turbo oil dilution - warm climate helps; confirm it is not the turbo trim
36.2,2017,Subaru,Crosstrek,2.0i Premium PZEV 4dr SUV AWD (2.0L 4cyl CVT),14599,8550,,False,https://www.carfax.com/VehicleHistory/p/Report.cfx?vin=JF2GPABC0HH241417&partner=FRD_2,4278,7240,666,1528,124696,132696,0.46499999999999997,12588,-2011,Gray,small_suv,dealer,CarMax El Cajon,El Cajon,auto.dev,76.5,97,1,2026-09-20,7,0,False,https://www.autolist.com/subaru-xv+crosstrek#vin=JF2GPABC0HH241417,FB-series oil consumption; check consumption history
36.1,2020,Nissan,Kicks,SR 4dr Hatchback (1.6L 4cyl CVT),15998,7698,,False,https://www.carfax.com/VehicleHistory/p/Report.cfx?vin=3N1CP5DVXLL577284&partner=FRD_2,4606,6561,537,1646,69439,77439,0.75,13517,-2481,Gray,hatchback,dealer,CarMax Irvine,Irvine,auto.dev,11.5,96,,2026-09-24,3,0,False,https://www.autolist.com/nissan-kicks#vin=3N1CP5DVXLL577284,Nissan CVT history - replacement can exceed the car's value
36.1,2021,Toyota,Corolla,LE 4dr Sedan (1.8L 4cyl CVT),15168,9173,1,True,https://www.carfax.com/VehicleHistory/p/Report.cfx?vin=JTDEPMAE2MJ166765&partner=FRD_2,5891,7845,581,1576,108549,116549,0.6000000000000001,16201,1033,Unspecified,sedan,dealer,Grand Prix Motors Inc,Lake Forest,auto.dev,48.1,185,1,2026-09-23,4,1000,False,https://www.carfax.com/vehicle/JTDEPMAE2MJ166765,
36.1,2017,Honda,Accord,Touring 4dr Sedan (2.0L 4cyl gas/electric hybrid CVT),16713,9529,0,False,https://www.carfax.com/VehicleHistory/p/Report.cfx?vin=JHMCR6F7XHC002485&partner=FRD_2,4773,8184,605,1706,123702,131702,0.46499999999999997,15211,-1502,White,sedan,dealer,Toyota Carlsbad,Carlsbad,auto.dev,85.0,535,3,2026-09-25,2,0,False,https://toyotacarlsbad.com/used/Honda/2017-Honda-Accord-Hybrid-ceb67441ac1844aa32c76a8a1a8c614f.htm,
36.1,2020,Honda,Accord,EX-L 4dr Sedan (2.0L 4cyl gas/electric hybrid CVT),17010,9307,0,True,https://www.carfax.com/VehicleHistory/p/Report.cfx?vin=1HGCV3F59LA014336&partner=FRD_2,4843,7900,585,1731,128786,136786,0.46499999999999997,16788,-222,White,sedan,dealer,Temecula Valley Lexus,Temecula,auto.dev,74.4,362,5,2026-09-23,4,0,False,https://www.autolist.com/honda-accord+hybrid#vin=1HGCV3F59LA014336,1.5L turbo oil dilution - warm climate helps; confirm it is not the turbo trim
36.1,2021,Honda,Civic,Sport 4dr Hatchback (1.5L 4cyl Turbo CVT),18995,10895,0,False,https://www.carfax.com/VehicleHistory/p/Report.cfx?vin=SHHFK7H46MU415382&partner=FRD_2,6710,9830,457,1898,116527,124527,0.46499999999999997,17167,-1828,Gray,hatchback,dealer,Good Guys Auto Sales,San Diego,auto.dev,82.1,144,4,2026-09-24,3,0,False,https://www.autolist.com/honda-civic#vin=SHHFK7H46MU415382,1.5L turbo oil dilution - warm climate helps; confirm it is not the turbo trim
36.0,2017,Honda,Civic,Sport 4dr Hatchback (1.5L 4cyl Turbo CVT),17496,11093,1,False,https://www.carfax.com/VehicleHistory/p/Report.cfx?vin=SHHFK7H49HU425121&partner=FRD_2,7429,9916,590,1772,93052,101052,0.6000000000000001,15862,-1634,Gray,hatchback,dealer,CBM Motors,El Cajon,auto.dev,65.9,593,6,2026-09-20,7,299,False,https://www.cbmmotors.com/pre-owned-cars/detail/x/1579199,1.5L turbo oil dilution - warm climate helps; confirm it is not the turbo trim
35.9,2018,Mazda,CX-5,Grand Touring 4dr SUV AWD (2.5L 4cyl 6A),17121,8658,0,False,https://www.carfax.com/VehicleHistory/p/Report.cfx?vin=JM3KFBDM7J0340397&partner=FRD_2,4868,7387,614,1740,108537,116537,0.6000000000000001,15588,-1533,White,small_suv,dealer,Toyota of El Cajon,El Cajon,auto.dev,67.2,118,3,2026-09-23,4,0,False,https://www.autolist.com/mazda-cx+5#vin=JM3KFBDM7J0340397,
35.9,2022,Nissan,Sentra,SR 4dr Sedan (2.0L 4cyl CVT),17113,8432,0,True,https://www.carfax.com/VehicleHistory/p/Report.cfx?vin=3N1AB8DV3NY298658&partner=FRD_2,5425,7439,355,1739,72719,80719,0.6900000000000001,15378,-1735,Black,sedan,dealer,Dalton Toyota National City,National City,auto.dev,42.4,81,2,2026-09-20,7,0,False,https://www.subarudalton.com/used-National+City-2022-Nissan-Sentra-SR-3N1AB8DV3NY298658,Nissan CVT history - replacement can exceed the car's value (improved 2020 redesign)
35.8,2023,Kia,Forte,GT-Line 4dr Sedan (2.0L 4cyl CVT),19300,10167,1,True,https://www.carfax.com/VehicleHistory/p/Report.cfx?vin=3KPF54AD5PE654546&partner=FRD_2,7279,9371,247,1923,32577,40577,0.75,17951,-1349,Blue,sedan,dealer,Kia of Irvine,Irvine,auto.dev,59.0,62,3,2026-09-20,7,600,False,https://www.kiaofirvine.com/viewdetails/cpo/3kpf54ad5pe654546/2023-kia-forte-4dr-car?type=cash,
35.6,2019,Toyota,Corolla,L 4dr Sedan (1.8L 4cyl CVT),14218,10035,1,False,https://www.carfax.com/VehicleHistory/p/Report.cfx?vin=5YFBURHE0KP905736&partner=FRD_2,6485,8515,659,1496,113110,121110,0.46499999999999997,14816,598,Gray,sedan,dealer,Maverick Toyota,Lemon Grove,auto.dev,55.6,203,5,2026-09-23,4,0,False,https://www.mavericktoyota.com/used-Lemon+Grove-2019-Toyota-Corolla-LE-5YFBURHE0KP905736,
35.6,2020,Honda,CR-V,EX 4dr SUV (1.5L 4cyl Turbo CVT),19985,10311,,False,https://www.carfax.com/VehicleHistory/p/Report.cfx?vin=2HKRW1H56LH416296&partner=FRD_2,6524,9304,428,1981,96350,104350,0.6000000000000001,19581,-404,White,small_suv,dealer,SIRY MOTORS,San Diego,auto.dev,78.3,353,7,2026-09-20,7,0,False,https://www.autolist.com/honda-cr+v#vin=2HKRW1H56LH416296,1.5L turbo oil dilution - warm climate helps; confirm it is not the turbo trim
35.5,2019,Subaru,Impreza,2.0i 4dr Hatchback AWD (2.0L 4cyl 5M),15998,7955,,False,https://www.carfax.com/VehicleHistory/p/Report.cfx?vin=4S3GTAA66K1755892&partner=FRD_2,4606,6561,735,1646,89702,97702,0.6900000000000001,14274,-1724,Gray,hatchback,dealer,CarMax Kearny Mesa,San Diego,auto.dev,12.5,194,5,2026-09-26,1,0,False,https://www.autolist.com/subaru-impreza#vin=4S3GTAA66K1755892,
35.5,2020,Nissan,Kicks,S 4dr Hatchback (1.6L 4cyl CVT),14998,7924,0,False,https://www.carfax.com/VehicleHistory/p/Report.cfx?vin=3N1CP5BV6LL478044&partner=FRD_2,4859,6614,582,1562,75922,83922,0.6900000000000001,13215,-1783,Black,hatchback,dealer,Toyota of Escondido,Escondido,auto.dev,11.5,96,,2026-09-20,7,0,False,"https://hyundaiescondido.com/used/Nissan/2020-Nissan-Kicks-escondido,-ca-ad4edb99ac1812be80b66b4f3e77135e.htm",Nissan CVT history - replacement can exceed the car's value
35.5,2020,Honda,Civic,EX 4dr Hatchback (1.5L 4cyl Turbo CVT),19620,10980,1,False,https://www.carfax.com/VehicleHistory/p/Report.cfx?vin=SHHFK7H65LU401795&partner=FRD_2,7387,9940,473,1950,106612,114612,0.6000000000000001,17046,-2574,Gray,hatchback,dealer,Team Mazda of El Cajon,El Cajon,auto.dev,77.8,225,5,2026-09-24,3,0,False,https://www.autolist.com/honda-civic#vin=SHHFK7H65LU401795,1.5L turbo oil dilution - warm climate helps; confirm it is not the turbo trim
35.4,2023,Kia,Forte,GT-Line 4dr Sedan (2.0L 4cyl CVT),19580,8587,,False,https://www.carfax.com/VehicleHistory/p/Report.cfx?vin=3KPF54AD7PE537003&partner=FRD_2,5444,7856,302,1947,71074,79074,0.75,16405,-3175,White,sedan,dealer,Karz Plus-Escondido,Escondido,auto.dev,59.0,62,3,2026-09-20,7,0,False,https://www.autolist.com/kia-forte#vin=3KPF54AD7PE537003,
35.2,2018,Subaru,Crosstrek,2.0i Premium 4dr SUV AWD (2.0L 4cyl CVT),14122,8957,0,False,https://www.carfax.com/VehicleHistory/p/Report.cfx?vin=JF2GTADC8JH266435&partner=FRD_2,5196,7487,670,1488,113078,121078,0.46499999999999997,14148,26,Gray,small_suv,dealer,Dalton Subaru National City,National City,auto.dev,61.3,194,5,2026-09-23,4,0,False,https://www.subarudalton.com/used-National+City-2018-Subaru-Crosstrek-20i+Premium-JF2GTADC8JH266435,
35.2,2020,Toyota,C-HR,XLE 4dr SUV (2.0L 4cyl CVT),14888,9146,0,True,https://www.carfax.com/VehicleHistory/p/Report.cfx?vin=JTNKHMBX4L1083025&partner=FRD_2,5435,7856,520,1553,114110,122110,0.46499999999999997,14001,-887,Black,small_suv,dealer,Siry Auto,San Diego,auto.dev,74.7,62,1,2026-09-20,7,172,False,https://www.autolist.com/toyota-c+hr#vin=JTNKHMBX4L1083025,
35.2,2019,Honda,Civic,Sport 4dr Sedan (2.0L 4cyl CVT),19998,8947,,False,https://www.carfax.com/VehicleHistory/p/Report.cfx?vin=2HGFC2F89KH528145&partner=FRD_2,5542,8007,457,1982,87295,95295,0.6900000000000001,17401,-2597,Gray,sedan,dealer,CarMax Murrieta,Murrieta,auto.dev,71.5,348,4,2026-09-20,7,0,False,https://www.autolist.com/honda-civic#vin=2HGFC2F89KH528145,1.5L turbo oil dilution - warm climate helps; confirm it is not the turbo trim
35.0,2021,Toyota,Corolla,SE Nightshade Edition 4dr Hatchback (2.0L 4cyl CVT),18600,10124,1,True,https://www.carfax.com/VehicleHistory/p/Report.cfx?vin=JTND4MBE3M3134930&partner=FRD_2,7044,9057,428,1864,80275,88275,0.6900000000000001,17941,-659,Silver,hatchback,dealer,Sunset Elite Auto,Laguna Hills,auto.dev,48.1,185,1,2026-09-23,4,0,False,https://www.carfax.com/vehicle/JTND4MBE3M3134930,
35.0,2019,Toyota,Corolla,L 4dr Sedan (1.8L 4cyl CVT),16580,9049,,False,https://www.carfax.com/VehicleHistory/p/Report.cfx?vin=5YFBURHE4KP877374&partner=FRD_2,5554,7844,559,1695,93544,101544,0.6000000000000001,16020,-560,Black,sedan,dealer,Karz Plus-Escondido,Escondido,auto.dev,55.6,203,5,2026-09-20,7,0,False,https://www.autolist.com/toyota-corolla#vin=5YFBURHE4KP877374,
35.0,2019,Honda,Civic,Si 4dr Sedan (1.5L 4cyl Turbo 6M),18084,10373,1,False,https://www.carfax.com/VehicleHistory/p/Report.cfx?vin=2HGFC1E57KH702098&partner=FRD_2,6871,9217,527,1821,103000,111000,0.6000000000000001,16605,-1479,White,sedan,dealer,Carnova,San Diego,auto.dev,71.5,348,4,2026-09-24,3,1000,False,https://www.car-nova.com/pre-owned-cars/detail/x/1556982,1.5L turbo oil dilution - warm climate helps; confirm it is not the turbo trim
34.9,2017,Subaru,Impreza,2.0i Limited 4dr Hatchback AWD (2.0L 4cyl CVT),17995,10116,1,True,https://www.carfax.com/VehicleHistory/p/Report.cfx?vin=4S3GTAN64H3731324&partner=FRD_2,6842,9176,482,1814,54802,62802,0.75,15338,-2657,Crystal White Pearl,hatchback,dealer,AutoNation Mazda Carlsbad,Carlsbad,auto.dev,54.6,125,7,2026-09-25,2,0,False,https://bmwencinitas.com/used/Subaru/2017-Subaru-Impreza-d4ecc16eac18230d1f9b854f3e2ed38e.htm,
34.8,2019,Subaru,Crosstrek,2.0i 4dr SUV AWD (2.0L 4cyl CVT),18671,8480,,False,https://www.carfax.com/VehicleHistory/p/Report.cfx?vin=JF2GTABC3K8308174&partner=FRD_2,5231,7527,481,1870,51504,59504,0.75,19197,526,White,small_suv,dealer,Siry Auto,San Diego,auto.dev,27.0,284,7,2026-09-20,7,0,False,https://www.autolist.com/subaru-xv+crosstrek#vin=JF2GTABC3K8308174,
34.8,2023,Kia,Forte,GT 4dr Sedan (1.6L 4cyl Turbo 7AM),19995,10450,1,True,https://www.carfax.com/VehicleHistory/p/Report.cfx?vin=3KPF44AC1PE630965&partner=FRD_2,7514,9683,247,1982,26783,34783,0.75,18184,-1811,Steel Gray,sedan,dealer,AutoNation Volkswagen Carlsbad,Carlsbad,auto.dev,59.0,62,3,2026-09-26,1,0,False,https://bmwencinitas.com/used/Kia/2023-Kia-Forte-da2ef200ac18317c333ce9bd93187b30.htm,
34.8,2019,Honda,Accord,Sport 4dr Sedan (1.5L 4cyl Turbo CVT),17450,10378,1,True,https://www.carfax.com/VehicleHistory/p/Report.cfx?vin=1HGCV1F38KA123727&partner=FRD_2,6658,8919,604,1768,102436,110436,0.6000000000000001,17548,98,Blue,sedan,dealer,San Diego Car Sales LLC,Escondido,auto.dev,55.8,689,6,2026-09-20,7,0,False,https://www.carfax.com/vehicle/1HGCV1F38KA123727,1.5L turbo oil dilution - warm climate helps; confirm it is not the turbo trim
34.7,2015,Honda,CR-V,EX-L 4dr SUV w/Navigation (2.4L 4cyl CVT),15995,10125,0,False,https://www.carfax.com/VehicleHistory/p/Report.cfx?vin=2HKRM3H75FH553897&partner=FRD_2,5778,8744,658,1646,116987,124987,0.46499999999999997,14718,-1277,Black,small_suv,dealer,Good Guys Auto Sales,San Diego,auto.dev,83.4,670,3,2026-09-22,5,0,False,https://www.autolist.com/honda-cr+v#vin=2HKRM3H75FH553897,
34.7,2016,Honda,Civic,EX 4dr Sedan (2.0L 4cyl CVT),11584,8701,,False,https://www.carfax.com/VehicleHistory/p/Report.cfx?vin=2HGFC2F73GH544064&partner=FRD_2,3413,6719,1083,1275,154944,162944,0.26249999999999996,12101,517,,sedan,dealer,SD Bay Rides,San Diego,auto.dev,46.4,1080,5,2026-09-25,2,0,False,https://www.autolist.com/honda-civic#vin=2HGFC2F73GH544064,1.5L turbo oil dilution - warm climate helps; confirm it is not the turbo trim
34.5,2016,Mazda,CX-5,Grand Touring 4dr SUV (2.5L 4cyl 6A),14996,8129,0,False,https://www.carfax.com/VehicleHistory/p/Report.cfx?vin=JM3KE2DY6G0840405&partner=FRD_2,4371,6565,908,1562,86138,94138,0.6900000000000001,15615,619,Black,small_suv,dealer,CBM Motors,El Cajon,auto.dev,9.6,510,5,2026-09-20,7,299,False,https://www.cbmmotors.com/pre-owned-cars/detail/x/1566906,
34.5,2020,Toyota,Camry,LE 4dr Sedan (2.5L 4cyl gas/electric hybrid CVT),18685,11520,1,True,https://www.carfax.com/VehicleHistory/p/Report.cfx?vin=4T1C31AK4LU010727&partner=FRD_2,7882,10164,508,1872,99141,107141,0.6000000000000001,18029,-656,Blue,sedan,dealer,Maverick Toyota,Lemon Grove,auto.dev,63.3,274,3,2026-09-22,5,815,False,https://www.mavericktoyota.com/used-Lemon+Grove-2020-Toyota-Camry+Hybrid-LE-4T1C31AK4LU010727,
34.5,2021,Toyota,Corolla,LE 4dr Sedan (1.8L 4cyl gas/electric hybrid CVT),13995,9100,1,True,https://www.carfax.com/VehicleHistory/p/Report.cfx?vin=JTDEAMDE5MJ031566&partner=FRD_2,5357,7582,702,1478,130965,138965,0.46499999999999997,14822,827,Gray,sedan,dealer,All Auto Sales,Escondido,auto.dev,48.1,185,1,2026-09-23,4,0,False,https://www.carfax.com/vehicle/JTDEAMDE5MJ031566,
34.5,2017,Honda,Civic,Si 4dr Sedan w/Summer Tires (1.5L 4cyl Turbo 6M),15330,10886,1,False,https://www.carfax.com/VehicleHistory/p/Report.cfx?vin=2HGFC1E52HH703989&partner=FRD_2,6934,9430,703,1590,117242,125242,0.46499999999999997,14636,-694,Gray,sedan,dealer,360 AUTO SALES INC,El Cajon,auto.dev,65.9,593,6,2026-09-23,4,0,False,https://www.carfax.com/vehicle/2HGFC1E52HH703989,1.5L turbo oil dilution - warm climate helps; confirm it is not the turbo trim
34.5,2018,Honda,Civic,EX 4dr Hatchback (1.5L 4cyl Turbo CVT),19680,11131,1,True,https://www.carfax.com/VehicleHistory/p/Report.cfx?vin=SHHFK7H5XJU414465&partner=FRD_2,7976,10025,480,1955,72487,80487,0.6900000000000001,17528,-2152,Gray,hatchback,dealer,Legacy Cars,El Cajon,auto.dev,59.6,598,6,2026-09-20,7,0,False,https://www.legacycarsinc.com/pre-owned-cars/detail/x/1557187,1.5L turbo oil dilution - warm climate helps; confirm it is not the turbo trim
34.4,2020,Hyundai,Kona,Limited 4dr SUV (1.6L 4cyl Turbo 7AM),16550,7832,0,False,https://www.carfax.com/VehicleHistory/p/Report.cfx?vin=KM8K33A54LU410241&partner=FRD_2,4735,6761,498,1692,62036,70036,0.75,15997,-553,Sonic Silver,small_suv,dealer,AutoNation Mazda Carlsbad,Carlsbad,auto.dev,7.0,158,2,2026-09-24,3,534,False,https://bmwencinitas.com/used/Hyundai/2020-Hyundai-Kona-ccfc5fc7ac185bc0410e180bae978b4a.htm,
34.3,2019,Hyundai,Kona,SEL 4dr SUV AWD (2.0L 4cyl 6A),14275,7805,,False,https://www.carfax.com/VehicleHistory/p/Report.cfx?vin=KM8K2CAA9KU217789&partner=FRD_2,4665,6332,715,1501,79541,87541,0.6900000000000001,14335,60,Black,small_suv,dealer,Miramar Car Center,San Diego,auto.dev,0.0,191,1,2026-09-20,7,0,False,https://www.autolist.com/hyundai-kona#vin=KM8K2CAA9KU217789,
34.3,2017,Hyundai,Elantra,SE 4dr Sedan (2.0L 4cyl 6M),10780,7334,,False,https://www.carfax.com/VehicleHistory/p/Report.cfx?vin=5NPD84LF4HH065417&partner=FRD_2,3225,5416,1094,1208,122245,130245,0.46499999999999997,9049,-1731,Black,sedan,dealer,Karz Plus-Escondido,Escondido,auto.dev,10.7,767,4,2026-09-20,7,0,False,https://www.autolist.com/hyundai-elantra#vin=5NPD84LF4HH065417,
34.3,2022,Toyota,Corolla,LE 4dr Sedan (1.8L 4cyl gas/electric hybrid CVT),19113,9058,0,False,https://www.carfax.com/VehicleHistory/p/Report.cfx?vin=JTDEAMDE7N3009011&partner=FRD_2,5334,8157,415,1907,106670,114670,0.6000000000000001,16869,-2244,Silver,sedan,dealer,Toyota Carlsbad,Carlsbad,auto.dev,74.5,100,,2026-09-22,5,0,False,https://toyotacarlsbad.com/certified/Toyota/2022-Toyota-Corolla-Hybrid-b22c572cac183ecbd73d4eaed3e5a917.htm,
34.3,2016,Honda,Civic,EX 4dr Sedan (2.0L 4cyl CVT),14330,9286,1,True,https://www.carfax.com/VehicleHistory/p/Report.cfx?vin=19XFC2F79GE228713&partner=FRD_2,5610,7757,840,1506,110502,118502,0.6000000000000001,14354,24,Blue,sedan,dealer,Legacy Cars,El Cajon,auto.dev,46.4,1080,5,2026-09-23,4,0,False,https://www.legacycarsinc.com/pre-owned-cars/detail/x/1587129,1.5L turbo oil dilution - warm climate helps; confirm it is not the turbo trim
34.3,2015,Honda,CR-V,EX 4dr SUV AWD (2.4L 4cyl CVT),15646,10307,1,False,https://www.carfax.com/VehicleHistory/p/Report.cfx?vin=2HKRM4H58FH693219&partner=FRD_2,6052,8854,691,1616,125578,133578,0.46499999999999997,14211,-1435,Obsidian Blue Pearl,small_suv,dealer,Driveway,San Diego,auto.dev,83.4,670,3,2026-09-22,5,132,False,https://www.autolist.com/honda-cr+v#vin=2HKRM4H58FH693219,
34.3,2017,Honda,CR-V,LX 4dr SUV (2.4L 4cyl CVT),12900,8320,,False,https://www.carfax.com/VehicleHistory/p/Report.cfx?vin=5J6RW5H32HL000989&partner=FRD_2,3721,6362,1159,1386,137500,145500,0.46499999999999997,14967,2067,Black,small_suv,dealer,Babaz Motors,San Diego,auto.dev,16.4,1768,7,2026-09-20,7,1000,False,https://www.autolist.com/honda-cr+v#vin=5J6RW5H32HL000989,1.5L turbo oil dilution - warm climate helps; confirm it is not the turbo trim
34.2,2020,Nissan,Sentra,SV 4dr Sedan (2.0L 4cyl CVT),16076,7699,,False,https://www.carfax.com/VehicleHistory/p/Report.cfx?vin=3N1AB8CV3LY260975&partner=FRD_2,4623,6589,514,1652,63344,71344,0.75,14139,-1937,White,sedan,dealer,Land Rover Mission Viejo,Mission Viejo,auto.dev,5.1,205,4,2026-09-25,2,0,False,https://www.autolist.com/nissan-sentra#vin=3N1AB8CV3LY260975,Nissan CVT history - replacement can exceed the car's value (improved 2020 redesign)
34.2,2023,Toyota,Corolla,LE 4dr Sedan (1.8L 4cyl gas/electric hybrid CVT),17798,9293,0,True,https://www.carfax.com/VehicleHistory/p/Report.cfx?vin=JTDBCMFE3P3001811&partner=FRD_2,5027,8232,473,1797,125909,133909,0.46499999999999997,16237,-1561,Underground,sedan,dealer,AutoNation Toyota Irvine,Irvine,auto.dev,79.3,73,3,2026-09-23,4,0,False,https://www.carfax.com/vehicle/JTDBCMFE3P3001811,
34.2,2018,Honda,Civic,EX 4dr Hatchback (1.5L 4cyl Turbo CVT),17995,9634,0,False,https://www.carfax.com/VehicleHistory/p/Report.cfx?vin=SHHFK7H55JU237887&partner=FRD_2,5957,8451,598,1814,96521,104521,0.6000000000000001,16310,-1685,Gray,hatchback,dealer,Good Guys Auto Sales,San Diego,auto.dev,59.6,598,6,2026-09-23,4,0,False,https://www.carfax.com/vehicle/SHHFK7H55JU237887,1.5L turbo oil dilution - warm climate helps; confirm it is not the turbo trim
34.2,2018,Honda,Civic,Touring 4dr Sedan (1.5L 4cyl Turbo CVT),18680,9133,0,True,https://www.carfax.com/VehicleHistory/p/Report.cfx?vin=2HGFC1F96JH640743&partner=FRD_2,5846,8052,509,1871,78467,86467,0.6900000000000001,17225,-1455,Blue,sedan,dealer,Legacy Cars,El Cajon,auto.dev,59.6,598,6,2026-09-24,3,0,False,https://www.legacycarsinc.com/pre-owned-cars/detail/x/1544513,1.5L turbo oil dilution - warm climate helps; confirm it is not the turbo trim
34.2,2015,Honda,Civic,Si 4dr Sedan w/Navigation (2.4L 4cyl 6M),19118,11165,1,False,https://www.carfax.com/VehicleHistory/p/Report.cfx?vin=2HGFB6E55FH703918&partner=FRD_2,7219,10118,584,1908,101565,109565,0.6000000000000001,14183,-4935,Black,sedan,dealer,Rockstar Rides,Vista,auto.dev,85.4,380,1,2026-09-24,3,0,False,https://www.carfax.com/vehicle/2HGFB6E55FH703918,
34.1,2019,Hyundai,Kona,SE 4dr SUV (2.0L 4cyl 6A),13141,8356,1,False,https://www.carfax.com/VehicleHistory/p/Report.cfx?vin=KM8K12AA1KU269379&partner=FRD_2,5449,6813,681,1406,75005,83005,0.6900000000000001,14710,1569,Gray,small_suv,dealer,Xtreme Auto Group,Temecula,auto.dev,0.0,191,1,2026-09-25,2,0,False,https://www.carfax.com/vehicle/KM8K12AA1KU269379,
34.1,2021,Toyota,Camry,SE 4dr Sedan (2.5L 4cyl 8A),18910,11486,1,True,https://www.carfax.com/VehicleHistory/p/Report.cfx?vin=4T1T11AK7MU417285&partner=FRD_2,7148,10152,499,1890,130869,138869,0.46499999999999997,16991,-1919,Silver,sedan,dealer,Toyota of Escondido,Escondido,auto.dev,84.7,157,1,2026-09-24,3,0,False,"https://hyundaiescondido.com/used/Toyota/2021-Toyota-Camry-escondido,-ca-fa5cbf4dac1820d641fd659990e4e18b.htm",
34.0,2021,Kia,Seltos,S 4dr SUV AWD (1.6L 4cyl Turbo 7AM),16576,7822,0,False,https://www.carfax.com/VehicleHistory/p/Report.cfx?vin=KNDEUCA25M7056489&partner=FRD_2,4740,6770,480,1694,65505,73505,0.75,16677,101,White,small_suv,dealer,DCH Kia of Temecula,Temecula,auto.dev,0.0,369,2,2026-09-20,7,415,False,https://dchkiaoftemecula.com/certified/Kia/2021-Kia-Seltos-serving-temecula-ca-405ff43cac181da0dd1bebc33d372c0f.htm,
34.0,2023,Kia,Forte,GT 4dr Sedan (1.6L 4cyl Turbo 7AM),18990,10041,1,True,https://www.carfax.com/VehicleHistory/p/Report.cfx?vin=3KPF44ACXPE539791&partner=FRD_2,7175,9232,247,1897,57467,65467,0.75,16952,-2038,White,sedan,dealer,National City Auto Center,National City,auto.dev,59.0,62,3,2026-09-20,7,0,False,https://www.carfax.com/vehicle/3KPF44ACXPE539791,
34.0,2021,Honda,Civic,Sport 4dr Sedan (2.0L 4cyl CVT),18998,12312,1,True,https://www.carfax.com/VehicleHistory/p/Report.cfx?vin=2HGFC2F8XMH557723&partner=FRD_2,8413,11159,458,1898,116692,124692,0.46499999999999997,17159,-1839,Platinum White Pearl,sedan,dealer,CarMax Kearny Mesa,San Diego,auto.dev,82.1,144,4,2026-09-23,4,0,False,https://www.autolist.com/honda-civic#vin=2HGFC2F8XMH557723,1.5L turbo oil dilution - warm climate helps; confirm it is not the turbo trim
33.7,2016,Mazda,CX-5,Grand Touring 4dr SUV (2.5L 4cyl 6A),13943,8097,0,False,https://www.carfax.com/VehicleHistory/p/Report.cfx?vin=JM3KE2DY1G0640001&partner=FRD_2,3964,6369,1036,1473,104287,112287,0.6000000000000001,14537,594,Gray,small_suv,dealer,Pacific Honda,San Diego,auto.dev,9.6,510,5,2026-09-20,7,140,False,https://www.autolist.com/mazda-cx+5#vin=JM3KE2DY1G0640001,
33.7,2020,Toyota,Camry,LE 4dr Sedan (2.5L 4cyl gas/electric hybrid CVT),12762,9956,1,False,https://www.carfax.com/VehicleHistory/p/Report.cfx?vin=4T1C31AK4LU019346&partner=FRD_2,4942,7884,925,1374,186578,194578,0.26249999999999996,13419,657,Unspecified,sedan,dealer,ZEE Auto Consulting LLC,San Diego,auto.dev,63.3,274,3,2026-09-27,0,0,False,https://www.carfax.com/vehicle/4T1C31AK4LU019346,
33.6,2020,Honda,Civic,Sport 4dr Hatchback (1.5L 4cyl Turbo CVT),18998,10960,0,True,https://www.carfax.com/VehicleHistory/p/Report.cfx?vin=SHHFK7H41LU405843&partner=FRD_2,6711,9831,521,1898,118247,126247,0.46499999999999997,16456,-2542,Platinum White Pearl,hatchback,dealer,CarMax Murrieta,Murrieta,auto.dev,77.8,225,5,2026-09-23,4,0,False,https://www.autolist.com/honda-civic#vin=SHHFK7H41LU405843,1.5L turbo oil dilution - warm climate helps; confirm it is not the turbo trim
33.5,2017,Toyota,RAV4,Platinum 4dr SUV (2.5L 4cyl 6A),18500,9701,0,True,https://www.carfax.com/VehicleHistory/p/Report.cfx?vin=2T3YFREV6HW322093&partner=FRD_2,4944,8797,626,1856,121100,129100,0.589,16693,-1807,Gray,small_suv,dealer,Temecula Hyundai,Temecula,auto.dev,80.3,307,3,2026-09-20,7,0,False,https://www.autolist.com/toyota-rav4#vin=2T3YFREV6HW322093,Battery hold-down/terminal fire recall 23V-734 - verify it was performed
33.4,2017,Volkswagen,Golf,TSI S 4dr Hatchback (1.8L 4cyl Turbo 5M),13080,8587,1,False,https://www.carfax.com/VehicleHistory/p/Report.cfx?vin=3VW117AU9HM031443&partner=FRD_2,5049,6747,853,1401,80508,88508,0.6900000000000001,13276,196,White,hatchback,dealer,Epiksun Motors,La Mesa,auto.dev,0.0,189,5,2026-09-20,7,0,False,https://www.carfax.com/vehicle/3VW117AU9HM031443,Timing-chain tensioner and DSG mechatronic history; parts cost more
33.4,2016,Honda,Civic,EX 4dr Sedan (2.0L 4cyl CVT),10580,9007,1,False,https://www.carfax.com/VehicleHistory/p/Report.cfx?vin=19XFC2F76GE079130&partner=FRD_2,4209,6856,1165,1191,169732,177732,0.26249999999999996,11351,771,Gray,sedan,dealer,Legacy Cars,El Cajon,auto.dev,46.4,1080,5,2026-09-27,0,0,False,https://www.legacycarsinc.com/pre-owned-cars/detail/x/1591713,1.5L turbo oil dilution - warm climate helps; confirm it is not the turbo trim
33.4,2019,Honda,Civic,Si 4dr Sedan (1.5L 4cyl Turbo 6M),19892,10703,1,False,https://www.carfax.com/VehicleHistory/p/Report.cfx?vin=2HGFC1E55KH701841&partner=FRD_2,7479,9637,478,1973,91993,99993,0.6900000000000001,17163,-2729,Modern Steel Metallic,sedan,dealer,Mossy Nissan El Cajon,El Cajon,auto.dev,71.5,348,4,2026-09-22,5,0,False,https://www.autolist.com/honda-civic#vin=2HGFC1E55KH701841,1.5L turbo oil dilution - warm climate helps; confirm it is not the turbo trim
33.3,2015,Honda,CR-V,Touring 4dr SUV (2.4L 4cyl CVT),18083,9290,0,False,https://www.carfax.com/VehicleHistory/p/Report.cfx?vin=5J6RM3H98FL007005&partner=FRD_2,5093,8204,606,1821,103810,111810,0.6000000000000001,15495,-2588,Blue,small_suv,dealer,Vista Auto Sales,Vista,auto.dev,83.4,670,3,2026-09-22,5,0,False,https://www.carfax.com/vehicle/5J6RM3H98FL007005,
33.2,2017,Subaru,Crosstrek,2.0i Premium PZEV 4dr SUV AWD (2.0L 4cyl 5M),18998,9475,,False,https://www.carfax.com/VehicleHistory/p/Report.cfx?vin=JF2GPABC4HG255570&partner=FRD_2,5931,8625,446,1898,72455,80455,0.6900000000000001,16237,-2761,White,small_suv,dealer,CarMax Kearny Mesa,San Diego,auto.dev,76.5,97,1,2026-09-22,5,0,False,https://www.autolist.com/subaru-xv+crosstrek#vin=JF2GPABC4HG255570,FB-series oil consumption; check consumption history
33.2,2019,Honda,Accord,LX 4dr Sedan (1.5L 4cyl Turbo CVT),17985,10626,1,False,https://www.carfax.com/VehicleHistory/p/Report.cfx?vin=1HGCV1F14KA115879&partner=FRD_2,6838,9171,622,1813,106010,114010,0.6000000000000001,17361,-624,Black,sedan,dealer,Sedano Ford,La Mesa,auto.dev,55.8,689,6,2026-09-23,4,0,False,https://www.carfax.com/vehicle/1HGCV1F14KA115879,1.5L turbo oil dilution - warm climate helps; confirm it is not the turbo trim
33.1,2019,Toyota,Camry,LE 4dr Sedan (2.5L 4cyl 8A),18610,9330,,False,https://www.carfax.com/VehicleHistory/p/Report.cfx?vin=4T1B11HK1KU737314&partner=FRD_2,5827,8024,531,1865,79406,87406,0.6900000000000001,18435,-175,Gray,sedan,dealer,Norm Reeves Toyota San Diego,San Diego,auto.dev,45.0,395,6,2026-09-20,7,0,False,https://www.autolist.com/toyota-camry#vin=4T1B11HK1KU737314,
33.1,2019,Toyota,Camry,LE 4dr Sedan (2.5L 4cyl 8A),17495,8955,,False,https://www.carfax.com/VehicleHistory/p/Report.cfx?vin=4T1B11HK5KU238323&partner=FRD_2,4956,7532,663,1772,103223,111223,0.6000000000000001,17179,-316,,sedan,dealer,Brookside Motors,San Diego,auto.dev,45.0,395,6,2026-09-23,4,0,False,https://www.autolist.com/toyota-camry#vin=4T1B11HK5KU238323,
33.1,2019,Honda,Accord,Sport 4dr Sedan (1.5L 4cyl Turbo CVT),18380,9969,0,True,https://www.carfax.com/VehicleHistory/p/Report.cfx?vin=1HGCV1F36KA170058&partner=FRD_2,6067,8615,585,1846,98740,106740,0.6000000000000001,17740,-640,Silver,sedan,dealer,Carz Land,San Diego,auto.dev,55.8,689,6,2026-09-23,4,0,False,https://www.autolist.com/honda-accord#vin=1HGCV1F36KA170058,1.5L turbo oil dilution - warm climate helps; confirm it is not the turbo trim
33.0,2019,Nissan,Kicks,S 4dr Hatchback (1.6L 4cyl CVT),16998,8044,,False,https://www.carfax.com/VehicleHistory/p/Report.cfx?vin=3N1CP5CU3KL510968&partner=FRD_2,4840,6923,569,1730,23257,31257,0.75,14965,-2033,Gun Metallic,hatchback,dealer,CarMax Murrieta,Murrieta,auto.dev,0.0,134,1,2026-09-26,1,0,False,https://www.autolist.com/nissan-kicks#vin=3N1CP5CU3KL510968,Nissan CVT history - replacement can exceed the car's value
32.9,2016,Toyota,RAV4,Limited 4dr SUV AWD (2.5L 4cyl 6A),19998,10243,0,True,https://www.carfax.com/VehicleHistory/p/Report.cfx?vin=2T3DFREV4GW524573&partner=FRD_2,5275,9451,609,1982,137464,145464,0.589,15357,-4641,Gray,small_suv,dealer,Toyota of Escondido,Escondido,auto.dev,95.7,239,3,2026-09-26,1,0,False,"https://hyundaiescondido.com/used/Toyota/2016-Toyota-RAV4-escondido,-ca-d2a3a319ac18317c333ce9bd111379a0.htm",
32.8,2018,Mazda,Mazda3,Touring 4dr Hatchback (2.5L 4cyl 6M),18417,10077,1,False,https://www.carfax.com/VehicleHistory/p/Report.cfx?vin=3MZBN1L37JM228885&partner=FRD_2,7037,9021,517,1849,54887,62887,0.8,16656,-1761,Gray,hatchback,dealer,Tuttle Click Mazda,Irvine,auto.dev,32.4,108,4,2026-09-26,1,0,False,https://www.autolist.com/mazda-mazda3#vin=3MZBN1L37JM228885,Rearview camera recall 23V-487; infotainment 'ghost touch'
32.8,2021,Toyota,Corolla,SE Apex Edition 4dr Sedan (2.0L 4cyl CVT),19044,10767,1,False,https://www.carfax.com/VehicleHistory/p/Report.cfx?vin=5YFS4MCE4MP065456&partner=FRD_2,7744,9724,393,1902,73891,81891,0.6900000000000001,18334,-710,Blue,sedan,dealer,Legacy Cars,El Cajon,auto.dev,48.1,185,1,2026-09-20,7,0,False,https://www.legacycarsinc.com/pre-owned-cars/detail/x/1570142,
32.8,2020,Toyota,Corolla,LE 4dr Sedan (1.8L 4cyl CVT),10130,8030,,False,https://www.carfax.com/VehicleHistory/p/Report.cfx?vin=JTDEPRAE0LJ048435&partner=FRD_2,3073,5700,1342,1153,172183,180183,0.26249999999999996,11733,1603,White,sedan,dealer,Mikail Autos,San Diego,auto.dev,0.0,308,3,2026-09-25,2,0,False,https://www.autolist.com/toyota-corolla#vin=JTDEPRAE0LJ048435,
32.7,2016,Kia,Soul,! 4dr Wagon (2.0L 4cyl 6A),7084,7251,,False,https://www.carfax.com/VehicleHistory/p/Report.cfx?vin=KNDJP3A55G7319178&partner=FRD_2,3015,4753,1393,897,144067,152067,0.26249999999999996,6124,-960,Black,hatchback,dealer,Baldwin Auto Sales,Escondido,auto.dev,0.0,819,2,2026-09-25,2,0,False,https://www.autolist.com/kia-soul#vin=KNDJP3A55G7319178,
32.6,2017,Nissan,Sentra,NISMO 4dr Sedan (1.6L 4cyl Turbo CVT),8480,7202,1,True,https://www.carfax.com/VehicleHistory/p/Report.cfx?vin=3N1CB7AP5HY359120&partner=FRD_2,3397,4922,1302,1014,140576,148576,0.46499999999999997,6980,-1500,White,sedan,dealer,Pacific Honda,San Diego,auto.dev,0.0,230,3,2026-09-26,1,37,False,https://www.autolist.com/nissan-sentra#vin=3N1CB7AP5HY359120,Nissan CVT history - replacement can exceed the car's value
32.6,2022,Kia,Niro,LX 4dr SUV (1.6L 4cyl gas/electric hybrid 6AM),17010,9914,1,True,https://www.carfax.com/VehicleHistory/p/Report.cfx?vin=KNDCB3LC2N5549465&partner=FRD_2,7000,8761,348,1731,72911,80911,0.6900000000000001,17065,55,White,small_suv,dealer,Norm Reeves Toyota San Diego,San Diego,auto.dev,45.4,31,1,2026-09-20,7,0,False,https://www.autolist.com/kia-niro#vin=KNDCB3LC2N5549465,
32.6,2018,Honda,CR-V,LX 4dr SUV AWD (2.4L 4cyl CVT),16035,8547,,False,https://www.carfax.com/VehicleHistory/p/Report.cfx?vin=5J6RW6H36JL003843&partner=FRD_2,5137,7019,764,1649,77281,85281,0.6900000000000001,19246,3211,White,small_suv,dealer,King Auto Sales Inc.,El Cajon,auto.dev,0.0,2141,5,2026-09-22,5,0,False,https://www.autolist.com/honda-cr+v#vin=5J6RW6H36JL003843,1.5L turbo oil dilution - warm climate helps; confirm it is not the turbo trim
32.5,2016,Kia,Soul,4dr Wagon (1.6L 4cyl 6M),9780,7579,,False,https://www.carfax.com/VehicleHistory/p/Report.cfx?vin=KNDJN2A23G7309027&partner=FRD_2,3703,5503,1161,1124,113055,121055,0.46499999999999997,8057,-1723,Black,hatchback,dealer,Karz Plus-Escondido,Escondido,auto.dev,0.0,819,2,2026-09-20,7,0,False,https://www.autolist.com/kia-soul#vin=KNDJN2A23G7309027,
32.5,2019,Honda,Accord,LX 4dr Sedan (1.5L 4cyl Turbo CVT),18290,10754,1,False,https://www.carfax.com/VehicleHistory/p/Report.cfx?vin=1HGCV1F17KA163697&partner=FRD_2,6940,9314,619,1838,105380,113380,0.6000000000000001,17394,-896,Black,sedan,dealer,Encinitas Ford,Encinitas,auto.dev,55.8,689,6,2026-09-23,4,0,False,https://www.autolist.com/honda-accord#vin=1HGCV1F17KA163697,1.5L turbo oil dilution - warm climate helps; confirm it is not the turbo trim
32.4,2019,Volkswagen,Jetta,1.4T SE 4dr Sedan (1.4L 4cyl Turbo 8A),11080,7997,,False,https://www.carfax.com/VehicleHistory/p/Report.cfx?vin=3VWC57BU9KM135465&partner=FRD_2,4107,5912,972,1233,113892,121892,0.46499999999999997,10987,-93,Gray,sedan,dealer,Karz Plus-Escondido,Escondido,auto.dev,0.0,548,11,2026-09-20,7,0,False,https://www.autolist.com/volkswagen-jetta#vin=3VWC57BU9KM135465,
32.4,2021,Toyota,Corolla,LE 4dr Sedan (1.8L 4cyl gas/electric hybrid CVT),19137,10817,1,True,https://www.carfax.com/VehicleHistory/p/Report.cfx?vin=JTDEAMDE8MJ034221&partner=FRD_2,7778,9769,402,1910,75586,83586,0.6900000000000001,18230,-907,White,sedan,dealer,Ariana Motors,Temecula,auto.dev,48.1,185,1,2026-09-20,7,0,False,https://www.arianamotorsonline.com/pre-owned-cars/detail/x/1541219,
32.4,2021,Toyota,RAV4,XLE 4dr SUV (2.5L 4cyl 8A),19995,9945,0,False,https://www.carfax.com/VehicleHistory/p/Report.cfx?vin=2T3W1RFV3MW157330&partner=FRD_2,6277,9103,503,1982,95610,103610,0.76,20099,104,Black,small_suv,dealer,APA Auto Group Inc,Escondido,auto.dev,50.0,,,2026-09-26,1,0,False,https://www.carfax.com/vehicle/2T3W1RFV3MW157330,
32.2,2019,Subaru,Crosstrek,2.0i Limited 4dr SUV AWD (2.0L 4cyl CVT),16080,8360,0,False,https://www.carfax.com/VehicleHistory/p/Report.cfx?vin=JF2GTAMC7KH208608&partner=FRD_2,4625,6984,751,1653,102648,110648,0.6000000000000001,15624,-456,Orange,small_suv,dealer,Guardians Auto,Lemon Grove,auto.dev,27.0,284,7,2026-09-24,3,0,False,https://www.autolist.com/subaru-xv+crosstrek#vin=JF2GTAMC7KH208608,
32.2,2017,Subaru,Legacy,2.5i Sport 4dr Sedan AWD (2.5L 4cyl CVT),18998,9159,,False,https://www.carfax.com/VehicleHistory/p/Report.cfx?vin=4S3BNAS60H3029218&partner=FRD_2,5308,8114,564,1898,49524,57524,0.75,18717,-281,Silver,sedan,dealer,CarMax Irvine,Irvine,auto.dev,34.1,119,2,2026-09-25,2,0,False,https://www.autolist.com/subaru-legacy#vin=4S3BNAS60H3029218,
32.2,2019,Toyota,Corolla,L 4dr Sedan (1.8L 4cyl CVT),15205,10573,1,True,https://www.carfax.com/VehicleHistory/p/Report.cfx?vin=2T1BURHE6KC167909&partner=FRD_2,6883,9061,685,1579,118215,126215,0.46499999999999997,14502,-703,Blue,sedan,dealer,Vista Auto Sales,Vista,auto.dev,55.6,203,5,2026-09-23,4,0,False,https://www.carfax.com/vehicle/2T1BURHE6KC167909,
32.2,2019,Toyota,Camry,LE 4dr Sedan (2.5L 4cyl 8A),17655,9722,,False,https://www.carfax.com/VehicleHistory/p/Report.cfx?vin=4T1B11HKXKU248863&partner=FRD_2,5860,8304,618,1785,95136,103136,0.6000000000000001,17606,-49,Black,sedan,dealer,Get You Approved Auto Center,El Cajon,auto.dev,45.0,395,6,2026-09-24,3,0,False,https://www.autolist.com/toyota-camry#vin=4T1B11HKXKU248863,
32.2,2019,Honda,Accord,LX 4dr Sedan (1.5L 4cyl Turbo CVT),17134,10483,0,False,https://www.carfax.com/VehicleHistory/p/Report.cfx?vin=1HGCV1F13KA148386&partner=FRD_2,6131,8935,667,1741,114889,122889,0.46499999999999997,16899,-235,Silver,sedan,dealer,Twinz Auto Sales,Temecula,auto.dev,55.8,689,6,2026-09-27,0,0,False,https://www.carfax.com/vehicle/1HGCV1F13KA148386,1.5L turbo oil dilution - warm climate helps; confirm it is not the turbo trim
32.1,2018,Honda,Civic,Si 4dr Sedan (1.5L 4cyl Turbo 6M),18067,9658,,False,https://www.carfax.com/VehicleHistory/p/Report.cfx?vin=2HGFC1E54JH701571&partner=FRD_2,5978,8482,594,1820,95580,103580,0.6000000000000001,16358,-1709,White,sedan,dealer,Rockstar Used Cars Of Temecula,Temecula,auto.dev,59.6,598,6,2026-09-20,7,0,False,https://www.autolist.com/honda-civic#vin=2HGFC1E54JH701571,1.5L turbo oil dilution - warm climate helps; confirm it is not the turbo trim
32.0,2019,Volkswagen,Jetta,1.4T SE 4dr Sedan (1.4L 4cyl Turbo 8A),12990,8009,0,False,https://www.carfax.com/VehicleHistory/p/Report.cfx?vin=3VWC57BU4KM225204&partner=FRD_2,4380,6181,835,1393,95550,103550,0.6000000000000001,12260,-730,Silver,sedan,dealer,National City Auto Center,National City,auto.dev,0.0,548,11,2026-09-20,7,0,False,https://www.autolist.com/volkswagen-jetta#vin=3VWC57BU4KM225204,
32.0,2019,Nissan,Kicks,SV 4dr Hatchback (1.6L 4cyl CVT),13599,8247,1,False,https://www.carfax.com/VehicleHistory/p/Report.cfx?vin=3N1CP5CU4KL539332&partner=FRD_2,5223,6696,726,1444,80929,88929,0.6900000000000001,12277,-1322,Brilliant Silver Metallic,hatchback,dealer,CarMax Escondido,Escondido,auto.dev,0.0,134,1,2026-09-25,2,1399,False,https://www.autolist.com/nissan-kicks#vin=3N1CP5CU4KL539332,Nissan CVT history - replacement can exceed the car's value
32.0,2019,Volkswagen,Jetta,1.4T SEL ULEV 4dr Sedan (1.4L 4cyl Turbo 8A),14488,7732,,False,https://www.carfax.com/VehicleHistory/p/Report.cfx?vin=3VWEB7BU7KM158499&partner=FRD_2,4252,6015,792,1519,89847,97847,0.6900000000000001,12656,-1832,Gray,sedan,dealer,Norm Reeves Volkswagen Superstore,Irvine,auto.dev,0.0,548,11,2026-09-23,4,0,False,https://www.autolist.com/volkswagen-jetta#vin=3VWEB7BU7KM158499,
32.0,2018,Honda,Civic,Si 4dr Sedan (1.5L 4cyl Turbo 6M),18010,8933,,False,https://www.carfax.com/VehicleHistory/p/Report.cfx?vin=2HGFC1E55JH710442&partner=FRD_2,5077,7731,665,1815,110072,118072,0.6000000000000001,15623,-2387,Gray,sedan,dealer,Norm Reeves Toyota San Diego,San Diego,auto.dev,59.6,598,6,2026-09-20,7,0,False,https://www.autolist.com/honda-civic#vin=2HGFC1E55JH710442,1.5L turbo oil dilution - warm climate helps; confirm it is not the turbo trim
31.9,2015,Volkswagen,Golf,TSI S 4dr Hatchback (1.8L 4cyl Turbo 6A),15985,9719,1,False,https://www.carfax.com/VehicleHistory/p/Report.cfx?vin=3VW217AU3FM024800&partner=FRD_2,6166,8230,690,1645,57644,65644,0.75,14074,-1911,Gray,hatchback,dealer,"Surf Motors, Inc",Vista,auto.dev,29.7,131,12,2026-09-26,1,0,False,https://www.autolist.com/volkswagen-golf#vin=3VW217AU3FM024800,Timing-chain tensioner and DSG mechatronic history; parts cost more
31.8,2019,Volkswagen,Jetta,1.4T SEL Premium w/CWP 4dr Sedan (1.4L 4cyl Turbo 8A),13080,8306,1,True,https://www.carfax.com/VehicleHistory/p/Report.cfx?vin=3VWG57BU0KM204870&partner=FRD_2,5049,6464,797,1401,90495,98495,0.6900000000000001,12611,-469,Black,sedan,dealer,APA Auto Group Inc,Escondido,auto.dev,0.0,548,11,2026-09-20,7,0,False,https://www.carfax.com/vehicle/3VWG57BU0KM204870,
31.6,2020,Mazda,CX-5,Grand Touring 4dr SUV (2.5L 4cyl 6A),16998,9190,,False,https://www.carfax.com/VehicleHistory/p/Report.cfx?vin=JM3KFADM8L1833383&partner=FRD_2,4840,7895,592,1730,126559,134559,0.46499999999999997,15820,-1178,Blue,small_suv,dealer,CarMax Irvine,Irvine,auto.dev,71.5,106,,2026-09-25,2,0,False,https://www.autolist.com/mazda-cx+5#vin=JM3KFADM8L1833383,2.5L oil-consumption reports at low mileage
31.6,2015,Lexus,CT 200h,4dr Hatchback (1.8L 4cyl gas/electric hybrid CVT),17888,10445,,False,https://www.carfax.com/VehicleHistory/p/Report.cfx?vin=JTHKD5BH7F2247380&partner=FRD_2,5048,8709,1014,1805,133063,141063,0.46499999999999997,17888,0,Silver,hatchback,dealer,Carco Sales & Finance,Poway,auto.dev,46.0,16,,2026-09-20,7,0,False,https://www.autolist.com/lexus-ct+200h#vin=JTHKD5BH7F2247380,Shares the Gen 3 Prius 2ZR-FXE - same EGR clogging and head gasket risk
31.6,2020,Hyundai,Kona,SEL 4dr SUV (2.0L 4cyl 6A),17998,8272,,False,https://www.carfax.com/VehicleHistory/p/Report.cfx?vin=KM8K22AA6LU553332&partner=FRD_2,5074,7284,484,1814,39454,47454,0.75,17864,-134,Orange,small_suv,dealer,CarMax Kearny Mesa,San Diego,auto.dev,7.0,158,2,2026-09-20,7,0,False,https://www.autolist.com/hyundai-kona#vin=KM8K22AA6LU553332,
31.6,2018,Honda,Civic,EX-L 4dr Sedan (1.5L 4cyl Turbo CVT),16500,10029,0,True,https://www.carfax.com/VehicleHistory/p/Report.cfx?vin=JHMFC1F77JX013203&partner=FRD_2,5935,8631,692,1688,115558,123558,0.46499999999999997,15345,-1155,White,sedan,dealer,Kia of Irvine,Irvine,auto.dev,59.6,598,6,2026-09-23,4,270,False,https://www.kiaofirvine.com/viewdetails/used/jhmfc1f77jx013203/2018-honda-civic-sedan-4dr-car?type=cash,1.5L turbo oil dilution - warm climate helps; confirm it is not the turbo trim
31.6,2018,Honda,Civic,Sport Touring 4dr Hatchback (1.5L 4cyl Turbo CVT),18880,11518,1,False,https://www.carfax.com/VehicleHistory/p/Report.cfx?vin=SHHFK7H96JU426938&partner=FRD_2,7956,10262,615,1888,99995,107995,0.6000000000000001,16134,-2746,Blue,hatchback,dealer,Pedder Nissan,Hemet,auto.dev,59.6,598,6,2026-09-20,7,200,False,https://peddernissan.com/inventory/Used-2018-Honda-Civic-Sport_Touring-SHHFK7H96JU426938-1749,1.5L turbo oil dilution - warm climate helps; confirm it is not the turbo trim
31.4,2017,Subaru,Impreza,2.0i Sport 4dr Hatchback AWD (2.0L 4cyl CVT),14998,8876,,False,https://www.carfax.com/VehicleHistory/p/Report.cfx?vin=4S3GTAM6XH3711628&partner=FRD_2,4372,7419,832,1562,128203,136203,0.46499999999999997,11381,-3617,Blue,hatchback,dealer,CarMax Murrieta,Murrieta,auto.dev,54.6,125,7,2026-09-22,5,0,False,https://www.autolist.com/subaru-impreza#vin=4S3GTAM6XH3711628,
31.4,2016,Mazda,CX-5,Grand Touring 4dr SUV AWD (2.5L 4cyl 6A),17085,8567,,False,https://www.carfax.com/VehicleHistory/p/Report.cfx?vin=JM3KE4DY0G0764255&partner=FRD_2,4860,7373,723,1737,51744,59744,0.75,17658,573,Blue,small_suv,dealer,Exclusive Collection LLC,San Diego,auto.dev,9.6,510,5,2026-09-20,7,0,False,https://www.autolist.com/mazda-cx+5#vin=JM3KE4DY0G0764255,
31.4,2020,Honda,CR-V,EX-L 4dr SUV (1.5L 4cyl Turbo CVT),20000,11465,,False,https://www.carfax.com/VehicleHistory/p/Report.cfx?vin=7FARW1H88LE030153&partner=FRD_2,7022,10313,504,1982,114764,122764,0.46499999999999997,18495,-1505,Black,small_suv,dealer,Babaz Motors,San Diego,auto.dev,78.3,353,7,2026-09-22,5,0,False,https://www.autolist.com/honda-cr+v#vin=7FARW1H88LE030153,1.5L turbo oil dilution - warm climate helps; confirm it is not the turbo trim
31.4,2018,Honda,Civic,Si 4dr Sedan (1.5L 4cyl Turbo 6M),19915,9006,,False,https://www.carfax.com/VehicleHistory/p/Report.cfx?vin=2HGFC1E58JH705381&partner=FRD_2,5522,7977,543,1975,85322,93322,0.6900000000000001,16877,-3038,Black,sedan,dealer,Lexus Escondido,Escondido,auto.dev,59.6,598,6,2026-09-26,1,0,False,https://www.autolist.com/honda-civic#vin=2HGFC1E58JH705381,1.5L turbo oil dilution - warm climate helps; confirm it is not the turbo trim
31.3,2019,Subaru,Impreza,2.0i Sport 4dr Hatchback AWD (2.0L 4cyl CVT),18413,8448,0,True,https://www.carfax.com/VehicleHistory/p/Report.cfx?vin=4S3GTAM61K3747005&partner=FRD_2,5171,7435,529,1849,56635,64635,0.75,16057,-2356,Blue,hatchback,dealer,Dalton Subaru National City,National City,auto.dev,12.5,194,5,2026-09-20,7,260,False,https://www.subarudalton.com/used-National+City-2019-Subaru-Impreza-20i+Sport-4S3GTAM61K3747005,
31.2,2019,Volkswagen,Jetta,1.4T SE ULEV 4dr Sedan (1.4L 4cyl Turbo 8A),11040,8019,,False,https://www.carfax.com/VehicleHistory/p/Report.cfx?vin=3VWCB7BU0KM209459&partner=FRD_2,4094,5892,1012,1229,119309,127309,0.46499999999999997,10611,-429,White,sedan,dealer,National City Automaxx,National City,auto.dev,0.0,548,11,2026-09-20,7,0,False,https://www.autolist.com/volkswagen-jetta#vin=3VWCB7BU0KM209459,
31.0,2019,Hyundai,Kona,SEL 4dr SUV (2.0L 4cyl 6A),13495,7988,0,False,https://www.carfax.com/VehicleHistory/p/Report.cfx?vin=KM8K22AA2KU274801&partner=FRD_2,4524,6398,819,1436,93391,101391,0.6000000000000001,13190,-305,Gray,small_suv,dealer,Laguna Niguel Hyundai,Laguna Niguel,auto.dev,0.0,191,1,2026-09-20,7,993,False,https://www.carfax.com/vehicle/KM8K22AA2KU274801,
31.0,2019,Honda,Accord,EX-L 4dr Sedan (1.5L 4cyl Turbo CVT),16509,9312,0,False,https://www.carfax.com/VehicleHistory/p/Report.cfx?vin=1HGCV1F50KA104042&partner=FRD_2,4725,7689,779,1689,136960,144960,0.46499999999999997,15748,-761,Black,sedan,dealer,Team Kia of El Cajon,El Cajon,auto.dev,55.8,689,6,2026-09-23,4,540,False,https://www.carfax.com/vehicle/1HGCV1F50KA104042,1.5L turbo oil dilution - warm climate helps; confirm it is not the turbo trim
31.0,2018,Honda,CR-V,EX 4dr SUV (1.5L 4cyl Turbo CVT),15131,8381,,False,https://www.carfax.com/VehicleHistory/p/Report.cfx?vin=2HKRW1H55JH503586&partner=FRD_2,4403,6617,1015,1573,110953,118953,0.6000000000000001,17261,2130,Gray,small_suv,dealer,1 Car Auto Dealer,San Diego,auto.dev,0.0,2141,5,2026-09-22,5,0,False,https://www.autolist.com/honda-cr+v#vin=2HKRW1H55JH503586,1.5L turbo oil dilution - warm climate helps; confirm it is not the turbo trim
31.0,2022,Honda,Accord,Sport 4dr Sedan (2.0L 4cyl gas/electric hybrid CVT),18055,12597,1,True,https://www.carfax.com/VehicleHistory/p/Report.cfx?vin=1HGCV3F20NA024763&partner=FRD_2,6862,11026,585,1819,150315,158315,0.26249999999999996,16894,-1161,Gray,sedan,dealer,Total Cars,San Diego,auto.dev,77.3,249,4,2026-09-25,2,0,False,https://www.carfax.com/vehicle/1HGCV3F20NA024763,1.5L turbo oil dilution - warm climate helps; confirm it is not the turbo trim
30.9,2018,Hyundai,Elantra,Value Edition 4dr Sedan (2.0L 4cyl 6A),13070,8880,0,False,https://www.carfax.com/VehicleHistory/p/Report.cfx?vin=KMHD84LF2JU628066&partner=FRD_2,3761,7188,809,1400,160988,168988,0.26249999999999996,8140,-4930,Black,sedan,dealer,PARADISE Chevrolet Cadillac,Temecula,auto.dev,73.1,282,,2026-09-26,1,6,False,https://www.paradiseautos.com/used-Temecula-2018-Hyundai-Elantra-SEL-KMHD84LF2JU628066,
30.7,2020,Toyota,Corolla,LE 4dr Sedan (1.8L 4cyl CVT),18990,8604,0,False,https://www.carfax.com/VehicleHistory/p/Report.cfx?vin=JTDEPRAE9LJ020553&partner=FRD_2,5306,7643,504,1897,38389,46389,0.75,19966,976,Blizzard Pearl,sedan,dealer,AutoNation Hyundai Carlsbad,Carlsbad,auto.dev,0.0,308,3,2026-09-20,7,485,False,https://bmwencinitas.com/used/Toyota/2020-Toyota-Corolla-8289966dac1813b262e6ac10094d1970.htm,
30.6,2019,Subaru,Crosstrek,2.0i Premium 4dr SUV AWD (2.0L 4cyl CVT),15755,8865,,False,https://www.carfax.com/VehicleHistory/p/Report.cfx?vin=JF2GTAEC7KH275420&partner=FRD_2,5318,7489,694,1625,93694,101694,0.6000000000000001,16250,495,Black,small_suv,dealer,DCH Honda Mission Valley,San Diego,auto.dev,27.0,284,7,2026-09-20,7,29,False,https://www.autolist.com/subaru-xv+crosstrek#vin=JF2GTAEC7KH275420,
30.6,2018,Mazda,Mazda6,Sport 4dr Sedan (2.5L 4cyl 6A),14055,8597,0,False,https://www.carfax.com/VehicleHistory/p/Report.cfx?vin=JM1GL1UM4J1303870&partner=FRD_2,4834,6761,881,1483,97061,105061,0.6000000000000001,15124,1069,Blue,sedan,dealer,Old Town Motors,Temecula,auto.dev,5.9,58,2,2026-09-24,3,1000,False,https://www.autolist.com/mazda-mazda6#vin=JM1GL1UM4J1303870,2.5L oil-consumption reports
30.6,2022,Toyota,Corolla,SE Apex Edition 4dr Sedan (2.0L 4cyl CVT),14957,9729,0,True,https://www.carfax.com/VehicleHistory/p/Report.cfx?vin=JTDS4MCEXNJ083871&partner=FRD_2,4362,8251,655,1558,162680,170680,0.26249999999999996,13422,-1535,White,sedan,dealer,Toyota of Hemet,Hemet,auto.dev,74.5,100,,2026-09-25,2,0,False,https://www.toyotahemet.com/viewdetails/used/jtds4mcexnj083871/2022-toyota-corolla-4dr-car?type=finance,
30.6,2021,Toyota,Corolla,LE 4dr Sedan (1.8L 4cyl CVT),17995,9564,0,False,https://www.carfax.com/VehicleHistory/p/Report.cfx?vin=5YFEPMAE7MP203420&partner=FRD_2,5957,8451,528,1814,98848,106848,0.6000000000000001,16798,-1197,Black Sand Pearl,sedan,dealer,SD Mission Auto Sales,Vista,auto.dev,48.1,185,1,2026-09-23,4,0,False,https://www.autolist.com/toyota-corolla#vin=5YFEPMAE7MP203420,
30.6,2016,Honda,Civic,EX 4dr Sedan w/Honda Sensing (2.0L 4cyl CVT),18083,10841,1,True,https://www.carfax.com/VehicleHistory/p/Report.cfx?vin=19XFC2F89GE201813&partner=FRD_2,7392,9644,641,1821,74353,82353,0.6900000000000001,16186,-1897,White,sedan,dealer,Pacific Honda,San Diego,auto.dev,46.4,1080,5,2026-09-23,4,0,False,https://www.autolist.com/honda-civic#vin=19XFC2F89GE201813,1.5L turbo oil dilution - warm climate helps; confirm it is not the turbo trim
30.5,2019,Toyota,Camry,LE 4dr Sedan (2.5L 4cyl 8A),19577,9118,,False,https://www.carfax.com/VehicleHistory/p/Report.cfx?vin=4T1B11HK1KU741119&partner=FRD_2,5443,7855,562,1946,84995,92995,0.6900000000000001,18140,-1437,White,sedan,dealer,Carco Sales & Finance,Poway,auto.dev,45.0,395,6,2026-09-20,7,311,False,https://www.autolist.com/toyota-camry#vin=4T1B11HK1KU741119,
30.5,2016,Honda,Civic,EX-L 4dr Sedan (1.5L 4cyl Turbo CVT),18998,9023,,False,https://www.carfax.com/VehicleHistory/p/Report.cfx?vin=2HGFC1F70GH654791&partner=FRD_2,5308,8114,628,1898,71969,79969,0.75,16307,-2691,Blue,sedan,dealer,CarMax El Cajon,El Cajon,auto.dev,46.4,1080,5,2026-09-20,7,0,False,https://www.autolist.com/honda-civic#vin=2HGFC1F70GH654791,1.5L turbo oil dilution - warm climate helps; confirm it is not the turbo trim
30.4,2019,Subaru,Legacy,2.5i 4dr Sedan AWD (2.5L 4cyl CVT),19080,8863,,False,https://www.carfax.com/VehicleHistory/p/Report.cfx?vin=4S3BNAB64K3006712&partner=FRD_2,5327,7676,535,1905,38821,46821,0.75,20706,1626,Blue,sedan,dealer,Auto City,El Cajon,auto.dev,10.5,123,3,2026-09-20,7,0,False,https://www.autolist.com/subaru-legacy#vin=4S3BNAB64K3006712,
30.4,2017,Toyota,Yaris iA,4dr Sedan (1.5L 4cyl 6A),17998,8750,,False,https://www.carfax.com/VehicleHistory/p/Report.cfx?vin=3MYDLBYV7HY183047&partner=FRD_2,5074,7727,618,1814,41640,49640,0.62,15617,-2381,White,sedan,dealer,CarMax Irvine,Irvine,auto.dev,20.5,31,,2026-09-26,1,0,False,https://www.autolist.com/toyota-yaris+ia#vin=3MYDLBYV7HY183047,"Mazda2 mechanicals, few complaints; thin resale market is the real cost"
30.4,2016,Honda,Civic,EX 4dr Sedan (2.0L 4cyl CVT),12300,9951,0,True,https://www.carfax.com/VehicleHistory/p/Report.cfx?vin=2HGFC2F75GH563814&partner=FRD_2,4937,7982,1036,1335,146344,154344,0.26249999999999996,12537,237,Black,sedan,dealer,Kia of Irvine,Irvine,auto.dev,46.4,1080,5,2026-09-25,2,200,False,https://www.kiaofirvine.com/viewdetails/used/2hgfc2f75gh563814/2016-honda-civic-sedan-4dr-car?type=cash,1.5L turbo oil dilution - warm climate helps; confirm it is not the turbo trim
30.2,2018,Subaru,Crosstrek,2.0i Limited 4dr SUV AWD (2.0L 4cyl CVT),16998,9990,1,True,https://www.carfax.com/VehicleHistory/p/Report.cfx?vin=JF2GTAJC7JH295431&partner=FRD_2,6506,8706,611,1730,100950,108950,0.6000000000000001,14995,-2003,Crystal Black Silica,small_suv,dealer,CarMax Murrieta,Murrieta,auto.dev,61.3,194,5,2026-09-24,3,0,False,https://www.autolist.com/subaru-xv+crosstrek#vin=JF2GTAJC7JH295431,
30.2,2018,Mazda,Mazda3,Grand Touring 4dr Hatchback (2.5L 4cyl 6A),17990,10515,1,False,https://www.carfax.com/VehicleHistory/p/Report.cfx?vin=3MZBN1M38JM269573&partner=FRD_2,7408,9268,598,1813,73354,81354,0.7360000000000001,15191,-2799,Gray,hatchback,dealer,National City Auto Center,National City,auto.dev,32.4,108,4,2026-09-19,8,0,False,https://www.autolist.com/mazda-mazda3#vin=3MZBN1M38JM269573,Rearview camera recall 23V-487; infotainment 'ghost touch'
30.2,2019,Toyota,Camry,XLE 4dr Sedan (2.5L 4cyl 8A),19888,11477,1,False,https://www.carfax.com/VehicleHistory/p/Report.cfx?vin=4T1B11HK9KU270403&partner=FRD_2,8053,10124,534,1973,79988,87988,0.6900000000000001,18404,-1484,Silver,sedan,dealer,East County Pre-Owned,El Cajon,auto.dev,45.0,395,6,2026-09-20,7,0,False,https://www.eastcountypreowned.com/pre-owned-cars/detail/x/1562529,
30.2,2020,Toyota,Corolla,LE 4dr Sedan (1.8L 4cyl CVT),12500,8716,1,False,https://www.carfax.com/VehicleHistory/p/Report.cfx?vin=5YFEPRAE9LP009306&partner=FRD_2,4854,6834,1009,1352,127619,135619,0.46499999999999997,14475,1975,Classic Silver Metallic,sedan,dealer,Babaz Motors,San Diego,auto.dev,0.0,308,3,2026-09-20,7,699,False,https://www.autolist.com/toyota-corolla#vin=5YFEPRAE9LP009306,
30.1,2019,Honda,Accord,EX-L 4dr Sedan (2.0L 4cyl gas/electric hybrid CVT),19995,12182,1,True,https://www.carfax.com/VehicleHistory/p/Report.cfx?vin=1HGCV3F52KA004374&partner=FRD_2,8381,10829,554,1982,92668,100668,0.6000000000000001,18057,-1938,Gray,sedan,dealer,So Cal Performance SD LLC,San Diego,auto.dev,55.8,689,6,2026-09-24,3,0,False,https://www.carfax.com/vehicle/1HGCV3F52KA004374,1.5L turbo oil dilution - warm climate helps; confirm it is not the turbo trim
30.0,2020,Nissan,Sentra,SV 4dr Sedan (2.0L 4cyl CVT),13995,8648,1,False,https://www.carfax.com/VehicleHistory/p/Report.cfx?vin=3N1AB8CV5LY285618&partner=FRD_2,5761,7218,600,1478,75236,83236,0.6900000000000001,13448,-547,Silver,sedan,dealer,Good Guys Auto Sales,San Diego,auto.dev,5.1,205,4,2026-09-20,7,0,False,https://www.carfax.com/vehicle/3N1AB8CV5LY285618,Nissan CVT history - replacement can exceed the car's value (improved 2020 redesign)
29.8,2019,Volkswagen,Jetta,1.4T SEL 4dr Sedan (1.4L 4cyl Turbo 8A),17202,8308,0,False,https://www.carfax.com/VehicleHistory/p/Report.cfx?vin=3VWE57BU6KM111892&partner=FRD_2,4887,6997,569,1747,43980,51980,0.75,15840,-1362,White,sedan,dealer,Mercedes-Benz of Carlsbad,Carlsbad,auto.dev,0.0,548,11,2026-09-20,7,0,False,https://www.carfax.com/vehicle/3VWE57BU6KM111892,
29.7,2020,Hyundai,Kona,SE 4dr SUV (2.0L 4cyl 6A),17998,8272,,False,https://www.carfax.com/VehicleHistory/p/Report.cfx?vin=KM8K12AA1LU566055&partner=FRD_2,5074,7284,484,1814,50478,58478,0.75,16953,-1045,Gray,small_suv,dealer,CarMax Irvine,Irvine,auto.dev,7.0,158,2,2026-09-26,1,0,False,https://www.autolist.com/hyundai-kona#vin=KM8K12AA1LU566055,
29.7,2019,Toyota,Camry,LE 4dr Sedan (2.5L 4cyl 8A),16999,11739,1,False,https://www.carfax.com/VehicleHistory/p/Report.cfx?vin=4T1B11HK9KU756676&partner=FRD_2,7607,10054,721,1730,113788,121788,0.46499999999999997,16622,-377,Unspecified,sedan,dealer,Prestige Auto Source,National City,auto.dev,45.0,395,6,2026-09-22,5,0,False,https://www.carfax.com/vehicle/4T1B11HK9KU756676,
29.6,2019,Honda,Accord,EX 4dr Sedan (2.0L 4cyl gas/electric hybrid CVT),17490,11069,1,False,https://www.carfax.com/VehicleHistory/p/Report.cfx?vin=1HGCV3F45KA009236&partner=FRD_2,6671,9441,739,1771,128970,136970,0.46499999999999997,16165,-1325,Gray,sedan,dealer,San Diego Car Sales LLC,Escondido,auto.dev,55.8,689,6,2026-09-23,4,0,False,https://www.autolist.com/honda-accord+hybrid#vin=1HGCV3F45KA009236,1.5L turbo oil dilution - warm climate helps; confirm it is not the turbo trim
29.5,2017,Honda,CR-V,EX 4dr SUV (1.5L 4cyl Turbo CVT),13628,8637,0,True,https://www.carfax.com/VehicleHistory/p/Report.cfx?vin=2HKRW1H50HH508348&partner=FRD_2,3891,6687,1187,1447,141726,149726,0.46499999999999997,14718,1090,Black,small_suv,dealer,Cruise Auto Sales LLC,La Mesa,auto.dev,16.4,1768,7,2026-09-20,7,0,False,https://www.autolist.com/honda-cr+v#vin=2HKRW1H50HH508348,1.5L turbo oil dilution - warm climate helps; confirm it is not the turbo trim
29.5,2020,Honda,CR-V,EX 4dr SUV (1.5L 4cyl Turbo CVT),17803,12546,0,True,https://www.carfax.com/VehicleHistory/p/Report.cfx?vin=2HKRW1H51LH423740&partner=FRD_2,6995,11028,634,1797,146222,154222,0.26249999999999996,16641,-1162,Silver,small_suv,dealer,Pacific Honda,San Diego,auto.dev,78.3,353,7,2026-09-25,2,0,False,https://www.autolist.com/honda-cr+v#vin=2HKRW1H51LH423740,1.5L turbo oil dilution - warm climate helps; confirm it is not the turbo trim
29.2,2016,Mazda,CX-5,Touring 4dr SUV (2.5L 4cyl 6A),13129,8929,1,True,https://www.carfax.com/VehicleHistory/p/Report.cfx?vin=JM3KE2CYXG0764396&partner=FRD_2,5066,7054,1058,1405,107362,115362,0.6000000000000001,14354,1225,Gray,small_suv,dealer,Carz Land,San Diego,auto.dev,9.6,510,5,2026-09-20,7,300,False,https://www.carfax.com/vehicle/JM3KE2CYXG0764396,
29.2,2016,Mazda,CX-3,Touring 4dr SUV AWD (2.0L 4cyl 6A),16625,8396,,False,https://www.carfax.com/VehicleHistory/p/Report.cfx?vin=JM1DKFC70G0137828&partner=FRD_2,4753,7196,783,1699,62324,70324,0.75,15515,-1110,Gray,small_suv,dealer,Hello Mazda of San Diego,San Diego,auto.dev,0.0,48,3,2026-09-22,5,0,False,https://www.autolist.com/mazda-cx+3#vin=JM1DKFC70G0137828,
29.2,2016,Honda,Civic,Touring 4dr Sedan (1.5L 4cyl Turbo CVT),11985,8975,0,False,https://www.carfax.com/VehicleHistory/p/Report.cfx?vin=19XFC1F95GE201021&partner=FRD_2,3507,6932,1160,1309,168829,176829,0.26249999999999996,11397,-588,Gray,sedan,dealer,West Coast Auto Finance,San Marcos,auto.dev,46.4,1080,5,2026-09-25,2,0,False,https://www.carfax.com/vehicle/19XFC1F95GE201021,1.5L turbo oil dilution - warm climate helps; confirm it is not the turbo trim
29.1,2021,Kia,Seltos,S 4dr SUV AWD (1.6L 4cyl Turbo 7AM),13055,8377,1,True,https://www.carfax.com/VehicleHistory/p/Report.cfx?vin=KNDEUCA24M7099852&partner=FRD_2,5041,6735,817,1399,110636,118636,0.6000000000000001,13628,573,White,small_suv,dealer,Total Cars,San Diego,auto.dev,0.0,369,2,2026-09-20,7,0,False,https://www.carfax.com/vehicle/KNDEUCA24M7099852,
29.1,2017,Honda,Civic,Sport 4dr Hatchback (1.5L 4cyl Turbo CVT),19076,11980,1,True,https://www.carfax.com/VehicleHistory/p/Report.cfx?vin=SHHFK7H43HU426295&partner=FRD_2,7204,10648,800,1904,138143,146143,0.46499999999999997,13576,-5500,Blue,hatchback,dealer,PARADISE Chevrolet Cadillac,Temecula,auto.dev,65.9,593,6,2026-09-26,1,0,False,https://www.paradiseautos.com/used-Temecula-2017-Honda-Civic-Sport-SHHFK7H43HU426295,1.5L turbo oil dilution - warm climate helps; confirm it is not the turbo trim
28.8,2019,Honda,CR-V,LX 4dr SUV AWD (2.4L 4cyl CVT),18985,10128,,False,https://www.carfax.com/VehicleHistory/p/Report.cfx?vin=5J6RW6H3XKL002261&partner=FRD_2,6239,8875,631,1897,95035,103035,0.6000000000000001,18929,-56,Black,small_suv,dealer,SIRY MOTORS,San Diego,auto.dev,42.1,1099,8,2026-09-22,5,0,False,https://www.autolist.com/honda-cr+v#vin=5J6RW6H3XKL002261,1.5L turbo oil dilution - warm climate helps; confirm it is not the turbo trim
28.6,2019,Toyota,Corolla,L 4dr Sedan (1.8L 4cyl CVT),13700,10299,,False,https://www.carfax.com/VehicleHistory/p/Report.cfx?vin=2T1BURHE4KC163518&partner=FRD_2,5426,8539,836,1453,147931,155931,0.26249999999999996,12673,-1027,Silver,sedan,dealer,Carco Sales & Finance,Poway,auto.dev,55.6,203,5,2026-09-25,2,0,False,https://www.autolist.com/toyota-corolla#vin=2T1BURHE4KC163518,
28.5,2019,Honda,Accord,4dr Sedan (2.0L 4cyl gas/electric hybrid CVT),19919,9747,0,False,https://www.carfax.com/VehicleHistory/p/Report.cfx?vin=1HGCV3F16KA014502&partner=FRD_2,5523,8470,628,1975,107179,115179,0.6000000000000001,17300,-2619,Unspecified,sedan,dealer,Team Kia of El Cajon,El Cajon,auto.dev,55.8,689,6,2026-09-27,0,0,False,https://www.autolist.com/honda-accord+hybrid#vin=1HGCV3F16KA014502,1.5L turbo oil dilution - warm climate helps; confirm it is not the turbo trim
28.4,2019,Volkswagen,Jetta,S 4dr Sedan (2.0L 4cyl Turbo 6M),15710,9231,1,False,https://www.carfax.com/VehicleHistory/p/Report.cfx?vin=3VW5T7BUXKM141676&partner=FRD_2,6074,7762,569,1622,36268,44268,0.75,16375,665,Black,sedan,dealer,Total Cars,San Diego,auto.dev,0.0,548,11,2026-09-20,7,0,False,https://www.carfax.com/vehicle/3VW5T7BUXKM141676,
28.3,2019,Toyota,Camry,XSE 4dr Sedan (2.5L 4cyl 8A),16860,9465,,False,https://www.carfax.com/VehicleHistory/p/Report.cfx?vin=4T1B61HK9KU747171&partner=FRD_2,4807,7837,799,1718,127715,135715,0.46499999999999997,15888,-972,,sedan,dealer,World Auto Sales,San Diego,auto.dev,45.0,395,6,2026-09-20,7,0,False,https://www.autolist.com/toyota-camry#vin=4T1B61HK9KU747171,
28.3,2023,Honda,CR-V,LX 4dr SUV AWD (1.5L 4cyl Turbo CVT),19129,11633,1,True,https://www.carfax.com/VehicleHistory/p/Report.cfx?vin=2HKRS4H20PH421700&partner=FRD_2,7222,10262,665,1909,134604,142604,0.46499999999999997,19513,384,White,small_suv,dealer,Carz Land,San Diego,auto.dev,50.0,,,2026-09-20,7,370,False,https://www.carfax.com/vehicle/2HKRS4H20PH421700,
28.2,2019,Mazda,CX-5,Sport 4dr SUV (2.5L 4cyl 6A),15053,9088,1,False,https://www.carfax.com/VehicleHistory/p/Report.cfx?vin=JM3KFABM9K1566627&partner=FRD_2,5852,7467,765,1566,86269,94269,0.6900000000000001,17562,2509,Black,small_suv,dealer,Auto Gallery,San Diego,auto.dev,0.0,270,2,2026-09-20,7,0,False,https://www.autolist.com/mazda-cx+5#vin=JM3KFABM9K1566627,2.5L oil-consumption reports at low mileage
28.2,2020,Toyota,Corolla,LE 4dr Sedan (1.8L 4cyl CVT),18621,8554,0,True,https://www.carfax.com/VehicleHistory/p/Report.cfx?vin=5YFEPRAE1LP056832&partner=FRD_2,5219,7509,571,1866,68989,76989,0.75,18083,-538,Blue,sedan,dealer,Toyota of El Cajon,El Cajon,auto.dev,0.0,308,3,2026-09-20,7,0,False,https://www.carfax.com/vehicle/5YFEPRAE1LP056832,
28.2,2020,Toyota,Corolla,SE Nightshade 4dr Sedan (2.0L 4cyl CVT),18994,8604,0,False,https://www.carfax.com/VehicleHistory/p/Report.cfx?vin=5YFS4RCE7LP023309&partner=FRD_2,5306,7644,504,1897,59631,67631,0.75,18659,-335,Silver,sedan,dealer,Maverick Toyota,Lemon Grove,auto.dev,0.0,308,3,2026-09-23,4,706,False,https://www.mavericktoyota.com/used-Lemon+Grove-2020-Toyota-Corolla-SE-5YFS4RCE7LP023309,
28.1,2017,Volkswagen,Golf,TSI Wolfsburg Edition 4dr Hatchback (1.8L 4cyl Turbo 5M),16998,10154,1,True,https://www.carfax.com/VehicleHistory/p/Report.cfx?vin=3VW117AU1HM073783&partner=FRD_2,6506,8706,700,1730,39382,47382,0.75,16847,-151,Tungsten Silver Metallic,hatchback,dealer,CarMax El Cajon,El Cajon,auto.dev,0.0,189,5,2026-09-20,7,0,False,https://www.autolist.com/volkswagen-golf#vin=3VW117AU1HM073783,Timing-chain tensioner and DSG mechatronic history; parts cost more
28.1,2019,Toyota,Camry,LE 4dr Sedan (2.5L 4cyl gas/electric hybrid CVT),16995,10892,1,True,https://www.carfax.com/VehicleHistory/p/Report.cfx?vin=4T1B31HK8KU514732&partner=FRD_2,6506,9194,790,1730,126221,134221,0.46499999999999997,15967,-1028,White,sedan,dealer,Premier Chevrolet of Carlsbad,Carlsbad,auto.dev,45.0,395,6,2026-09-20,7,88,False,https://www.autolist.com/toyota-camry+hybrid#vin=4T1B31HK8KU514732,
27.9,2019,Honda,CR-V,EX 4dr SUV (1.5L 4cyl Turbo CVT),17065,9411,,False,https://www.carfax.com/VehicleHistory/p/Report.cfx?vin=5J6RW1H56KA020174&partner=FRD_2,4855,7923,788,1735,122656,130656,0.46499999999999997,17301,236,Black,small_suv,dealer,La Mesa Pre-Owned,San Diego,auto.dev,42.1,1099,8,2026-09-22,5,0,False,https://www.autolist.com/honda-cr+v#vin=5J6RW1H56KA020174,1.5L turbo oil dilution - warm climate helps; confirm it is not the turbo trim
27.7,2019,Volkswagen,Jetta,1.4T S 4dr Sedan (1.4L 4cyl Turbo 8A),15485,8380,,False,https://www.carfax.com/VehicleHistory/p/Report.cfx?vin=3VWC57BU9KM268226&partner=FRD_2,4990,6805,668,1603,73231,81231,0.6900000000000001,13810,-1675,Black,sedan,dealer,SIRY MOTORS,San Diego,auto.dev,0.0,548,11,2026-09-20,7,0,False,https://www.autolist.com/volkswagen-jetta#vin=3VWC57BU9KM268226,
27.7,2018,Toyota,Camry,L 4dr Sedan (2.5L 4cyl 8A),15680,8681,,False,https://www.carfax.com/VehicleHistory/p/Report.cfx?vin=JTNB11HK8J3010109&partner=FRD_2,4531,6829,1008,1619,109996,117996,0.6000000000000001,16188,508,White,sedan,dealer,Auto City,El Cajon,auto.dev,0.0,741,8,2026-09-24,3,0,False,https://www.autolist.com/toyota-camry#vin=JTNB11HK8J3010109,
27.6,2019,Honda,CR-V,EX-L 4dr SUV (1.5L 4cyl Turbo CVT),17680,10672,,False,https://www.carfax.com/VehicleHistory/p/Report.cfx?vin=5J6RW1H8XKA006174&partner=FRD_2,6301,9198,735,1787,113328,121328,0.46499999999999997,17851,171,Gray,small_suv,dealer,Auto City,El Cajon,auto.dev,42.1,1099,8,2026-09-22,5,0,False,https://www.autolist.com/honda-cr+v#vin=5J6RW1H8XKA006174,1.5L turbo oil dilution - warm climate helps; confirm it is not the turbo trim
27.3,2019,Subaru,Crosstrek,2.0i Limited 4dr SUV AWD (2.0L 4cyl CVT),19860,10628,1,False,https://www.carfax.com/VehicleHistory/p/Report.cfx?vin=JF2GTAMCXKH216542&partner=FRD_2,7468,9622,481,1970,50964,58964,0.75,19234,-626,Silver/Gray,small_suv,dealer,AutoNation Toyota Irvine,Irvine,auto.dev,27.0,284,7,2026-09-23,4,0,False,https://www.carfax.com/vehicle/JF2GTAMCXKH216542,
27.3,2020,Toyota,Corolla,LE 4dr Sedan (1.8L 4cyl CVT),16202,8493,0,False,https://www.carfax.com/VehicleHistory/p/Report.cfx?vin=JTDEPRAE6LJ030134&partner=FRD_2,4653,7031,842,1663,105215,113215,0.6000000000000001,15854,-348,Gray,sedan,dealer,Temecula Valley Toyota,Temecula,auto.dev,0.0,308,3,2026-09-23,4,0,False,https://www.carfax.com/vehicle/JTDEPRAE6LJ030134,
27.2,2021,Honda,CR-V,EX 4dr SUV (1.5L 4cyl Turbo CVT),19394,11323,0,True,https://www.carfax.com/VehicleHistory/p/Report.cfx?vin=2HKRW1H52MH422291&partner=FRD_2,6833,10022,629,1931,119128,127128,0.46499999999999997,18967,-427,White,small_suv,dealer,Toyota of Hemet,Hemet,auto.dev,50.0,,,2026-09-22,5,468,False,https://www.toyotahemet.com/viewdetails/used/2hkrw1h52mh422291/2021-honda-cr-v-sport-utility?type=finance,
27.0,2016,Nissan,Sentra,SR 4dr Sedan (1.8L 4cyl CVT),10998,8272,1,False,https://www.carfax.com/VehicleHistory/p/Report.cfx?vin=3N1AB7AP4GY272170&partner=FRD_2,4822,6376,1029,1226,95277,103277,0.6000000000000001,8718,-2280,Super Black,sedan,dealer,CarMax Oceanside,Oceanside,auto.dev,0.0,270,6,2026-09-20,7,0,False,https://www.autolist.com/nissan-sentra#vin=3N1AB7AP4GY272170,Nissan CVT history - replacement can exceed the car's value
26.9,2019,Subaru,Crosstrek,2.0i Premium 4dr SUV AWD (2.0L 4cyl CVT),19422,10451,1,False,https://www.carfax.com/VehicleHistory/p/Report.cfx?vin=JF2GTACC2KH363259&partner=FRD_2,7320,9425,482,1933,60155,68155,0.75,18592,-830,Dark Gray Metallic,small_suv,dealer,AutoNation Subaru Carlsbad,Carlsbad,auto.dev,27.0,284,7,2026-09-20,7,0,False,https://bmwencinitas.com/used/Subaru/2019-Subaru-Crosstrek-5bb57125ac183155ec812252e842d3aa.htm,
26.9,2019,Subaru,Crosstrek,2.0i Premium 4dr SUV AWD (2.0L 4cyl CVT),14207,9166,0,True,https://www.carfax.com/VehicleHistory/p/Report.cfx?vin=JF2GTACC6K8296438&partner=FRD_2,5222,7528,841,1495,116970,124970,0.46499999999999997,14624,417,Gray,small_suv,dealer,Temecula Valley Toyota,Temecula,auto.dev,27.0,284,7,2026-09-20,7,777,False,https://www.carfax.com/vehicle/JF2GTACC6K8296438,
26.4,2019,Honda,CR-V,,18169,10895,0,False,https://www.carfax.com/VehicleHistory/p/Report.cfx?vin=5J6RW1H54KA040469&partner=FRD_2,6453,9433,742,1828,114518,122518,0.46499999999999997,17780,-389,Gray,small_suv,dealer,crown lexus,Ontario,auto.dev,42.1,1099,8,2026-09-26,1,0,False,https://crownlexus.com/used/Honda/2019-Honda-CR-V-cb783888ac183e1692c7be592b0ab7c4.htm,1.5L turbo oil dilution - warm climate helps; confirm it is not the turbo trim
26.4,2022,Honda,CR-V,Touring 4dr SUV AWD (2.0L 4cyl gas/electric hybrid CVT),19565,10220,0,False,https://www.carfax.com/VehicleHistory/p/Report.cfx?vin=5J6RT6H99NL003256&partner=FRD_2,5440,8975,654,1945,132589,140589,0.46499999999999997,18903,-662,Black,small_suv,dealer,Rancho Santa Margarita Honda,Rancho Santa Margarita,auto.dev,50.0,,,2026-09-27,0,0,False,https://www.carfax.com/vehicle/5J6RT6H99NL003256,
26.1,2021,Kia,Seltos,SX 4dr SUV AWD (1.6L 4cyl Turbo 7AM),19040,8554,,False,https://www.carfax.com/VehicleHistory/p/Report.cfx?vin=KNDETCA26M7199681&partner=FRD_2,5317,7661,439,1901,54088,62088,0.75,17448,-1592,White,small_suv,dealer,World Auto Sales,San Diego,auto.dev,0.0,369,2,2026-09-20,7,0,False,https://www.autolist.com/kia-seltos#vin=KNDETCA26M7199681,
26.0,2017,Honda,CR-V,EX 4dr SUV (1.5L 4cyl Turbo CVT),18142,9063,,False,https://www.carfax.com/VehicleHistory/p/Report.cfx?vin=7FARW1H55HE030916&partner=FRD_2,5107,7782,791,1826,83163,91163,0.6900000000000001,18170,28,Gray,small_suv,dealer,Diamond Auto Sales,El Cajon,auto.dev,16.4,1768,7,2026-09-22,5,0,False,https://www.autolist.com/honda-cr+v#vin=7FARW1H55HE030916,1.5L turbo oil dilution - warm climate helps; confirm it is not the turbo trim
25.7,2019,Honda,Accord,Sport 4dr Sedan (2.0L 4cyl Turbo 10A),19010,10224,0,False,https://www.carfax.com/VehicleHistory/p/Report.cfx?vin=1HGCV2F33KA033312&partner=FRD_2,5311,8742,747,1899,130574,138574,0.46499999999999997,16081,-2929,Black,sedan,dealer,Norm Reeves Honda Superstore Irvine,Irvine,auto.dev,55.8,689,6,2026-09-20,7,0,False,https://www.autolist.com/honda-accord#vin=1HGCV2F33KA033312,1.5L turbo oil dilution - warm climate helps; confirm it is not the turbo trim
25.1,2019,Subaru,Crosstrek,2.0i Limited 4dr SUV AWD (2.0L 4cyl CVT),18683,10811,1,False,https://www.carfax.com/VehicleHistory/p/Report.cfx?vin=JF2GTANC5KH234042&partner=FRD_2,7611,9553,595,1871,77942,85942,0.6900000000000001,17350,-1333,Blue,small_suv,dealer,Dalton Subaru National City,National City,auto.dev,27.0,284,7,2026-09-20,7,90,False,https://www.subarudalton.com/used-National+City-2019-Subaru-Crosstrek-20i+Limited-JF2GTANC5KH234042,
25.1,2021,Kia,Seltos,S 4dr SUV (2.0L 4cyl CVT),9876,8413,1,True,https://www.carfax.com/VehicleHistory/p/Report.cfx?vin=KNDEU2AA3M7057089&partner=FRD_2,3973,6224,1151,1132,155457,163457,0.26249999999999996,10600,724,White,small_suv,dealer,DCH Kia of Temecula,Temecula,auto.dev,0.0,369,2,2026-09-25,2,0,False,https://dchkiaoftemecula.com/used/Kia/2021-Kia-Seltos-serving-temecula-ca-5dfc6144ac1838d3a7ca1ee0034037f8.htm,
24.9,2019,Honda,CR-V,Touring 4dr SUV (1.5L 4cyl Turbo CVT),18065,9816,,False,https://www.carfax.com/VehicleHistory/p/Report.cfx?vin=7FARW1H91KE008373&partner=FRD_2,5089,8344,816,1819,127715,135715,0.46499999999999997,17002,-1063,White,small_suv,dealer,La Mesa Pre-Owned,San Diego,auto.dev,42.1,1099,8,2026-09-22,5,0,False,https://www.autolist.com/honda-cr+v#vin=7FARW1H91KE008373,1.5L turbo oil dilution - warm climate helps; confirm it is not the turbo trim
24.8,2016,Nissan,Sentra,SV 4dr Sedan (1.8L 4cyl CVT),7350,7846,1,False,https://www.carfax.com/VehicleHistory/p/Report.cfx?vin=3N1AB7AP3GY305885&partner=FRD_2,3727,5316,1406,919,145781,153781,0.26249999999999996,5786,-1564,Gun Metallic,sedan,dealer,Hello Mazda of San Diego,San Diego,auto.dev,0.0,270,6,2026-09-25,2,0,False,https://www.autolist.com/nissan-sentra#vin=3N1AB7AP3GY305885,Nissan CVT history - replacement can exceed the car's value
24.8,2019,Hyundai,Kona,Iron Man 4dr SUV AWD (1.6L 4cyl Turbo 7AM),18920,8646,0,True,https://www.carfax.com/VehicleHistory/p/Report.cfx?vin=KM8K5CA52KU383291&partner=FRD_2,5289,7617,569,1891,39137,47137,0.75,17675,-1245,Gray,small_suv,dealer,Encinitas Ford,Encinitas,auto.dev,0.0,191,1,2026-09-25,2,122,False,https://www.autolist.com/hyundai-kona#vin=KM8K5CA52KU383291,
24.7,2019,Volkswagen,Jetta,1.4T SEL Premium w/CWP 4dr Sedan (1.4L 4cyl Turbo 8A),15145,9081,1,False,https://www.carfax.com/VehicleHistory/p/Report.cfx?vin=3VWG57BU6KM093712&partner=FRD_2,5883,7509,649,1574,70677,78677,0.75,13987,-1158,Gray,sedan,dealer,San Diego Car Sales LLC,Escondido,auto.dev,0.0,548,11,2026-09-20,7,0,False,https://www.carfax.com/vehicle/3VWG57BU6KM093712,
24.6,2015,Toyota,Camry Hybrid,XLE 4dr Sedan (2.5L 4cyl gas/electric hybrid CVT),19082,9333,,False,https://www.carfax.com/VehicleHistory/p/Report.cfx?vin=4T1BD1FK0FU167869&partner=FRD_2,5327,8146,831,1905,58040,66040,0.75,19082,0,Silver,sedan,dealer,Carros N Trucks,Escondido,auto.dev,0.0,275,,2026-09-20,7,0,False,https://www.autolist.com/toyota-camry+hybrid#vin=4T1BD1FK0FU167869,
24.6,2015,Honda,Fit,EX 4dr Hatchback (1.5L 4cyl CVT),12995,9976,1,True,https://www.carfax.com/VehicleHistory/p/Report.cfx?vin=3HGGK5H8XFM761383&partner=FRD_2,5864,7995,1249,1394,116010,124010,0.46499999999999997,12835,-160,White,hatchback,dealer,Prime Auto Imports,San Diego,auto.dev,0.0,282,4,2026-09-24,3,0,False,https://www.carfax.com/vehicle/3HGGK5H8XFM761383,
24.5,2019,Subaru,Crosstrek,2.0i Limited 4dr SUV AWD (2.0L 4cyl CVT),18949,9313,0,False,https://www.carfax.com/VehicleHistory/p/Report.cfx?vin=JF2GTAMC7K8322060&partner=FRD_2,5918,8157,595,1894,77914,85914,0.6900000000000001,17352,-1597,Gray,small_suv,dealer,Mercedes-Benz of Laguna Niguel,Laguna Niguel,auto.dev,27.0,284,7,2026-09-23,4,270,False,https://www.autolist.com/subaru-xv+crosstrek#vin=JF2GTAMC7K8322060,
24.5,2020,Subaru,Legacy,Limited 4dr Sedan AWD (2.5L 4cyl CVT),14413,8851,0,False,https://www.carfax.com/VehicleHistory/p/Report.cfx?vin=4S3BWAN69L3002178&partner=FRD_2,4235,6807,1109,1513,140965,148965,0.46499999999999997,15788,1375,White,sedan,dealer,Toyota Carlsbad,Carlsbad,auto.dev,0.0,121,6,2026-09-20,7,0,False,https://toyotacarlsbad.com/used/Subaru/2020-Subaru-Legacy-2bd9ec33ac1832e951f5fea7f4156937.htm,
24.4,2017,Honda,CR-V,Touring 4dr SUV (1.5L 4cyl Turbo CVT),18825,11372,1,True,https://www.carfax.com/VehicleHistory/p/Report.cfx?vin=2HKRW1H98HH508794&partner=FRD_2,7663,10011,758,1883,78299,86299,0.6900000000000001,18457,-368,Black,small_suv,dealer,Porsche San Diego,San Diego,auto.dev,16.4,1768,7,2026-09-20,7,255,False,https://www.carfax.com/vehicle/2HKRW1H98HH508794,1.5L turbo oil dilution - warm climate helps; confirm it is not the turbo trim
24.3,2017,Honda,CR-V,LX 4dr SUV AWD (2.4L 4cyl CVT),19080,11463,1,False,https://www.carfax.com/VehicleHistory/p/Report.cfx?vin=2HKRW6H3XHH214984&partner=FRD_2,7757,10138,733,1905,74562,82562,0.6900000000000001,18677,-403,White,small_suv,dealer,Perry Ford National City,National City,auto.dev,16.4,1768,7,2026-09-25,2,0,False,https://www.autolist.com/honda-cr+v#vin=2HKRW6H3XHH214984,1.5L turbo oil dilution - warm climate helps; confirm it is not the turbo trim
24.2,2021,Kia,Seltos,EX 4dr SUV AWD (2.0L 4cyl CVT),10625,8177,0,True,https://www.carfax.com/VehicleHistory/p/Report.cfx?vin=KNDERCAA5M7168668&partner=FRD_2,3189,5951,1256,1195,169513,177513,0.26249999999999996,9650,-975,Steel Gray,small_suv,dealer,Hello Mazda of Temecula,Temecula,auto.dev,0.0,369,2,2026-09-25,2,160,False,https://www.autolist.com/kia-seltos#vin=KNDERCAA5M7168668,
24.2,2020,Toyota,Corolla,SE Nightshade 4dr Sedan (2.0L 4cyl CVT),18577,8721,,False,https://www.carfax.com/VehicleHistory/p/Report.cfx?vin=5YFS4RCE9LP048261&partner=FRD_2,5209,7493,683,1862,83975,91975,0.6900000000000001,17161,-1416,Silver,sedan,dealer,Carco Sales & Finance,Poway,auto.dev,0.0,308,3,2026-09-20,7,0,False,https://www.autolist.com/toyota-corolla#vin=5YFS4RCE9LP048261,
24.1,2018,Toyota,Camry,L 4dr Sedan (2.5L 4cyl 8A),19400,9064,0,False,https://www.carfax.com/VehicleHistory/p/Report.cfx?vin=4T1B11HK9JU113226&partner=FRD_2,5402,7792,635,1932,59911,67911,0.75,18828,-572,Black,sedan,dealer,Dalton Hyundai,National City,auto.dev,0.0,741,8,2026-09-22,5,0,False,https://www.subarudalton.com/used-National+City-2018-Toyota-Camry-LE-4T1B11HK9JU113226,
23.9,2016,Mazda,CX-5,Touring 4dr SUV AWD (2.5L 4cyl 6A),15277,9268,,False,https://www.carfax.com/VehicleHistory/p/Report.cfx?vin=JM3KE4CY3G0774974&partner=FRD_2,5182,7635,956,1585,92918,100918,0.6000000000000001,15212,-65,Black,small_suv,dealer,Carco Sales & Finance,Poway,auto.dev,9.6,510,5,2026-09-20,7,0,False,https://www.autolist.com/mazda-cx+5#vin=JM3KE4CY3G0774974,
23.9,2018,Honda,Accord,LX 4dr Sedan (1.5L 4cyl Turbo CVT),12173,9187,0,False,https://www.carfax.com/VehicleHistory/p/Report.cfx?vin=1HGCV1F15JA036090&partner=FRD_2,3551,6734,1338,1325,154169,162169,0.26249999999999996,14237,2064,Gray,sedan,dealer,Cruise Auto Sales LLC,La Mesa,auto.dev,0.0,1881,6,2026-09-25,2,0,False,https://www.carfax.com/vehicle/1HGCV1F15JA036090,1.5L turbo oil dilution - warm climate helps; confirm it is not the turbo trim
23.7,2017,Honda,CR-V,EX-L 4dr SUV (1.5L 4cyl Turbo CVT),14922,9208,0,False,https://www.carfax.com/VehicleHistory/p/Report.cfx?vin=7FARW1H89HE046689&partner=FRD_2,4353,7384,1116,1555,131231,139231,0.46499999999999997,15337,415,Black,small_suv,dealer,Maverick Toyota,Lemon Grove,auto.dev,16.4,1768,7,2026-09-20,7,963,False,https://www.mavericktoyota.com/used-Lemon+Grove-2017-Honda-CR+V-EX+L-7FARW1H89HE046689,1.5L turbo oil dilution - warm climate helps; confirm it is not the turbo trim
23.6,2017,Honda,CR-V,EX-L 4dr SUV w/Navigation (1.5L 4cyl Turbo CVT),18588,9252,,False,https://www.carfax.com/VehicleHistory/p/Report.cfx?vin=5J6RW1H87HL000877&partner=FRD_2,5211,7954,831,1863,88995,96995,0.6900000000000001,17827,-761,White,small_suv,dealer,Norm Reeves Volkswagen Superstore,Irvine,auto.dev,16.4,1768,7,2026-09-22,5,0,False,https://www.autolist.com/honda-cr+v#vin=5J6RW1H87HL000877,1.5L turbo oil dilution - warm climate helps; confirm it is not the turbo trim
23.5,2018,Toyota,Camry,LE 4dr Sedan (2.5L 4cyl 8A),15010,9914,,False,https://www.carfax.com/VehicleHistory/p/Report.cfx?vin=4T1B11HK3JU002316&partner=FRD_2,5472,7915,1034,1563,113461,121461,0.46499999999999997,16005,995,Gray,sedan,dealer,Norm Reeves Toyota San Diego,San Diego,auto.dev,0.0,741,8,2026-09-23,4,0,False,https://www.autolist.com/toyota-camry#vin=4T1B11HK3JU002316,
23.5,2017,Honda,CR-V,EX-L 4dr SUV (1.5L 4cyl Turbo CVT),19464,10010,0,True,https://www.carfax.com/VehicleHistory/p/Report.cfx?vin=7FARW1H83HE020329&partner=FRD_2,6056,8818,732,1937,74397,82397,0.6900000000000001,18687,-777,Blue,small_suv,dealer,Lake Elsinore Honda,Lake Elsinore,auto.dev,16.4,1768,7,2026-09-26,1,0,False,https://www.autolist.com/honda-cr+v#vin=7FARW1H83HE020329,1.5L turbo oil dilution - warm climate helps; confirm it is not the turbo trim
23.4,2020,Toyota,Corolla,SE Nightshade 4dr Sedan (2.0L 4cyl CVT),18201,10600,1,False,https://www.carfax.com/VehicleHistory/p/Report.cfx?vin=5YFS4RCE6LP030395&partner=FRD_2,7435,9325,594,1831,72091,80091,0.6900000000000001,17892,-309,Black,sedan,dealer,Toyota of Hemet,Hemet,auto.dev,0.0,308,3,2026-09-23,4,384,False,https://www.toyotahemet.com/viewdetails/used/5yfs4rce6lp030395/2020-toyota-corolla-4dr-car?type=finance,
23.1,2019,Subaru,Crosstrek,Hybrid 4dr SUV AWD (2.0L 4cyl gas/electric plug-in hybrid CV,19797,9584,,False,https://www.carfax.com/VehicleHistory/p/Report.cfx?vin=JF2GTDNCXKH332341&partner=FRD_2,6145,8488,571,1965,74231,82231,0.6900000000000001,17609,-2188,Blue,small_suv,dealer,Hello Subaru of Temecula,Temecula,auto.dev,27.0,284,7,2026-09-20,7,170,False,https://www.autolist.com/subaru-xv+crosstrek#vin=JF2GTDNCXKH332341,
22.9,2018,Honda,Accord,Sport 4dr Sedan (1.5L 4cyl Turbo CVT),14629,9044,0,False,https://www.carfax.com/VehicleHistory/p/Report.cfx?vin=1HGCV1F35JA087297&partner=FRD_2,4285,6898,1221,1531,138464,146464,0.46499999999999997,15056,427,Gray,sedan,dealer,Carz Land,San Diego,auto.dev,0.0,1881,6,2026-09-23,4,0,False,https://www.carfax.com/vehicle/1HGCV1F35JA087297,1.5L turbo oil dilution - warm climate helps; confirm it is not the turbo trim
22.5,2018,Toyota,Camry,L 4dr Sedan (2.5L 4cyl 8A),16840,9050,,False,https://www.carfax.com/VehicleHistory/p/Report.cfx?vin=4T1B11HK0JU575190&partner=FRD_2,4803,7279,981,1717,106447,114447,0.6000000000000001,16375,-465,White,sedan,dealer,World Auto Sales,San Diego,auto.dev,0.0,741,8,2026-09-20,7,0,False,https://www.autolist.com/toyota-camry#vin=4T1B11HK0JU575190,
22.4,2016,Mazda,CX-5,Touring 4dr SUV (2.5L 4cyl 6A),13998,9531,,False,https://www.carfax.com/VehicleHistory/p/Report.cfx?vin=JM3KE2CY9G0740378&partner=FRD_2,5013,7628,1098,1478,113060,121060,0.46499999999999997,14016,18,White,small_suv,dealer,CC Auto Group,San Diego,auto.dev,9.6,510,5,2026-09-26,1,0,False,https://www.autolist.com/mazda-cx+5#vin=JM3KE2CY9G0740378,
22.4,2019,Volkswagen,Jetta,1.4T SE ULEV 4dr Sedan (1.4L 4cyl Turbo 8A),14495,9008,1,False,https://www.carfax.com/VehicleHistory/p/Report.cfx?vin=3VWCB7BU0KM201037&partner=FRD_2,5666,7218,792,1520,89880,97880,0.6900000000000001,12654,-1841,Black,sedan,dealer,Car Unlimited,Chula Vista,auto.dev,0.0,548,11,2026-09-20,7,0,False,https://www.carfax.com/vehicle/3VWCB7BU0KM201037,
22.4,2019,Toyota,Camry,LE 4dr Sedan (2.5L 4cyl 8A),19998,10619,0,False,https://www.carfax.com/VehicleHistory/p/Report.cfx?vin=4T1B11HK4KU759453&partner=FRD_2,5542,9158,769,1982,122346,130346,0.46499999999999997,16171,-3827,Black,sedan,dealer,Toyota of Escondido,Escondido,auto.dev,45.0,395,6,2026-09-25,2,0,False,https://www.autolist.com/toyota-camry#vin=4T1B11HK4KU759453,
22.4,2023,Honda,HR-V,,19999,10577,1,False,https://www.carfax.com/VehicleHistory/p/Report.cfx?vin=3CZRZ1H36PM739831&partner=FRD_2,7515,9685,373,1982,28085,36085,0.75,19716,-283,Platinum White Pearl,small_suv,dealer,ariana motors,Temecula,auto.dev,0.0,686,3,2026-09-20,7,0,False,https://www.arianamotorsonline.com/pre-owned-cars/detail/x/1556939,
22.3,2019,Volkswagen,Jetta,1.4T S 4dr Sedan (1.4L 4cyl Turbo 8A),11682,9118,1,False,https://www.carfax.com/VehicleHistory/p/Report.cfx?vin=3VWC57BU6KM219744&partner=FRD_2,5334,7013,962,1283,112635,120635,0.46499999999999997,11075,-607,Platinum Gray Meta,sedan,dealer,AutoNation Volkswagen Carlsbad,Carlsbad,auto.dev,0.0,548,11,2026-09-20,7,0,False,https://bmwencinitas.com/used/Volkswagen/2019-Volkswagen-Jetta-abb980e7ac1817c99dfd0f5c9460885c.htm,
22.2,2019,Mazda,CX-3,Touring 4dr SUV AWD (2.0L 4cyl 6A),13868,10030,1,False,https://www.carfax.com/VehicleHistory/p/Report.cfx?vin=JM1DKFC70K0453674&partner=FRD_2,6216,8222,941,1467,114926,122926,0.46499999999999997,14722,854,Silver,small_suv,dealer,Team Mazda of El Cajon,El Cajon,auto.dev,6.8,27,2,2026-09-20,7,0,False,https://www.autolist.com/mazda-cx+3#vin=JM1DKFC70K0453674,
22.2,2023,Kia,Niro,,19991,8950,0,True,https://www.carfax.com/VehicleHistory/p/Report.cfx?vin=KNDCR3LE2P5048169&partner=FRD_2,5540,8005,456,1981,71006,79006,0.75,17869,-2122,Snow White Pearl,small_suv,dealer,dch kia of temecula,Temecula,auto.dev,0.0,44,2,2026-09-23,4,0,False,https://dchkiaoftemecula.com/certified/Kia/2023-Kia-Niro-serving-temecula-ca-3a5fcbd6ac181da0dd1bebc3d91527c0.htm,
22.1,2018,Toyota,Camry,L 4dr Sedan (2.5L 4cyl 8A),15088,10328,1,False,https://www.carfax.com/VehicleHistory/p/Report.cfx?vin=4T1B11HK7JU521675&partner=FRD_2,5864,8238,1109,1569,123484,131484,0.46499999999999997,15476,388,Gray,sedan,dealer,Cars For Less,San Diego,auto.dev,0.0,741,8,2026-09-22,5,0,False,https://www.carfax.com/vehicle/4T1B11HK7JU521675,
22.1,2020,Toyota,Corolla,LE 4dr Sedan (1.8L 4cyl CVT),16680,10668,1,True,https://www.carfax.com/VehicleHistory/p/Report.cfx?vin=JTDEPRAE1LJ053286&partner=FRD_2,7118,9146,797,1703,99255,107255,0.6000000000000001,16221,-459,White,sedan,dealer,Toyota Chula Vista,Chula Vista,auto.dev,0.0,308,3,2026-09-25,2,0,False,https://www.carfax.com/vehicle/JTDEPRAE1LJ053286,
22.0,2019,Honda,Insight,EX 4dr Sedan (1.5L 4cyl gas/electric hybrid CVT),13998,9526,1,False,https://www.carfax.com/VehicleHistory/p/Report.cfx?vin=19XZE4F59KE021846&partner=FRD_2,5357,7584,1047,1478,123954,131954,0.46499999999999997,13998,0,Unspecified,sedan,dealer,Top Notch Auto Sales,Temecula,auto.dev,0.0,98,8,2026-09-20,7,0,False,https://www.tna.la/pre-owned-cars/detail/x/1573859,
21.9,2022,Honda,Civic,LX 4dr Sedan (2.0L 4cyl CVT),13915,9567,0,True,https://www.carfax.com/VehicleHistory/p/Report.cfx?vin=2HGFE2F20NH544521&partner=FRD_2,3958,7615,1099,1471,157171,165171,0.26249999999999996,15731,1816,Platinum White Pearl,sedan,dealer,Lexus Escondido,Escondido,auto.dev,0.0,881,4,2026-09-25,2,0,False,https://www.autolist.com/honda-civic#vin=2HGFE2F20NH544521,1.5L turbo oil dilution - warm climate helps; confirm it is not the turbo trim
21.8,2017,Honda,CR-V,Touring 4dr SUV AWD (1.5L 4cyl Turbo CVT),19680,9582,,False,https://www.carfax.com/VehicleHistory/p/Report.cfx?vin=5J6RW2H90HL000251&partner=FRD_2,5467,8377,796,1955,83950,91950,0.6900000000000001,18124,-1556,White,small_suv,dealer,Auto City,El Cajon,auto.dev,16.4,1768,7,2026-09-23,4,0,False,https://www.autolist.com/honda-cr+v#vin=5J6RW2H90HL000251,1.5L turbo oil dilution - warm climate helps; confirm it is not the turbo trim
21.8,2017,Honda,CR-V,Touring 4dr SUV (1.5L 4cyl Turbo CVT),15905,9571,,False,https://www.carfax.com/VehicleHistory/p/Report.cfx?vin=5J6RW1H91HL013939&partner=FRD_2,4584,7824,1087,1638,126859,134859,0.46499999999999997,15594,-311,Black,small_suv,dealer,Paradise Automotive Group,San Juan Capistrano,auto.dev,16.4,1768,7,2026-09-22,5,0,False,https://www.autolist.com/honda-cr+v#vin=5J6RW1H91HL013939,1.5L turbo oil dilution - warm climate helps; confirm it is not the turbo trim
21.7,2019,Mazda,CX-5,Touring 4dr SUV (2.5L 4cyl 6A),18080,9204,0,False,https://www.carfax.com/VehicleHistory/p/Report.cfx?vin=JM3KFACM0K0695733&partner=FRD_2,5685,7818,709,1821,78722,86722,0.6900000000000001,18011,-69,Gray,small_suv,dealer,Ken Grody Ford Carlsbad,Carlsbad,auto.dev,0.0,270,2,2026-09-20,7,805,False,https://www.autolist.com/mazda-cx+5#vin=JM3KFACM0K0695733,2.5L oil-consumption reports at low mileage
21.7,2020,Toyota,Corolla,SE Nightshade 4dr Sedan (2.0L 4cyl CVT),19985,8990,,False,https://www.carfax.com/VehicleHistory/p/Report.cfx?vin=5YFS4RCE7LP037923&partner=FRD_2,5539,8003,578,1981,69929,77929,0.75,18025,-1960,Silver,sedan,dealer,Value Cars Inc,National City,auto.dev,0.0,308,3,2026-09-20,7,0,False,https://www.autolist.com/toyota-corolla#vin=5YFS4RCE7LP037923,
21.6,2017,Honda,CR-V,EX-L 4dr SUV (1.5L 4cyl Turbo CVT),16075,9628,0,False,https://www.carfax.com/VehicleHistory/p/Report.cfx?vin=2HKRW1H85HH509523&partner=FRD_2,4623,7899,1078,1652,125612,133612,0.46499999999999997,15668,-407,White,small_suv,dealer,Kearny Mesa CDJR,San Diego,auto.dev,16.4,1768,7,2026-09-26,1,0,False,https://www.carfax.com/vehicle/2HKRW1H85HH509523,1.5L turbo oil dilution - warm climate helps; confirm it is not the turbo trim
21.6,2018,Honda,CR-V,EX 4dr SUV (1.5L 4cyl Turbo CVT),18274,10511,1,True,https://www.carfax.com/VehicleHistory/p/Report.cfx?vin=2HKRW1H54JH515048&partner=FRD_2,6935,8911,869,1837,91322,99322,0.6900000000000001,18419,145,White,small_suv,dealer,Epiksun Motors,La Mesa,auto.dev,0.0,2141,5,2026-09-22,5,0,False,https://www.autolist.com/honda-cr+v#vin=2HKRW1H54JH515048,1.5L turbo oil dilution - warm climate helps; confirm it is not the turbo trim
21.6,2018,Honda,CR-V,LX 4dr SUV (2.4L 4cyl CVT),18998,9062,0,True,https://www.carfax.com/VehicleHistory/p/Report.cfx?vin=2HKRW5H35JH417278&partner=FRD_2,5308,7646,810,1898,83515,91515,0.6900000000000001,18879,-119,Obsidian Blue Pearl,small_suv,dealer,CarMax Murrieta,Murrieta,auto.dev,0.0,2141,5,2026-09-20,7,0,False,https://www.autolist.com/honda-cr+v#vin=2HKRW5H35JH417278,1.5L turbo oil dilution - warm climate helps; confirm it is not the turbo trim
21.3,2017,Honda,CR-V,,19991,9678,0,False,https://www.carfax.com/VehicleHistory/p/Report.cfx?vin=5J6RW2H51HL067955&partner=FRD_2,5540,8497,788,1981,82689,90689,0.6900000000000001,18198,-1793,Gray,small_suv,dealer,dch kia of temecula,Temecula,auto.dev,16.4,1768,7,2026-09-20,7,0,False,https://dchkiaoftemecula.com/used/Honda/2017-Honda-CR-V-serving-temecula-ca-b5f5912aac1812be80b66b4f3c5e4925.htm,1.5L turbo oil dilution - warm climate helps; confirm it is not the turbo trim
21.2,2019,Mazda,CX-5,Grand Touring 4dr SUV (2.5L 4cyl 6A),18080,10305,1,False,https://www.carfax.com/VehicleHistory/p/Report.cfx?vin=JM3KFADM0K1634942&partner=FRD_2,6870,8825,741,1821,83011,91011,0.6900000000000001,17756,-324,Gray,small_suv,dealer,Pedder Nissan,Hemet,auto.dev,0.0,270,2,2026-09-20,7,0,False,https://peddernissan.com/inventory/Used-2019-Mazda-CX-5-Grand_Touring-JM3KFADM0K1634942-1749,2.5L oil-consumption reports at low mileage
21.2,2023,Kia,Niro,LX 4dr SUV (1.6L 4cyl gas/electric hybrid 6AM),16550,9178,,False,https://www.carfax.com/VehicleHistory/p/Report.cfx?vin=KNDCP3LE6P5070021&partner=FRD_2,5545,7830,620,1692,93078,101078,0.6000000000000001,16655,105,,small_suv,dealer,SB Motors,San Diego,auto.dev,0.0,44,2,2026-09-20,7,0,False,https://www.autolist.com/kia-niro#vin=KNDCP3LE6P5070021,
21.2,2017,Toyota,Prius Prime,Plus 4dr Hatchback (1.8L 4cyl gas/electric plug-in hybrid CV,14024,10154,0,False,https://www.carfax.com/VehicleHistory/p/Report.cfx?vin=JTDKARFP6H3042018&partner=FRD_2,3957,7998,1379,1480,150983,158983,0.315,14024,0,Blue,hatchback,dealer,Premier Kia Carlsbad,Carlsbad,auto.dev,0.0,143,,2026-09-25,2,0,False,https://www.carfax.com/vehicle/JTDKARFP6H3042018,
21.0,2019,Volkswagen,Jetta,1.4T SEL Premium 4dr Sedan (1.4L 4cyl Turbo 8A),16985,9759,1,False,https://www.carfax.com/VehicleHistory/p/Report.cfx?vin=3VWG57BU5KM205433&partner=FRD_2,6502,8334,579,1729,61354,69354,0.75,14634,-2351,Silver/Gray,sedan,dealer,AutoNation Volkswagen Carlsbad,Carlsbad,auto.dev,0.0,548,11,2026-09-23,4,0,False,https://bmwencinitas.com/used/Volkswagen/2019-Volkswagen-Jetta-c579652cac184e0e3aa6268ca1ac6400.htm,
20.9,2016,Mazda,CX-3,Touring 4dr SUV AWD (2.0L 4cyl 6A),12988,9093,0,False,https://www.carfax.com/VehicleHistory/p/Report.cfx?vin=JM1DKBC73G0110096&partner=FRD_2,4699,7119,1204,1393,118800,126800,0.46499999999999997,12409,-579,Silver,small_suv,dealer,"Bahia Auto Sales, Inc.",Chula Vista,auto.dev,0.0,48,3,2026-09-27,0,0,False,https://www.carfax.com/vehicle/JM1DKBC73G0110096,
20.9,2018,Toyota,Camry,L 4dr Sedan (2.5L 4cyl 8A),16998,9138,0,False,https://www.carfax.com/VehicleHistory/p/Report.cfx?vin=4T1B11HK8JU025784&partner=FRD_2,4840,7340,1015,1730,111000,119000,0.6000000000000001,16135,-863,Blue,sedan,dealer,Kearny Mesa Toyota,San Diego,auto.dev,0.0,741,8,2026-09-20,7,0,False,https://www.autolist.com/toyota-camry#vin=4T1B11HK8JU025784,
20.8,2020,Toyota,Corolla,SE Nightshade 4dr Sedan (2.0L 4cyl CVT),18890,9346,,False,https://www.carfax.com/VehicleHistory/p/Report.cfx?vin=5YFS4RCE6LP041607&partner=FRD_2,5902,8134,649,1889,79459,87459,0.6900000000000001,17439,-1451,Silver,sedan,dealer,Lexus Carlsbad,Carlsbad,auto.dev,0.0,308,3,2026-09-20,7,0,False,https://www.autolist.com/toyota-corolla#vin=5YFS4RCE6LP041607,
20.8,2018,Toyota,Camry,L 4dr Sedan (2.5L 4cyl 8A),14999,10380,1,False,https://www.carfax.com/VehicleHistory/p/Report.cfx?vin=4T1B11HK6JU528875&partner=FRD_2,5835,8194,1201,1562,135909,143909,0.46499999999999997,14821,-178,Unspecified,sedan,dealer,Sammy J Auto Sales & Rental LLC,San Diego,auto.dev,0.0,741,8,2026-09-22,5,0,False,https://www.carfax.com/vehicle/4T1B11HK6JU528875,
20.6,2019,Toyota,RAV4,LE 4dr SUV (2.5L 4cyl 8A),19070,9171,0,False,https://www.carfax.com/VehicleHistory/p/Report.cfx?vin=2T3H1RFV3KC007483&partner=FRD_2,5070,7933,913,1904,106066,114066,0.76,18507,-563,Gray,small_suv,dealer,Legacy Cars,El Cajon,auto.dev,0.0,878,7,2026-09-20,7,0,False,https://www.legacycarsinc.com/pre-owned-cars/detail/x/1587182,"First year XA50: transmission shudder/loss of propulsion, coolant bypass valve, liftgate hinges"
20.5,2017,Volkswagen,Golf,TSI S 4dr Wagon AWD (1.8L 4cyl Turbo 6AM),15626,10140,1,False,https://www.carfax.com/VehicleHistory/p/Report.cfx?vin=3VWH17AU7HM532099&partner=FRD_2,6493,8428,807,1615,74386,82386,0.6900000000000001,13808,-1818,Blue,small_suv,dealer,Chula Vista KIA,Chula Vista,auto.dev,0.0,189,5,2026-09-20,7,0,False,https://www.carfax.com/vehicle/3VWH17AU7HM532099,Timing-chain tensioner and DSG mechatronic history; parts cost more
20.5,2018,Honda,Accord,LX 4dr Sedan (1.5L 4cyl Turbo CVT),18975,9234,0,False,https://www.carfax.com/VehicleHistory/p/Report.cfx?vin=1HGCV1F1XJA243039&partner=FRD_2,5302,7638,869,1896,91397,99397,0.6900000000000001,17509,-1466,White,sedan,dealer,Vista Auto Sales,Vista,auto.dev,0.0,1881,6,2026-09-23,4,0,False,https://www.carfax.com/vehicle/1HGCV1F1XJA243039,1.5L turbo oil dilution - warm climate helps; confirm it is not the turbo trim
20.4,2018,Honda,Accord,LX 4dr Sedan (1.5L 4cyl Turbo CVT),18998,9243,,False,https://www.carfax.com/VehicleHistory/p/Report.cfx?vin=1HGCV1F14JA004859&partner=FRD_2,5308,7646,871,1898,91713,99713,0.6900000000000001,17493,-1505,White,sedan,dealer,CarMax Irvine,Irvine,auto.dev,0.0,1881,6,2026-09-26,1,0,False,https://www.autolist.com/honda-accord#vin=1HGCV1F14JA004859,1.5L turbo oil dilution - warm climate helps; confirm it is not the turbo trim
20.3,2018,Toyota,Camry,SE 4dr Sedan (2.5L 4cyl 8A),17950,11576,2,True,https://www.carfax.com/VehicleHistory/p/Report.cfx?vin=JTNB11HK7J3036166&partner=FRD_2,7602,9791,909,1810,96699,104699,0.6000000000000001,16889,-1061,Celestial Silver Metallic,sedan,dealer,ZAS Motors,San Diego,auto.dev,0.0,741,8,2026-09-23,4,0,False,https://www.autolist.com/toyota-camry#vin=JTNB11HK7J3036166,
20.3,2017,Honda,CR-V,LX 4dr SUV (2.4L 4cyl CVT),16488,11109,1,True,https://www.carfax.com/VehicleHistory/p/Report.cfx?vin=7FARW5H38HE007006&partner=FRD_2,6335,9295,1089,1687,127237,135237,0.46499999999999997,15572,-916,Black,small_suv,dealer,Cars For Less,San Diego,auto.dev,16.4,1768,7,2026-09-20,7,0,False,https://www.autolist.com/honda-cr+v#vin=7FARW5H38HE007006,1.5L turbo oil dilution - warm climate helps; confirm it is not the turbo trim
19.9,2020,Toyota,Corolla,SE Nightshade 4dr Sedan (2.0L 4cyl CVT),15835,9962,,False,https://www.carfax.com/VehicleHistory/p/Report.cfx?vin=JTDS4RCE0LJ017372&partner=FRD_2,5728,8311,919,1632,115593,123593,0.46499999999999997,15215,-620,White,sedan,dealer,King Auto Sales Inc.,El Cajon,auto.dev,0.0,308,3,2026-09-22,5,0,False,https://www.autolist.com/toyota-corolla#vin=JTDS4RCE0LJ017372,
19.8,2020,Toyota,Corolla,XSE 4dr Sedan (2.0L 4cyl CVT),15579,10203,1,True,https://www.carfax.com/VehicleHistory/p/Report.cfx?vin=5YFT4RCE9LP021596&partner=FRD_2,6030,8485,956,1611,120550,128550,0.46499999999999997,14910,-669,Blue,sedan,dealer,Old Town Motors,Temecula,auto.dev,0.0,308,3,2026-09-23,4,0,False,https://www.carfax.com/vehicle/5YFT4RCE9LP021596,
19.8,2018,Honda,Accord,Sport 4dr Sedan (1.5L 4cyl Turbo CVT),15488,10633,1,False,https://www.carfax.com/VehicleHistory/p/Report.cfx?vin=1HGCV1F31JA212781&partner=FRD_2,5999,8439,1228,1603,139436,147436,0.46499999999999997,15005,-483,White,sedan,dealer,Cars For Less,San Diego,auto.dev,0.0,1881,6,2026-09-23,4,0,False,https://www.autolist.com/honda-accord#vin=1HGCV1F31JA212781,1.5L turbo oil dilution - warm climate helps; confirm it is not the turbo trim
19.7,2018,Honda,CR-V,EX-L 4dr SUV w/Navigation (1.5L 4cyl Turbo CVT),19547,10980,1,False,https://www.carfax.com/VehicleHistory/p/Report.cfx?vin=5J6RW1H88JA004731&partner=FRD_2,7363,9482,816,1944,84246,92246,0.6900000000000001,18836,-711,Gray,small_suv,dealer,Lake Elsinore Honda,Lake Elsinore,auto.dev,0.0,2141,5,2026-09-22,5,198,False,https://www.carfax.com/vehicle/5J6RW1H88JA004731,1.5L turbo oil dilution - warm climate helps; confirm it is not the turbo trim
19.6,2018,Honda,CR-V,EX 4dr SUV (1.5L 4cyl Turbo CVT),18495,11688,1,False,https://www.carfax.com/VehicleHistory/p/Report.cfx?vin=2HKRW1H51JH520403&partner=FRD_2,7810,10067,885,1856,93482,101482,0.6000000000000001,18291,-204,White,small_suv,dealer,Honda of Escondido,Escondido,auto.dev,0.0,2141,5,2026-09-20,7,0,False,https://www.autolist.com/honda-cr+v#vin=2HKRW1H51JH520403,1.5L turbo oil dilution - warm climate helps; confirm it is not the turbo trim
19.5,2020,Toyota,Corolla,SE Nightshade 4dr Sedan (2.0L 4cyl CVT),18006,9803,0,True,https://www.carfax.com/VehicleHistory/p/Report.cfx?vin=JTDS4RCE2LJ020502&partner=FRD_2,5961,8455,763,1815,94733,102733,0.6000000000000001,16499,-1507,White,sedan,dealer,Temecula Valley Toyota,Temecula,auto.dev,0.0,308,3,2026-09-23,4,74,False,https://www.autolist.com/toyota-corolla#vin=JTDS4RCE2LJ020502,
19.0,2018,Honda,CR-V,EX 4dr SUV (1.5L 4cyl Turbo CVT),18400,9417,0,False,https://www.carfax.com/VehicleHistory/p/Report.cfx?vin=2HKRW1H54JH511145&partner=FRD_2,5168,7882,936,1848,100343,108343,0.6000000000000001,17887,-513,Black,small_suv,dealer,Kia of Irvine,Irvine,auto.dev,0.0,2141,5,2026-09-22,5,500,False,https://www.kiaofirvine.com/viewdetails/used/2hkrw1h54jh511145/2018-honda-cr-v-sport-utility?type=cash,1.5L turbo oil dilution - warm climate helps; confirm it is not the turbo trim
18.8,2019,Mazda,CX-5,Grand Touring 4dr SUV (2.5L 4cyl 6A),18998,10699,1,True,https://www.carfax.com/VehicleHistory/p/Report.cfx?vin=JM3KFADM8K1529887&partner=FRD_2,7178,9236,760,1898,85540,93540,0.6900000000000001,17606,-1392,Jet Black Mica,small_suv,dealer,CarMax Kearny Mesa,San Diego,auto.dev,0.0,270,2,2026-09-23,4,0,False,https://www.autolist.com/mazda-cx+5#vin=JM3KFADM8K1529887,2.5L oil-consumption reports at low mileage
18.8,2019,Volkswagen,Jetta,1.4T SEL Premium w/CWP 4dr Sedan (1.4L 4cyl Turbo 8A),12998,8872,,False,https://www.carfax.com/VehicleHistory/p/Report.cfx?vin=3VWG57BU4KM006731&partner=FRD_2,4702,6834,1001,1394,117753,125753,0.46499999999999997,10719,-2279,Gray,sedan,dealer,CarMax Kearny Mesa,San Diego,auto.dev,0.0,548,11,2026-09-25,2,0,False,https://www.autolist.com/volkswagen-jetta#vin=3VWG57BU4KM006731,
18.5,2018,Honda,Accord,4dr Sedan (2.0L 4cyl gas/electric hybrid CVT),19018,12073,1,False,https://www.carfax.com/VehicleHistory/p/Report.cfx?vin=1HGCV3F13JA010146&partner=FRD_2,8009,10333,904,1900,96033,104033,0.6000000000000001,17268,-1750,Gray,sedan,dealer,Legacy Cars,El Cajon,auto.dev,0.0,1881,6,2026-09-24,3,61,False,https://www.legacycarsinc.com/pre-owned-cars/detail/x/1569307,1.5L turbo oil dilution - warm climate helps; confirm it is not the turbo trim
18.4,2018,Honda,CR-V,EX-L 4dr SUV w/Navigation (1.5L 4cyl Turbo CVT),18969,11920,1,True,https://www.carfax.com/VehicleHistory/p/Report.cfx?vin=5J6RW1H84JA001745&partner=FRD_2,7990,10307,895,1895,94911,102911,0.6000000000000001,18207,-762,Silver,small_suv,dealer,Jerry Seiner Honda San Juan Capistrano,San Juan Capistrano,auto.dev,0.0,2141,5,2026-09-22,5,804,False,https://www.autolist.com/honda-cr+v#vin=5J6RW1H84JA001745,1.5L turbo oil dilution - warm climate helps; confirm it is not the turbo trim
18.0,2019,Subaru,Crosstrek,2.0i Limited 4dr SUV AWD (2.0L 4cyl CVT),13988,10561,1,False,https://www.carfax.com/VehicleHistory/p/Report.cfx?vin=JF2GTAMC7KH218197&partner=FRD_2,5354,8590,1063,1477,152036,160036,0.26249999999999996,12175,-1813,Blue,small_suv,dealer,"Bahia Auto Sales, Inc.",Chula Vista,auto.dev,27.0,284,7,2026-09-25,2,0,False,https://www.carfax.com/vehicle/JF2GTAMC7KH218197,
17.9,2018,Honda,CR-V,EX 4dr SUV (1.5L 4cyl Turbo CVT),16998,10717,0,True,https://www.carfax.com/VehicleHistory/p/Report.cfx?vin=5J6RW1H51JA009839&partner=FRD_2,6090,8870,1080,1730,119640,127640,0.46499999999999997,16749,-249,Obsidian Blue Pearl,small_suv,dealer,CarMax Escondido,Escondido,auto.dev,0.0,2141,5,2026-09-20,7,0,False,https://www.autolist.com/honda-cr+v#vin=5J6RW1H51JA009839,1.5L turbo oil dilution - warm climate helps; confirm it is not the turbo trim
17.8,2018,Toyota,Camry,L 4dr Sedan (2.5L 4cyl 8A),13384,10814,1,False,https://www.carfax.com/VehicleHistory/p/Report.cfx?vin=JTNB11HK2J3025835&partner=FRD_2,5151,8242,1445,1426,168497,176497,0.26249999999999996,13103,-281,Blue,sedan,dealer,Temecula Valley Toyota,Temecula,auto.dev,0.0,741,8,2026-09-25,2,0,False,https://www.carfax.com/vehicle/JTNB11HK2J3025835,
17.8,2018,Honda,CR-V,EX-L 4dr SUV (1.5L 4cyl Turbo CVT),19964,9432,,False,https://www.carfax.com/VehicleHistory/p/Report.cfx?vin=7FARW1H86JE056263&partner=FRD_2,5534,7995,873,1979,91866,99866,0.6900000000000001,18387,-1577,Gray,small_suv,dealer,DCH Honda Mission Valley,San Diego,auto.dev,0.0,2141,5,2026-09-20,7,12,False,https://www.autolist.com/honda-cr+v#vin=7FARW1H86JE056263,1.5L turbo oil dilution - warm climate helps; confirm it is not the turbo trim
17.7,2023,Honda,CR-V,Sport Touring Hybrid 4dr SUV AWD (2.0L 4cyl gas/electric hyb,19997,12425,0,True,https://www.carfax.com/VehicleHistory/p/Report.cfx?vin=7FARS6H96PE015383&partner=FRD_2,5542,10802,900,1982,178841,186841,0.26249999999999996,16905,-3092,Crystal Black Pearl,small_suv,dealer,Toyota of El Cajon,El Cajon,auto.dev,50.0,,,2026-09-25,2,0,False,https://www.carfax.com/vehicle/7FARS6H96PE015383,
17.6,2018,Toyota,Camry,L 4dr Sedan (2.5L 4cyl 8A),16990,11192,1,False,https://www.carfax.com/VehicleHistory/p/Report.cfx?vin=4T1B11HK3JU041293&partner=FRD_2,6503,9191,1093,1729,121411,129411,0.46499999999999997,15586,-1404,Gray,sedan,dealer,AutoNation Toyota Irvine,Irvine,auto.dev,0.0,741,8,2026-09-22,5,0,False,https://www.carfax.com/vehicle/4T1B11HK3JU041293,
17.4,2019,Subaru,Crosstrek,2.0i Limited 4dr SUV AWD (2.0L 4cyl CVT),17750,11203,1,False,https://www.carfax.com/VehicleHistory/p/Report.cfx?vin=JF2GTAMC5K8325510&partner=FRD_2,6759,9571,953,1793,134628,142628,0.46499999999999997,13391,-4359,Gray,small_suv,dealer,Perry Ford National City,National City,auto.dev,27.0,284,7,2026-09-20,7,0,False,https://www.autolist.com/subaru-xv+crosstrek#vin=JF2GTAMC5K8325510,
17.4,2018,Toyota,Camry,L 4dr Sedan (2.5L 4cyl 8A),14497,11509,0,True,https://www.carfax.com/VehicleHistory/p/Report.cfx?vin=4T1B11HK4JU142469&partner=FRD_2,5842,9098,1305,1520,149722,157722,0.26249999999999996,14093,-404,Gray,sedan,dealer,AutoNation Toyota Irvine,Irvine,auto.dev,0.0,741,8,2026-09-27,0,0,False,https://www.carfax.com/vehicle/4T1B11HK4JU142469,
17.3,2023,Kia,Niro,EX Touring 4dr SUV (1.6L 4cyl gas/electric hybrid 6AM),16710,10701,1,True,https://www.carfax.com/VehicleHistory/p/Report.cfx?vin=KNDCR3LE1P5056456&partner=FRD_2,6410,9051,851,1706,124034,132034,0.46499999999999997,14953,-1757,Black,small_suv,dealer,Total Cars,San Diego,auto.dev,0.0,44,2,2026-09-20,7,0,False,https://www.carfax.com/vehicle/KNDCR3LE1P5056456,
17.1,2017,Honda,CR-V,EX-L 4dr SUV w/Navigation (1.5L 4cyl Turbo CVT),14168,10454,,False,https://www.carfax.com/VehicleHistory/p/Report.cfx?vin=2HKRW1H8XHH511784&partner=FRD_2,4177,8196,1372,1492,168976,176976,0.26249999999999996,13111,-1057,White,small_suv,dealer,LDA Motors,Perris,auto.dev,16.4,1768,7,2026-09-25,2,0,False,https://www.autolist.com/honda-cr+v#vin=2HKRW1H8XHH511784,1.5L turbo oil dilution - warm climate helps; confirm it is not the turbo trim
16.8,2022,Honda,Civic,Sport 4dr Sedan (2.0L 4cyl CVT),18773,10040,0,False,https://www.carfax.com/VehicleHistory/p/Report.cfx?vin=2HGFE2F52NH501521&partner=FRD_2,5255,8642,852,1879,124161,132161,0.46499999999999997,17404,-1369,Black,sedan,dealer,Jerry Seiner Honda San Juan Capistrano,San Juan Capistrano,auto.dev,0.0,881,4,2026-09-24,3,196,False,https://www.carfax.com/vehicle/2HGFE2F52NH501521,1.5L turbo oil dilution - warm climate helps; confirm it is not the turbo trim
16.8,2018,Honda,Accord,Touring 4dr Sedan (1.5L 4cyl Turbo CVT),17905,11210,,False,https://www.carfax.com/VehicleHistory/p/Report.cfx?vin=1HGCV1F9XJA126258&partner=FRD_2,6371,9306,1053,1806,115979,123979,0.46499999999999997,16228,-1677,Gray,sedan,dealer,Paradise Automotive Group,San Juan Capistrano,auto.dev,0.0,1881,6,2026-09-20,7,0,False,https://www.autolist.com/honda-accord#vin=1HGCV1F9XJA126258,1.5L turbo oil dilution - warm climate helps; confirm it is not the turbo trim
16.7,2019,Mazda,CX-5,Signature 4dr SUV AWD (2.5L 4cyl Turbo 6A),19612,10986,1,True,https://www.carfax.com/VehicleHistory/p/Report.cfx?vin=JM3KFBEY7K0550260&partner=FRD_2,7384,9511,796,1949,90375,98375,0.6900000000000001,17318,-2294,White,small_suv,dealer,Toyota of El Cajon,El Cajon,auto.dev,0.0,270,2,2026-09-25,2,0,False,https://www.carfax.com/vehicle/JM3KFBEY7K0550260,2.5L oil-consumption reports at low mileage
16.6,2020,Toyota,Corolla,,19995,9223,0,False,https://www.carfax.com/VehicleHistory/p/Report.cfx?vin=5YFS4RCE2LP036100&partner=FRD_2,5541,8007,734,1982,90756,98756,0.6900000000000001,16744,-3251,White,sedan,dealer,ball auto pre owned center,National City,auto.dev,0.0,308,3,2026-09-24,3,0,False,https://www.ballauto.com/viewdetails/used/5yfs4rce2lp036100/2020-toyota-corolla-4dr-car?type=cash&amp;aid=73572,
15.9,2020,Toyota,Corolla,SE 4dr Sedan (2.0L 4cyl CVT),18995,9426,0,True,https://www.carfax.com/VehicleHistory/p/Report.cfx?vin=5YFS4RCE6LP011796&partner=FRD_2,5307,8113,822,1898,102554,110554,0.6000000000000001,16018,-2977,Super White,sedan,dealer,SD Mission Auto Sales,Vista,auto.dev,0.0,308,3,2026-09-20,7,0,False,https://www.autolist.com/toyota-corolla#vin=5YFS4RCE6LP011796,
15.6,2018,Honda,Accord,Touring 4dr Sedan (2.0L 4cyl Turbo 10A),17948,10189,,False,https://www.carfax.com/VehicleHistory/p/Report.cfx?vin=1HGCV2F96JA018838&partner=FRD_2,5062,8295,1113,1810,124030,132030,0.46499999999999997,15808,-2140,Gray,sedan,dealer,DCH Honda Mission Valley,San Diego,auto.dev,0.0,1881,6,2026-09-20,7,17,False,https://www.lithia.com/catcher.esl?vin=1HGCV2F96JA018838&utm_source=autolist&utm_medium=referral&utm_campaign=vdp_deep_link,1.5L turbo oil dilution - warm climate helps; confirm it is not the turbo trim
15.5,2019,Mazda,CX-5,Grand Touring 4dr SUV AWD (2.5L 4cyl 6A),19391,12040,2,True,https://www.carfax.com/VehicleHistory/p/Report.cfx?vin=JM3KFBDM3K0647521&partner=FRD_2,8151,10522,816,1931,93016,101016,0.6000000000000001,17162,-2229,Snowflake White Pearl Mica,small_suv,dealer,Hello Mazda of San Diego,San Diego,auto.dev,0.0,270,2,2026-09-22,5,0,False,https://www.autolist.com/mazda-cx+5#vin=JM3KFBDM3K0647521,2.5L oil-consumption reports at low mileage
15.5,2022,Honda,Civic,Sport 4dr Sedan (2.0L 4cyl CVT),18744,10114,0,False,https://www.carfax.com/VehicleHistory/p/Report.cfx?vin=2HGFE2F50NH594832&partner=FRD_2,5248,8630,937,1876,135447,143447,0.46499999999999997,16832,-1912,Aegean Blue Metallic,sedan,dealer,Driveway,San Diego,auto.dev,0.0,881,4,2026-09-20,7,92,False,https://www.autolist.com/honda-civic#vin=2HGFE2F50NH594832,1.5L turbo oil dilution - warm climate helps; confirm it is not the turbo trim
15.2,2018,Toyota,Camry,XSE 4dr Sedan (2.5L 4cyl 8A),17075,9954,0,True,https://www.carfax.com/VehicleHistory/p/Report.cfx?vin=4T1B61HK1JU108314&partner=FRD_2,4857,7927,1208,1736,136813,144813,0.46499999999999997,14774,-2301,White,sedan,dealer,DCH Honda of Temecula,Temecula,auto.dev,0.0,741,8,2026-09-23,4,0,False,https://www.autolist.com/toyota-camry#vin=4T1B61HK1JU108314,
14.4,2019,Toyota,RAV4,Limited 4dr SUV (2.5L 4cyl 8A),18995,10104,0,True,https://www.carfax.com/VehicleHistory/p/Report.cfx?vin=JTMY1RFV8KD500622&partner=FRD_2,5054,8539,1178,1898,141568,149568,0.589,16786,-2209,Gray,small_suv,dealer,Good Guys Auto Sales,San Diego,auto.dev,0.0,878,7,2026-09-20,7,0,False,https://www.autolist.com/toyota-rav4#vin=JTMY1RFV8KD500622,"First year XA50: transmission shudder/loss of propulsion, coolant bypass valve, liftgate hinges"
14.1,2019,Toyota,RAV4,Limited 4dr SUV (2.5L 4cyl 8A),19990,12018,1,False,https://www.carfax.com/VehicleHistory/p/Report.cfx?vin=JTMY1RFV4KD512590&partner=FRD_2,7277,10509,1048,1981,124160,132160,0.589,17630,-2360,Silver,small_suv,dealer,Driveline Used Cars of Murrieta,Murrieta,auto.dev,0.0,878,7,2026-09-20,7,0,False,https://www.drivelineca.com/pre-owned-cars/detail/x/1550735,"First year XA50: transmission shudder/loss of propulsion, coolant bypass valve, liftgate hinges"
10.9,2023,Honda,HR-V,Sport 4dr SUV (2.0L 4cyl CVT),18951,10139,0,True,https://www.carfax.com/VehicleHistory/p/Report.cfx?vin=3CZRZ1H53PM722759&partner=FRD_2,5297,8717,884,1894,128442,136442,0.46499999999999997,15620,-3331,Crystal Black Pearl,small_suv,dealer,Hello Mazda of Temecula,Temecula,auto.dev,0.0,686,3,2026-09-22,5,342,False,https://www.autolist.com/honda-hr+v#vin=3CZRZ1H53PM722759,
